total_Mo,pic_intensite,ratio_actif,ratio_passif,ratio_upload,presence
-0.2972608824267568,-0.2646997504887676,0.036449927411537325,-0.0300670562730783,0.5657520076119799,0.7907181908840156
-0.2998416492872679,-0.27023032348001064,-0.1947031251002161,0.20120728187378273,0.5975845341371487,-1.6596600495516787
-0.29398610111102824,-0.26676346512223803,0.03644992757074752,-0.0300670562730783,-0.5325618941979299,0.7907181908840156
-0.12710552259582364,0.35442602870597373,0.03594769030953066,-0.02956455411180594,-1.143180788662609,0.7076545217167038
-0.28171839371518,-0.2575633068390292,0.027683927602970105,-0.021296434798501716,0.6946381879990076,0.7498785535434206
-0.2977821884268034,-0.26979753564296943,-0.1947031251002161,0.2012078597026673,0.43630175736486876,-1.6596600495516787
-0.10937984634042774,0.33263857785702794,0.03524054706882764,-0.02885703806587069,2.154393647805223,0.6245908525493922
-0.2701453369014561,-0.2679661597430685,-0.1947031251002161,0.20120786003485838,0.5975901041787258,-1.6596600495516787
-0.06857135108480134,1.221992526838892,0.029826789546241718,-0.02344042641791008,-1.339879793127177,0.5456803668404463
-0.28706026941425367,-0.2564221136476731,0.03644992763876219,-0.0300670562730783,-0.44475581190494906,0.7498785535434206
2.4764108264163682,0.2965827953700481,0.03644992769601387,-0.0300670562730783,0.3130263625805014,0.7907181908840156
-0.20085871228636212,-0.218844740238885,0.004225360933861113,0.002174499224262885,-0.48965261311847724,-0.638669116036806
-0.2970143832504078,-0.2668500226896463,0.03644992743635174,-0.0300670562730783,0.8328540707718068,-1.1695844014645398
0.03954827667713982,-0.14948935043766173,0.015020089731046828,-0.008625920532185312,-1.067442124021025,0.6245908525493922
0.5226211412498609,0.09416336832440625,-0.000646761451080916,0.007049190191218341,-1.3317372748313832,0.04314516837821069
-0.10759455617675402,0.021318341858197642,0.03644992769245441,-0.0300670562730783,-0.7075474486705053,0.7907181908840156
-0.2308206076557242,-0.22369196401374714,0.03644992768562687,-0.0300670562730783,-0.311941223022708,0.7907181908840156
-0.28069741002991494,-0.21308182851407237,0.036449927657877336,-0.0300670562730783,-0.9241216405559404,0.7907181908840156
0.20371386555451804,1.1056978793644618,-0.07855367874890415,0.08499717989622582,-1.2956588596862209,-0.6795087533774008
-0.2977573794774418,-0.2698225917809034,-0.1947031251002161,0.2012078597069136,0.6726875542536672,-1.6596600495516787
-0.2933980017857774,-0.22532061297945508,0.036449927582202266,-0.0300670562730783,-1.3752006392554241,0.7907181908840156
-0.28964358078239155,-0.2465363283173621,-0.013454104059813999,0.01986328474017592,-0.12927361208397728,-1.2921033134863245
-0.16745314390754068,-0.16380779435156378,-0.03694991456364303,0.04337148226596498,0.8457285299828471,-0.11682930557364886
0.9597230226555733,0.09807668150354776,0.03644992769569498,-0.0300670562730783,-1.5198741707232293,0.7907181908840156
-0.29610535790072323,-0.26777937762392434,-0.17430437473463212,0.18079835530720953,2.4279040927371547,-1.5329163474601772
-0.18447430961375835,-0.07310913069204242,-0.1493502948116904,0.15583111982190148,-0.5871781429953226,-0.9120870270458735
0.5015621600033193,0.3348161840265619,0.036250575493032,-0.02986759897257256,-1.2062897619052473,0.7076545217167038
-0.2761904508958945,-0.2578093125569264,0.03644992766519469,-0.0300670562730783,1.0563730840360348,0.7907181908840156
-0.2874260423856103,-0.1871578370753006,0.036449927637067885,-0.0300670562730783,0.7627056132692547,0.7907181908840156
0.4446024025863974,0.3628312240674593,0.02771027000109979,-0.021322791044705608,-0.9616113230064532,0.6661226871330481
-0.25800072006205577,-0.2623877523066787,0.0364499276787076,-0.0300670562730783,-0.7368280057079148,0.5048407294998513
-0.2836846619838119,-0.2606566009585137,0.036449927650777904,-0.0300670562730783,-0.29932352190711364,0.7907181908840156
-0.2867377530725531,-0.2681301635549999,0.03644992764017767,-0.0300670562730783,-0.3359340341112124,0.7498785535434206
-0.2939126284533035,-0.2673693680940958,0.005121219387617584,0.00127816835868876,0.22366786473018552,0.08467700296186642
-0.29168332170874817,-0.2393839398525749,0.03644992760617459,-0.0300670562730783,-1.1009001448046494,0.7907181908840156
-0.25944059331538744,-0.2611508902250292,0.03644992767808139,-0.0300670562730783,-1.1862932379745545,0.7907181908840156
-0.2998416492872679,-0.27023032348001064,-0.1947031251002161,0.20120728187378273,0.5975845341371487,-1.6596600495516787
0.19670629155023167,-0.1960459325496954,0.02259611955047864,-0.016205944422275055,-1.1125995628241743,0.6245908525493922
-0.26995386270253724,-0.08768952513889046,0.036449927671680614,-0.0300670562730783,-1.1755241682521298,0.7907181908840156
0.5431950757300383,0.17139549675978052,0.0364499276954066,-0.0300670562730783,-1.5455213913730967,0.7907181908840156
0.582287618654822,1.2597452932132178,0.03644992769544525,-0.0300670562730783,2.672642073413007,0.7907181908840156
-0.04254103806234307,0.2862346104033193,0.03644992769342128,-0.0300670562730783,-0.8220236254980295,0.7907181908840156
-0.2659624844264029,-0.2656359389152095,-0.1947031251002161,0.20120786003791644,0.6131733943793871,-1.6596600495516787
-0.29126856696557507,-0.2692144109783243,-0.1947031251002161,0.2012078599738373,0.5975901035908445,-1.6596600495516787
-0.1030653326009988,-0.1927476336652967,0.03644992769254244,-0.0300670562730783,-1.0519273079441138,0.7907181908840156
-0.29899814500897415,-0.26749237095304434,-0.1947031251002161,0.2012078591888641,0.5892010988674068,-1.6596600495516787
0.4472499627721127,-0.0039177447027505825,0.011429997154425647,-0.005033935263060924,-1.408009846540365,0.5456803668404463
-0.1743010500582436,-0.20785192917803685,0.036449927690422386,-0.0300670562730783,-1.1365682149707244,0.7907181908840156
0.3287274336413355,-0.15648912424412387,0.03644992769510904,-0.0300670562730783,1.0678660459492135,0.7907181908840156
-0.09933222184898768,0.8359252757215929,0.03644992769261199,-0.0300670562730783,-1.309350559859424,0.7907181908840156
0.32037794992735025,-0.15922252110964766,0.03644992769509331,-0.0300670562730783,1.1215966623446445,0.7907181908840156
0.9199774954610548,-0.16704003614504565,0.03550913792665242,-0.029125770521126148,-0.9354327944101732,0.7770289269709669
-0.2851875118009077,-0.2680914404327383,0.03644992764611199,-0.0300670562730783,2.0539396792349494,0.7907181908840156
-0.08996747959189774,-0.23672115573941044,0.036449927692775594,-0.0300670562730783,-0.446183070223923,0.6681992788622308
-0.2822536945071741,-0.2671051397304285,0.028466304740581694,-0.022079224405379873,1.6457534422386493,0.7076545217167038
-0.08273916955098393,0.7544427151603292,0.036031699763273015,-0.029648607854333674,-0.9842500411963554,0.36456545341693836
0.08933252258640467,-0.19341048240518627,0.033555361859666316,-0.027170964427670186,-1.184040143590919,0.7417106260753017
-0.2747690253228573,-0.2662281749027396,0.03644992766695682,-0.0300670562730783,-0.6069834411852577,0.7498785535434206
0.04617163002977512,0.016967685180572328,0.035593206396227456,-0.02920988331299276,-1.3994288455548942,0.5327836392592057
-0.26689949935998264,-0.26342416528485646,0.019845740248039156,-0.013454115144917967,0.7916078992545131,0.6681992788622308
-0.15453117998814414,0.18671163052959872,0.022959624566923867,-0.01656964108159029,-0.7899893996586872,0.5327836392592057
-0.09760895405871789,0.19894585933353887,0.024675038175323474,-0.018285959051998077,-0.8957588408515494,-0.026074555927882544
-0.2745791414412052,-0.26172945922823176,0.036449927667177195,-0.0300670562730783,0.4620460464205098,0.7907181908840156
0.01879081958437744,0.22806109161280963,0.03644992769397129,-0.0300670562730783,-1.5843546154890435,0.7907181908840156
-0.2969517247500971,-0.2652509855233149,-0.01631603339685635,0.022726722699686064,-0.14805719143771714,0.413736923124678
-0.28353389990692235,-0.2246213189480252,0.036449927651198526,-0.0300670562730783,-0.5230736430759388,0.7907181908840156
-0.2486448835816597,-0.2509143189636427,-0.0218079136177089,0.02822149847145899,0.8842854279071973,-0.27111237997145193
-0.03746824404480654,0.6999023363702449,0.03261322297570476,-0.02622832885044218,-0.6915132508115932,0.6187618231341423
-0.29703791994595596,-0.2501512456720173,-0.1947031251002161,0.20120785979738193,-1.3844467479181566,-1.6596600495516787
-0.29984292154108133,-0.27023943480289575,-0.1947031251002161,-0.0300670562730783,-1.630527549921214,-1.6596600495516787
-0.27556672846386815,-0.23451849343194253,-0.08053638248471925,0.08698092888158011,0.36991778727106345,-1.08790512678335
10.088978732405371,1.605144154632966,0.026278614845343985,-0.01989038112162206,-1.5279571710521336,0.7076545217167038
-0.26583843967959503,-0.26536487705937833,-0.1947031251002161,0.20120786003799568,0.6130748664599694,-1.6596600495516787
1.1630024647091102,0.3827986881701105,0.0364499276957761,-0.0300670562730783,-1.44027237318819,0.7907181908840156
-0.2802241316113248,-0.26562910542304563,-0.1947031251002161,0.2012078600221334,0.5975901040561323,-1.6596600495516787
1.5453564019525214,0.2576478348513832,0.027944885963466223,-0.021557530695659372,-1.485133071165631,0.4999953487984247
-0.26587946986507766,-0.2656769398681923,-0.1947031251002161,0.20120786003796953,0.6131979033254896,-1.6596600495516787
-0.2421672032906604,-0.20075420865056015,0.013261197587745948,-0.006866101114220872,0.2991545015636634,0.5048407294998513
-0.2637007352096055,-0.25173206019257854,-0.06890461819432649,0.07534303235277619,0.6009627126107491,-0.39363129199323643
-0.25419000182742635,-0.2625722565951015,0.03644992768017427,-0.0300670562730783,-0.7518170845770994,0.6681992788622308
-0.26961099029982205,-0.2555838719422458,-0.006480580908652893,0.012886085206056216,1.139933397663783,0.07250387903217413
-0.047657406772989,-0.16163929950491493,0.028791549552168137,-0.02240464064662979,-0.9566388482870809,0.7498785535434206
-0.2887278761001865,-0.261993687591899,-0.012339201796383838,0.01874779470791792,0.18711046506498333,-0.2891095082910362
-0.26991728540540155,-0.2133528903699035,0.036449927671710666,-0.0300670562730783,-0.24511469798352784,0.7907181908840156
-0.246650943792586,-0.05561994641413278,-0.01740981034072236,0.02382107652168416,0.24997673095243952,-0.4643535908025595
0.8078544030117518,0.20494110979192104,0.03644992769561496,-0.0300670562730783,-0.16912502450663727,0.7907181908840156
-0.19515996939262575,-0.09254130457519517,0.03218752399772308,-0.02580240544883303,-0.577701576412898,0.5830590179657364
-0.23648977064829874,-0.12846725071106263,-0.09687992930412052,0.1033330920125804,0.5626219553220809,-0.5978294786962111
-0.28689583060886986,-0.2635426124823625,-0.1947031251002161,0.2012078600028122,0.5975901038699906,-1.6596600495516787
-0.14515371519292006,-0.12034678418973577,-0.05475283587699654,0.06118378925303137,0.89424517260147,-0.3159042402804916
-0.2657226645825744,-0.26565416156097965,-0.1947031251002161,0.20120786003806904,0.613022324363647,-1.6596600495516787
-0.2798628115283151,-0.26673157549214027,-0.1947031251002161,0.20120786002281146,0.5975901040626647,-1.6596600495516787
-0.2913309074024324,-0.25972041253207173,0.036449927609905064,-0.0300670562730783,0.3851188289510821,0.7907181908840156
-0.3289864396449646,-0.22456892884143603,-0.45724907735566483,0.46389222616515274,-1.4521380716611658,-0.2162865654594203
-0.2607268419207494,-0.15054626389233094,-0.0010211433749979038,0.007423769470802328,-0.35795933645895367,-1.0831004635668093
-0.26838008473534364,-0.2649708123445987,-0.018852014774812652,0.02526404127419747,2.0880323319790026,0.16698554786402078
-0.28569482300900667,-0.1714954730358494,-0.1947031251002161,0.20120786000763521,0.5975901039164556,-1.6596600495516787
-0.2852485799839516,-0.2596452441182699,0.03644992764590209,-0.0300670562730783,-0.4359826161785214,0.7907181908840156
-0.29252428147941506,-0.2572261878922813,0.029839814224504504,-0.023453458060093302,-0.28804066829039665,0.6661226871330481
-0.2944638324179653,-0.26771104270228624,0.036449927559598784,-0.0300670562730783,-0.4484868934107321,0.7907181908840156
-0.28165637134177607,-0.1905609161728777,0.03644992765585246,-0.0300670562730783,0.04125236210445393,-1.2512636761457296
1.7158613135186902,0.3141107027702193,0.03644992769591394,-0.0300670562730783,-1.4464813586387846,0.7907181908840156
2.8322414522846233,0.3167552642376136,0.036449927696043945,-0.0300670562730783,0.4077621317520108,0.7907181908840156
-0.14029020692769023,-0.1911895974519482,0.02423789789111617,-0.017848588309073977,-0.22114557198339815,0.17812363077509205
-0.29447560076573936,-0.2679274366208069,0.02508062185811997,-0.018691756691306842,-0.32600592551707275,0.4999953487984247
-0.2977840968075235,-0.2658978894481555,-0.1947031251002161,0.20120785970233643,0.5999996210673049,-1.6596600495516787
-0.2867132621866449,-0.26864495329800686,-0.1947031251002161,0.20120786000360222,0.5975901038776016,-1.6596600495516787
0.8794539850596333,4.548190281911693,-0.1116210518735327,0.11808198609027275,0.534297647978371,-0.40135770986848435
0.39882893682392134,0.2746472855242198,0.0364499276952264,-0.0300670562730783,-0.8226899400018169,0.7907181908840156
-0.09516368222933545,-0.026288320216341428,0.036449927692686644,-0.0300670562730783,0.025784004069403055,0.7907181908840156
-0.299842603477628,-0.2702371569721745,-0.1947031251002161,0.20120554733359206,2.825663196848464,-1.6596600495516787
0.32118932979685527,-0.1640014099628717,0.03644992769509484,-0.0300670562730783,1.188920380408415,0.7907181908840156
1.5114826441703635,1.0096372021870714,-0.008918466263293097,0.015325255834055872,-1.444878205457174,0.6245908525493922
-0.29353604132453287,-0.26829416736693135,-0.16991965694763586,0.17641132598387452,0.6702913046467635,-1.5371411375298938
-0.06392094533331844,0.4244511007392503,-0.06995754371048589,0.07639651298689376,0.4809161560479343,-0.0669141932684773
-0.17327275091355143,-0.009204589806817836,0.036449927690469966,-0.0300670562730783,-0.9273440550073051,0.7907181908840156
-0.29984292154108133,-0.27023943480289575,-0.1947031251002161,-0.0300670562730783,-1.630527549921214,-1.6596600495516787
1.6336552694918267,-0.16357089995655172,0.036449927695898436,-0.0300670562730783,-1.0685597103844586,0.7907181908840156
-0.2886000145919384,-0.26320549353561457,0.035174753779958205,-0.02879121015244575,0.6297373257908457,0.7491863563003599
-0.20664810326430427,-0.2068018492155315,-0.023333659370531543,0.0297480486015857,1.4896447443461043,-0.2891095082910362
0.21315239853278606,0.21289985033203773,-0.014781583986215825,0.021191464582654928,-1.4441270782790059,0.22978823223006162
-0.2291475938910843,0.014642020014155845,0.03360039754823473,-0.027216023867499876,-0.5605162193950062,0.7337326504087668
-0.28760415791948835,-0.2680618286333618,0.03644992763620617,-0.0300670562730783,-0.26258525795897414,0.7090389162028258
-0.28898423524358957,-0.2598866941747245,-0.003362021699058171,0.009765881853400441,0.8141365119348966,-0.8837069400803754
-0.2917049500235762,-0.2676153738119929,-0.1947031251002161,0.20120785996923693,0.5975901035465241,-1.6596600495516787
-0.2879355800378827,-0.23613119758260157,0.03644992763453414,-0.0300670562730783,-0.8780014497013338,0.7907181908840156
-0.29754554921750825,-0.26979297998152685,-0.1947031251002161,0.20120785973943583,0.5738374972696753,-1.6596600495516787
-0.12982146642401,-0.1698053226406672,0.03274189287458805,-0.026357066585422362,-0.13613748561721753,0.6767471099335183
-0.2551181109843121,-0.06938943312420878,0.03644992767984008,-0.0300670562730783,-1.3031297646715294,0.7907181908840156
-0.2752817436096633,-0.26615300648893775,0.036449927666344736,-0.0300670562730783,-0.6239923296588317,0.7090389162028258
-0.2876451881049709,-0.2682076097995231,0.0364499276360041,-0.0300670562730783,-0.4648182251495833,0.627359641521636
-0.26543545328419604,-0.2601326998926216,0.03247123529506202,-0.026086266332686618,-1.2143491650425564,0.7498785535434206
-0.2617707261746559,-0.2674058133856361,-0.1947031251002161,0.2012078600403069,0.5975901042312172,-1.6596600495516787
-0.29924178161424303,-0.2684353928716501,-0.1947031251002161,0.20120785883595133,0.5975900926283766,-1.6596600495516787
-0.2928366197906083,-0.25790953710866227,0.036449927591342655,-0.0300670562730783,-0.6103353104325212,0.7907181908840156
-0.28829530980362567,-0.2615267322940387,0.036449927632610686,-0.0300670562730783,-0.4426400022569561,0.7907181908840156
0.9602436925287133,1.604408415309996,0.032343051313363146,-0.02595801475179313,0.616245177855167,0.6711875450091036
-0.2638597669362823,-0.25379805265677025,-0.1947031251002161,0.20120786003918523,0.6122430718571654,-1.6596600495516787
-0.025854793172506725,0.0007153629843122211,0.0364499276935953,-0.0300670562730783,-0.09609039454261865,0.7907181908840156
-0.29591801852669797,-0.26700947084013515,-0.1947031251002161,0.20120785987220918,0.5975901026117528,-1.6596600495516787
-0.28157240259009075,-0.25837877023724387,-0.04742318270725421,0.053850271865832036,0.10369838375452253,-0.8147020356083357
-0.27232725219146175,-0.2143688028715898,0.012840305957921705,-0.006444987604952382,0.3178326893103288,0.38232181747806665
-0.27631640402342256,-0.25402128006745467,0.03644992766502827,-0.0300670562730783,1.1318467382282664,-0.10775383060907233
-0.14536968027774716,-0.10730392547974482,0.03061479664062298,-0.024228848950008635,0.05208050151247661,0.627359641521636
-0.2978772893993561,-0.269836258765231,-0.1947031251002161,0.20120785968539687,0.3459353888036127,-1.6596600495516787
-0.29984133122381457,-0.27023260131073196,-0.1947031251002161,0.20120739751072056,2.825698846303139,-1.6596600495516787
-0.15869971960779639,-0.2626929816233288,-0.18189057492758312,0.18838855512491115,0.5850877653463809,-1.496301500189299
-0.12065837639634625,-0.18554968858608414,0.03609377799451493,-0.029710718813841283,-0.8842819005978703,0.7090389162028258
-0.2642061380369844,-0.18383448205296796,0.02998012613958493,-0.0235938438675319,-0.7338555130678671,0.6092086915924827
-0.0075127099445115525,-0.21671041285305517,0.03644992769376367,-0.0300670562730783,-1.3071562582916434,0.7907181908840156
-0.22603279849239255,0.07638489954489536,0.03644992768631782,-0.0300670562730783,-0.6810228461435213,0.7907181908840156
-0.034905288737683296,-0.1618374707776654,0.03644992769350363,-0.0300670562730783,0.3379184261117393,0.7907181908840156
-0.2587732961902516,-0.2397893937209609,0.013695161299789817,-0.007300293616427614,0.3483495959212226,0.5300396546674523
-0.2865815839169565,-0.26706869443888814,0.03644992764083831,-0.0300670562730783,0.2663704267524802,0.7907181908840156
-0.2910087091241852,-0.2652737638305276,-0.1947031251002161,0.20120785997636081,0.5833911180282639,-1.6596600495516787
-0.29415149410677205,-0.2674582034922253,0.00040896316887611826,0.005992908866502075,-0.163461371942763,0.20927250671283384
-0.2792820276624915,-0.2497662922801227,0.03644992766052084,-0.0300670562730783,-0.324208957532613,0.7907181908840156
0.10213966559914057,0.1837823402220458,0.0364499276944497,-0.0300670562730783,-0.583835290000775,0.7907181908840156
-0.2835835178056455,-0.26774293233238405,-0.1947031251002161,0.20120786001438654,0.6193831170282778,-1.6596600495516787
-0.2982452888148862,-0.26704819396239676,0.03644992723608947,-0.0300670562730783,0.2538132378125808,0.7907181908840156
-0.28673966145327323,-0.20188629051903123,-0.13192254624466412,0.1383941833226991,-1.1054755756738575,-0.43447092933383147
-0.28739264572300816,-0.2680572729719193,-0.1947031251002161,0.201207860000545,0.5975901038481485,-1.6596600495516787
-0.2529581420725878,-0.20453085198642548,0.02957054988612746,-0.023184051681147438,1.953971671617199,0.6681992788622308
-0.2891823887750289,-0.26852650610050083,-0.1947031251002161,0.20120785999062585,0.7239633370262651,-1.6596600495516787
-0.29162161739879755,-0.2692144109783243,-0.1947031251002161,0.2012078599701531,0.597590103555351,-1.6596600495516787
-0.2867132621866449,-0.26864495329800686,-0.1947031251002161,0.20120786000360222,0.5975901038776016,-1.6596600495516787
-0.28325177762379766,-0.26776115497815417,-0.1947031251002161,0.20120786001529117,0.6191609380148145,-1.6596600495516787
-0.10052973075086394,-0.2356346304853648,0.03644992769258997,-0.0300670562730783,-0.3841532810855996,0.627359641521636
-0.2617494159232812,-0.2575473620239804,-0.005416129090268816,0.011821072215321563,0.8415041253188822,0.08467700296186642
-0.294050667992059,-0.2693533586523218,0.036449927569348214,-0.0300670562730783,2.6654291266026675,0.7907181908840156
-0.2997675405026365,-0.2701756555427002,0.03644991794298574,-0.0300670562730783,0.3249511528114279,0.7907181908840156
-0.28311723678302914,-0.2534791563557925,0.036449927652321544,-0.0300670562730783,-0.3984656866774533,0.7907181908840156
-0.03107993958419962,-0.21468314351112502,0.02387024787681718,-0.017480744468375834,-1.075527178465148,0.5456803668404463
-0.2900949128227003,-0.26427835180533266,0.03644992762085678,-0.0300670562730783,0.44622815658714293,0.7907181908840156
-0.2998206570993465,-0.2701893225270278,-0.1947031251002161,0.20120782702035908,0.5975897861148823,-1.6596600495516787
-0.17258955061574788,-0.19375215701337672,0.03644992769050114,-0.0300670562730783,-0.7625213267107237,0.7907181908840156
-0.27694298902652914,-0.20062209446872648,0.036449927664173196,-0.0300670562730783,-1.125040261928334,0.7907181908840156
-0.08762048936960157,0.013803778308728566,0.03262320356323471,-0.02623831470038512,-0.5124231127070855,0.6721515018306756
-0.2622786735096616,-0.26400956778022283,0.03644992767670654,-0.0300670562730783,-0.5075168602611054,0.7498785535434206
-0.28011344552955775,-0.23035006321201879,0.02767035983214397,-0.02128285987146595,-0.09961711283269431,0.4999953487984247
-0.29427172209213975,-0.2676085403198291,0.03644992756431187,-0.0300670562730783,-0.39867716442816564,0.7907181908840156
-0.2858538547356835,-0.26331482941023554,-0.1947031251002161,0.20120786000704413,0.5979953820070426,-1.6596600495516787
1.0122845986395221,0.8097142776119411,0.028200312882784174,-0.02181309227582089,-1.0858875378241288,0.627359641521636
-0.26043422354366413,-0.2670869170846583,-0.1947031251002161,0.20120786004096214,0.5975901042375298,-1.6596600495516787
-0.15187248758156144,-0.11744255002011675,-0.016314160258218066,0.022724848822988555,0.0940134738924827,0.3414821801374716
-0.2540993537432205,-0.07573091385222397,0.0364499276802062,-0.0300670562730783,0.2707445682045248,0.7907181908840156
-0.1500433046613249,-0.1895290588561425,0.03644992769137071,-0.0300670562730783,-1.0555752282191115,0.7907181908840156
-0.2706660067745959,-0.16414719112903298,0.036449927671080226,-0.0300670562730783,-0.6396754947046703,0.7907181908840156
1.2588073116841068,0.41058366730815965,0.036449927695806995,-0.0300670562730783,-1.5074800655286351,0.7907181908840156
-0.29456084177123815,-0.2677247096866139,0.03644992755708854,-0.0300670562730783,-0.4160444406945066,0.7907181908840156
-0.28130045833747336,-0.25499163595471563,0.03644992765662844,-0.0300670562730783,-0.31379096523382943,0.7907181908840156
-0.2546085733320396,-0.2626633698239524,0.036449927680025244,-0.0300670562730783,-0.7659330480741724,0.6681992788622308
-0.21859806527025225,-0.23346841346943717,-0.0010315874218516574,0.0074342190334930275,-0.7213150052006787,-0.011991922362160045
-0.24789393576829188,-0.21615462215706535,0.022157213711864413,-0.015766807205852027,-0.6635624943269405,0.6069398228513386
-5.849424869812035,5.197633988006536,-0.29765079440460956,0.30420980321809815,-1.0522774896279317,-0.3774853888585827
-0.29984101316036116,-0.2702280456492894,-0.1947031251002161,0.20120747460207664,2.8257003317094624,-1.6596600495516787
2.1569835169747926,0.6674227481156587,0.006390414028909126,8.304723663620995e-06,-1.495084286978727,0.2598029054562819
-0.09076359241564178,0.039741436731827874,0.03463193200561834,-0.028248102141386247,-0.4309624863650104,0.67403351276803
-0.2928585661688897,-0.26448107873952564,0.03644992759101293,-0.0300670562730783,0.6823151929115651,0.7907181908840156
-0.2802133174539108,-0.19628282694470747,0.03644992765882438,-0.0300670562730783,0.22544290110733034,0.7907181908840156
-0.29661457748954234,-0.2670914727461009,-0.1947031251002161,0.20120785983177106,0.5975901022221688,-1.6596600495516787
-0.22768004911731082,-0.2267442571802487,0.007802606443129949,-0.0014046322061341847,0.930429922098944,0.5456803668404463
-0.24160264066095774,-0.26066571228139873,0.03644992768365488,-0.0300670562730783,-0.5627141894192781,0.627359641521636
-0.28698170774127535,-0.2600484201559346,0.03644992763911352,-0.0300670562730783,-0.42169272232226096,0.7907181908840156
-0.24533479722260884,-0.2282817929171058,0.036449927682790546,-0.0300670562730783,-0.35519265897080726,0.7907181908840156
-0.2861986355191188,-0.2541738947257798,-0.041773972461677564,0.048198083351595276,0.8204122572590544,-0.2813222893066006
0.11208296527788063,0.6792241890825574,0.03644992769449389,-0.0300670562730783,-1.4702779278598397,0.7907181908840156
-0.27868915738544037,-0.21284948978050283,0.03644992766152302,-0.0300670562730783,-0.1918392036541665,0.7907181908840156
-0.27883101368563606,-0.20541009464483564,-0.1947031251002161,-0.0300670562730783,-0.79273210737645,-1.6596600495516787
4.26497672559619,7.219359089961096,-0.18706916656824274,0.19356987691622096,0.6097105338770842,-0.6457104328196672
0.3423529539195502,-0.15940474756734924,0.03644992769513385,-0.0300670562730783,1.1770109813790017,0.7907181908840156
-0.27643090686662986,-0.20049681377905665,-0.006710701033138595,0.013116326642432017,-0.9758469632799813,-1.2512636761457296
-0.20670567274936127,-0.0806328055643966,0.03644992768838481,-0.0300670562730783,0.16880684720904895,0.7907181908840156
-0.2979851129100429,-0.26988637104109897,0.011241145520142779,-0.004844984461451301,1.8392478565444437,0.5415271833820807
-0.2731841151347963,-0.2612283364695524,0.003785797228270471,0.0026142946470057056,-0.06646424106582076,0.5456803668404463
-0.29400486685477606,-0.26928730156140496,0.036449927570344015,-0.0300670562730783,2.663287629938543,0.7907181908840156
0.07219526371971297,0.4114264646750295,0.03394848258430571,-0.027564292405041962,0.4532317586415843,0.4999953487984247
-0.2655168775282546,-0.26545826811895046,-0.1947031251002161,0.2012078600381983,0.6128678702276346,-1.6596600495516787
-0.28694990139593995,-0.252766195340035,-0.07369219821585882,0.08013313634247879,0.3120946653986898,-0.9789994272084301
-0.13276546174825088,0.13476342310031938,0.03644992769187828,-0.0300670562730783,-0.3332976482111263,0.7907181908840156
-0.03893610688203343,-0.18988895611010315,0.03644992769346077,-0.0300670562730783,-1.0207068572345868,0.7907181908840156
-0.29213847051049713,-0.25283908592311566,0.0364499276008516,-0.0300670562730783,-0.4448595256233349,0.7907181908840156
0.2847586599131877,0.34062693019652124,0.02505314499262223,-0.01866426520425406,-0.3352271642176239,0.7385824836407029
-0.29837951159220144,-0.2656245497616031,-0.1947031251002161,0.20120785955696582,0.6242248465258348,-1.6596600495516787
-0.02281728719297989,-0.1885951482604219,0.014682459661097986,-0.00828811246466744,-0.6779464702291085,0.2923361758801456
-0.2834057203352208,-0.23930421577733044,0.03644992765155006,-0.0300670562730783,0.5955637193864017,0.7907181908840156
-0.29592119916123144,-0.2663694004074583,0.006135695062027255,0.0002631577907241397,0.18593949332669069,0.502438397891581
-0.2968200464804087,-0.2680481616490342,-0.1947031251002161,0.20120785981628328,0.597590102072959,-1.6596600495516787
1.814082170485361,0.3311260982581048,0.0364499276959309,-0.0300670562730783,-0.9379502897048444,0.7907181908840156
0.05160319962269443,-0.19440589443038117,0.0364499276941867,-0.0300670562730783,1.1422605343581564,0.7907181908840156
-0.2584005258229212,-0.2509325416094128,0.007511444556055132,-0.0011133168265137904,0.029513812791155405,0.458463514214769
-0.27534249372925385,-0.26627373151716505,0.03644992766627049,-0.0300670562730783,-0.590720027815996,0.6681992788622308
-0.29756781365924306,-0.26923035579337323,0.02152014822553727,-0.01512940616873972,1.0439612175058934,0.37539984504745727
-0.29782194635847253,-0.2698134804580183,-0.1947031251002161,0.20120785969564492,0.633357806353727,-1.6596600495516787
-0.21636366951044322,-0.1996312381049741,0.03644992768747156,-0.0300670562730783,-0.8394749392146085,0.7907181908840156
1.5477167508398586,1.6728253388540555,0.033426915457373196,-0.02704245030713806,-1.2539232362457309,0.32805936227028304
-0.2447667358949193,-0.1869346096646162,-0.03768121316406493,0.044103166398091795,1.1922274715596195,0.33386801046380155
-0.25942437207926644,-0.26149256483321964,0.036449927678088676,-0.0300670562730783,-1.1992710532947672,0.7907181908840156
-0.14447146908547662,-0.19605276604185926,0.032532801165400554,-0.02614786464381323,-0.9841575934227339,0.5184539419467161
-0.25749022821942325,-0.1896793956837463,0.008546578496956447,-0.002148996488065441,-0.1545531282632055,0.2508043412964899
-0.2930382720200345,-0.26826227773683353,0.029599827774991986,-0.02321334509768339,2.4738997061523986,0.7076545217167038
-0.26592336262164046,-0.25128560537120964,0.029875838095573932,-0.023489500844068482,-1.0474445120433207,0.5456803668404463
-0.2879075904539876,-0.2658659998180577,-0.1947031251002161,0.20120785999799587,0.6423008991139252,-1.6596600495516787
-0.2666332802495257,-0.2620096324069479,-0.1947031251002161,0.20120786003747793,0.5183345687538138,-1.6596600495516787
-0.29906143963619153,-0.2690549628278355,-0.1947031251002161,0.2012078591183383,0.6057516984451388,-1.6596600495516787
-0.2946244544619089,-0.26886134721652755,0.035210123286866575,-0.028826598381637234,2.617657762478212,0.458463514214769
-0.2857466673519033,-0.2656928846832412,0.03644992764412204,-0.0300670562730783,0.4863325311368279,0.7907181908840156
-0.2886992503893847,-0.25976824697721845,-0.003010239294609673,0.009413913991538299,0.5187321893336613,0.2802227241265792
-0.2956470284644407,-0.2691232977494736,-0.1947031251002161,0.20120785988431358,0.5975901027283673,-1.6596600495516787
-0.2913025997550839,-0.26686596750469516,0.03644992761019136,-0.0300670562730783,-0.32158829751172263,0.7907181908840156
-0.2998416492872679,-0.27023032348001064,-0.1947031251002161,0.20120728187378273,0.5975845341371487,-1.6596600495516787
-0.2850440651834452,-0.26800260503460877,0.036449927646598254,-0.0300670562730783,2.0528964893579316,0.7907181908840156
0.5758617827067193,0.1473917166190392,-0.06030260937787278,0.06673648858993209,-0.6444594499247609,-0.4137050120420036
0.9758548829462145,1.2630003133139127,0.023182118642456416,-0.01679225245117388,-1.442974328055308,0.5305010326076586
-0.25168302568809325,-0.2635016115293797,-0.1947031251002161,0.20120786004435398,0.597590104270207,-1.6596600495516787
-0.2629396093657304,-0.21651224158030472,-0.04752223368093541,0.05394937507936367,0.3252998200784243,-0.1809835251508287
-0.29984069509690786,-0.27023260131073196,-0.1947031251002161,0.2012075296673625,2.825701392714585,-1.6596600495516787
-0.23004357863918137,-0.0975866996228078,0.015267577678109628,-0.008873538962887,-0.6963164431062135,-0.3323718359823443
-0.25556053724792693,-0.2624629207204806,0.036449927679675836,-0.0300670562730783,-0.658141637420673,0.6681992788622308
-0.29438495268153364,-0.2311518596259058,0.0364499275615741,-0.0300670562730783,-0.9171663386273615,0.7907181908840156
-0.2965070720423088,-0.24634954619821797,0.036449927475881015,-0.0300670562730783,1.2735884212617694,0.7907181908840156
-0.18936644358979002,-0.19414849955887767,0.03322428243935863,-0.02683971046756627,-0.8039825703384417,0.6711875450091036
-0.2983111279497304,-0.26915974304101387,-0.1947031251002161,0.20120785957940612,0.5975900997908686,-1.6596600495516787
-0.2266040404546156,-0.2274708851803338,0.03644992768624011,-0.0300670562730783,0.37905043384939413,-0.4555948796824151
0.3349051800958224,0.4099139850761063,0.03644992769512043,-0.0300670562730783,-1.451174163342573,0.7907181908840156
-0.29637634796298046,-0.2645835811219828,0.0364499274841922,-0.0300670562730783,0.5470950973159863,0.7907181908840156
-0.15525922723287053,0.2347829700712768,0.036449927691193665,-0.0300670562730783,0.3124135917043814,0.7907181908840156
0.19556730632377242,0.3963586144538297,0.0034923011595389586,0.0029079454725245727,0.46460396001507925,0.4223606776159047
-0.29984228541417457,-0.2702371569721745,-0.1947031251002161,0.2012067036908283,2.825685477690794,-1.6596600495516787
-0.2875618554801923,-0.26031037068888063,-0.140111684928629,0.14658763930430602,1.2587776123039824,-1.5329163474601772
-0.28083831213975063,-0.19685684028646747,-0.02856198932446585,0.034979134892269045,0.12292508392213305,-1.496301500189299
0.0023952846909063037,-0.18965661737653358,0.03642146671043983,-0.03003858028508505,-1.1336165958643445,0.7498785535434206
-0.248256528105115,-0.04045870513336092,0.03644992768202661,-0.0300670562730783,-0.8142008739571015,0.7907181908840156
-0.2886992503893847,-0.25976824697721845,-0.003010239294609673,0.009413913991538299,0.5187321893336613,0.2802227241265792
9.453444059848325,23.62179716424505,0.03296870845198271,-0.02658400173539175,-0.20139960641073132,0.416931679631113
0.31724343459455057,-0.16524966119812756,0.03644992769508727,-0.0300670562730783,1.0308321413683745,0.7907181908840156
-0.25008316651772466,-0.21792221879677068,-0.1947031251002161,0.20120786004484506,0.597590104274938,-1.6596600495516787
-0.28101038446801496,-0.2422038942855069,0.036449927657239145,-0.0300670562730783,-1.2713795193619188,0.7907181908840156
-0.2660881194904776,-0.26578172008137074,-0.1947031251002161,0.20120786003783564,0.6132523902634173,-1.6596600495516787
-0.2993464244903964,-0.2690139618748526,0.02578815831366468,-0.019399667503519704,0.8045580964277603,0.24618969300941693
-0.28869638781830453,-0.257417525672868,0.0025338483853371307,0.0038669034770554313,0.8026316056560607,0.4231614548186614
2.6108298488823047,0.32335641766785345,0.036449927696026084,-0.0300670562730783,0.2322706516693432,0.7907181908840156
-0.29593773846080584,-0.26831011218198025,-0.18197634031742063,0.18847436554697752,1.3735659196894554,-1.5065114095244476
-0.18673637689400913,-0.08673283623595714,-0.04386959923014974,0.050294814978706665,0.6312490229418353,0.05560471875330725
-0.10598006608753116,-0.1998271315470033,0.029406986078052894,-0.023020401630588064,-1.377465790907069,0.6793373617733024
-0.14723066954331904,0.06721890872250563,0.03644992769146117,-0.0300670562730783,-1.3125374813521202,0.7907181908840156
-0.19608394372461793,-0.15091299463845537,0.03644992768919294,-0.0300670562730783,-1.077495444488811,0.7907181908840156
-0.26947517720524006,-0.2578093125569264,-0.15716015255876828,0.16364509489620233,0.6767715112284,-1.3533627694972168
-0.26531681561609516,-0.2520805682929328,0.02197185187818289,-0.015581347656840645,1.006652726658901,0.718648242635907
-0.26972008606432235,-0.2559369357040426,-0.02178071560725745,0.02819428611220575,0.9964807334420394,0.0016133337945546957
0.7457820936456242,0.06836010191386183,0.03310329619445951,-0.026718660432948814,-1.48895975509333,0.7498785535434206
-0.2547278471270472,-0.25547909172906735,0.036449927679982286,-0.0300670562730783,-1.3280792280892562,0.7907181908840156
-0.2993858643586122,-0.266966192056431,0.036449926087697954,-0.0300670562730783,1.7868498168069986,0.7907181908840156
-0.27484981344000914,-0.2046379100303252,0.03414366271860119,-0.027759575465460908,-0.25388605404609077,0.735027776328659
-0.28763087524957,-0.2612693374225352,0.0005623551042078117,0.005839436132187963,0.4987625386762078,0.458463514214769
-1.8524082828401618,-0.18585947356417684,-0.20082595168487663,0.20733391458958167,-1.1371873226872466,-0.6795087533774008
-0.29984228541417457,-0.2702371569721745,-0.1947031251002161,0.2012067036908283,2.825685477690794,-1.6596600495516787
-0.15769909198354595,-0.20022802975394682,0.03639406663436611,-0.030011165766474255,-1.0501950960626523,0.7323758518260228
-0.2689964917079429,-0.20735308425007878,-0.03685587434314581,0.04327739244931632,0.45252880551318814,0.6982510874713479
-0.2976501920936616,-0.26980209130441196,-0.1947031251002161,0.2012078597241554,0.6118107534407872,-1.6596600495516787
-0.09138222583241454,-0.14566259482592847,0.01442005134647615,-0.008025565809656507,2.455953761085259,0.6661226871330481
-0.2883182103722671,-0.26621678574913327,-0.1947031251002161,0.20120785999579996,0.5975901038024343,-1.6596600495516787
-0.29004370460671036,-0.26040148391773144,0.03644992762125092,-0.0300670562730783,0.9693890214531412,0.7907181908840156
1.033557954653624,-0.19399360706983132,0.036449927695727316,-0.0300670562730783,-1.1786184628023544,0.7907181908840156
-0.2755412833875998,-0.23478727745705238,-0.003905423042029304,0.010309569714202698,0.17202998468974465,0.04314516837821069
-0.2672938980421411,-0.19478629216083324,-0.003465112103195958,0.00986902665178508,0.16442060472502115,-0.7067351782711309
-0.29984292154108133,-0.27023943480289575,-0.1947031251002161,-0.0300670562730783,-1.630527549921214,-1.6596600495516787
-0.29425645504637876,-0.2566248405818661,-0.1947031251002161,0.2012078599279526,0.6835991995266893,-1.6596600495516787
-0.2083459259783058,-0.19815064813614874,0.021580451860641295,-0.015189741280541883,-0.7775087905168795,-0.16451400454006848
-0.2523662259858968,-0.2639252880435358,-0.1947031251002161,0.20120786004413418,0.5975901042680892,-1.6596600495516787
-0.23334889404643194,-0.25618977491410355,0.03644992768522185,-0.0300670562730783,-0.6647565983913281,0.7907181908840156
0.8266942555442456,0.3821540620759911,0.03644992769562607,-0.0300670562730783,-1.4253050695762082,0.7907181908840156
-5.810707641762208,-0.2606452118049073,-0.195452791667501,0.20195792185011527,-0.7510880943786066,-0.4137050120420036
-0.2801229874331584,-0.17058889640878402,-0.1947031251002161,0.2012078600223257,0.5975901040579851,-1.6596600495516787
-0.26547489315241185,-0.265665550714586,-0.1947031251002161,0.2012078600382245,0.6129316883697651,-1.6596600495516787
-0.07701116481953903,0.07651473589600775,0.03644992769297925,-0.0300670562730783,-1.2935631932026375,0.7907181908840156
-0.16073437151889933,-0.25557020495791816,0.03161029063051235,-0.02522486776333424,0.5046620789323665,0.7356535113236629
-0.2868942402916031,-0.18480028227878637,-0.1947031251002161,0.20120786000281918,0.925259293849383,-1.6596600495516787
-0.150714418547901,0.06745580311751771,0.036449927691348645,-0.0300670562730783,2.1964454836502165,0.7907181908840156
-0.2890160415889249,-0.2685219504390583,-0.1947031251002161,0.20120785999168603,0.7286327460270597,-1.6596600495516787
-0.2943207038639562,-0.2678727686834964,0.036449927563141325,-0.0300670562730783,-0.414957315516234,0.7907181908840156
-0.29456211402505156,-0.26799577154244497,0.036449927557055,-0.0300670562730783,-0.41548344763662703,0.7907181908840156
-0.25333600145517193,-0.24194877724472466,0.027895846688285042,-0.021508465582465667,0.33441076364953204,0.7076545217167038
0.2540254606694432,0.25228354350279275,0.036449927694951284,-0.0300670562730783,0.6742624701244301,0.7907181908840156
-0.2950592472026432,-0.2634332766077416,0.03644992754258648,-0.0300670562730783,-0.6989847439926555,0.7907181908840156
-0.2955229837176328,-0.2665311263886685,0.03644992752608795,-0.0300670562730783,-0.9710493461333859,0.7907181908840156
3.093862637459903,4.792241621049983,-0.05486582084732676,0.06129683379340391,0.6241028622887996,-0.1809835251508287
-0.2987506916422651,-0.269405748758911,-0.1947031251002161,0.2012078593861426,0.5975900979289557,-1.6596600495516787
-0.2660881194904776,-0.26578172008137074,-0.1947031251002161,0.20120786003783564,0.6132523902634173,-1.6596600495516787
-0.24215098205453936,-0.21118895118469716,0.03644992768353491,-0.0300670562730783,0.20736702343628324,0.7907181908840156
-0.22851528374581734,-0.2577364219738458,0.036449927685971134,-0.0300670562730783,-0.5286696381813758,0.6681992788622308
-0.29982829062222704,-0.2701893225270278,-0.1947031251002161,0.2012078097824833,0.5975896200440608,-1.6596600495516787
-0.2940656169743666,-0.26923035579337323,-0.1947031251002161,0.2012078599323021,0.6091207715122359,-1.6596600495516787
-0.26600033397735207,-0.26556988182429264,-0.1947031251002161,0.20120786003789218,0.6132536444166771,-1.6596600495516787
0.21911926891769953,-0.19959707064415508,0.03590761519522234,-0.029524457867117535,-1.3877935191927204,0.6661226871330481
0.2934424283166476,-0.16003570667714098,0.036449927695039464,-0.0300670562730783,1.0572849136772027,0.7907181908840156
-0.294239597683351,-0.2676905422257948,0.03508534122930246,-0.028701750529481297,-0.41535161697387635,0.7498785535434206
-0.29068078570377764,-0.2635517238052476,-0.08756032291083297,0.09400857226836756,0.48914669080285456,-0.9951506962131852
0.2763064417037693,0.29871028926371407,0.003923127834069591,0.0024768916670375404,-0.9057772785382937,-0.11310984862095347
0.6019483929604212,0.5831179552907416,-0.06221147330211745,0.06864635886434499,-1.241596988340597,-0.638669116036806
2.5539982710370843,0.3331715902458051,0.03644992769602105,-0.0300670562730783,0.2698850399401156,0.7907181908840156
-0.29252555373322847,-0.24894627322046556,0.020755714420493513,-0.01436456913256441,-0.3546333499082864,0.7076545217167038
-0.28731949112873684,-0.2666723518933872,0.03603897844034393,-0.029655890424061745,-0.4228146691669931,0.7702983722137182
0.528183752985562,0.17937245994566742,0.02463015506690442,-0.018241052278523892,-0.8627424057787023,0.5848040530322766
0.2538801056712607,0.3793136071665677,0.002519189731288415,0.003881569923789433,-1.0479907121900607,0.2508043412964899
-0.2235840279650232,-0.2566020622746534,0.036449927686637656,-0.0300670562730783,-0.6472786331302318,0.7907181908840156
-0.23800407074971516,-0.1682427307658761,-0.01678745368298509,0.023198391760401657,-0.4320933339446187,0.7491863563003599
0.6285346808993416,-0.18161587493045117,0.03127939346445845,-0.02489379614430449,-0.9701618446475105,0.7222718713187727
0.22987999167155837,0.1906682224924444,0.03644992769489077,-0.0300670562730783,-1.491694876088206,0.7907181908840156
-0.29984069509690786,-0.2702280456492894,-0.1947031251002161,0.2012075296673625,2.825701392714585,-1.6596600495516787
0.20314707648064198,3.1638682728593412,-0.1890686183365584,0.19557038279115221,0.6343296273581474,-0.638669116036806
-0.23727252480700187,-0.19989091080719887,0.03642407729000798,-0.030041192250269275,-1.1542848577862532,-0.39363129199323643
-0.29928885500533936,-0.26966086579969323,-0.160998834013381,0.1674857987943951,0.597590091626787,-1.5371411375298938
-0.2878337997328096,-0.25593238004260005,0.03644992763505744,-0.0300670562730783,-0.058918858694983395,0.7907181908840156
-0.2871881309225018,-0.2599595847578051,0.03644992763818105,-0.0300670562730783,-0.2240027304499707,0.7907181908840156
0.09213338935663644,-0.1519744637545671,0.03644992769440302,-0.0300670562730783,-0.8668395296410283,0.7907181908840156
-0.2386672330499574,-0.043287770889178026,0.026559060437974173,-0.020170974576693743,-0.6478009080562546,-0.8428673027397806
-0.27772542512177895,-0.2455614167686586,-0.04954520413519333,0.055973412027228164,0.5149865303378629,-0.3119520173120467
-0.24928419112290046,-0.24518101903820658,-0.1947031251002161,0.20120786004507868,0.6241383424095995,-1.6596600495516787
0.7700799150376654,2.267819779387665,-0.003599621153741628,0.010003606637208924,0.41433271204611083,-0.2232314258479959
-0.27936822285835033,-0.2565473943373429,0.0364499276603703,-0.0300670562730783,0.9086536455626982,0.7907181908840156
-0.29984292154108133,-0.27023943480289575,-0.1947031251002161,-0.0300670562730783,-1.630527549921214,-1.6596600495516787
-0.26955914595692543,-0.2294525979078385,0.036449927672001226,-0.0300670562730783,-0.7995905805793733,0.7907181908840156
-0.29286842613594366,-0.26504142509695805,0.036449927590864115,-0.0300670562730783,-0.4422929713936272,0.7907181908840156
-0.2946091874161479,-0.2680846069405745,0.0270380439168157,-0.020650210703418936,2.409467484685028,0.6661226871330481
-0.29400423072786935,-0.26717575248278785,0.03644992757035775,-0.0300670562730783,-0.41845679303804767,0.7907181908840156
1.5402072727061802,3.2065183752843973,-0.061180789315817795,0.06761513150343867,0.5570033302492617,0.2656371393620811
0.61678827950354,0.021710128742256068,0.018790007166180813,-0.012397825460665406,-1.4455943868865808,0.49370264658877994
-0.22261743313028162,-0.19392754997891448,-0.0037697267106589706,0.010173801864678058,-0.8007980789333636,-1.08790512678335
-0.27726168860678946,-0.26623045273346085,0.036449927663720086,-0.0300670562730783,-0.5777297187488409,0.586520004181041
-0.29984292154108133,-0.27023943480289575,-0.1947031251002161,-0.0300670562730783,-1.630527549921214,-1.6596600495516787
-0.27122325394487146,-0.2544199004436769,0.03128385050849881,-0.0248982555630019,0.8840132035448284,0.7461658592397302
-0.2953267385669136,-0.2543401763684325,0.036449927533483376,-0.0300670562730783,0.025613988731359116,0.7907181908840156
-0.2498042248691336,-0.2068747397986121,0.036449927681585795,-0.0300670562730783,-0.9250837155451223,0.7907181908840156
-0.29652170296116304,-0.2622920834163854,-0.1947031251002161,0.20120785983814282,1.4387354561421266,-1.6596600495516787
-0.10685760315533373,0.06960379748767516,0.023288606961512037,-0.01689879691394362,-0.17965904453970574,-0.10775383060907233
1.6277332460538358,-0.16231809305985334,0.036449927695897284,-0.0300670562730783,-1.0873343683929972,0.7907181908840156
0.03190998284485322,0.20339218490145752,0.03644992769406252,-0.0300670562730783,-1.5107136760569866,0.7907181908840156
-0.21524090552010505,-0.15936602444508766,0.017857988819948965,-0.011465315763677972,-0.5122426950087672,0.14895246124609582
-0.29984292154108133,-0.27023943480289575,-0.1947031251002161,-0.0300670562730783,-1.630527549921214,-1.6596600495516787
0.8249655806752688,2.3699121523149778,0.02987560886225463,-0.023489271468865074,0.62477665445094,0.6661226871330481
0.2458817640097778,-0.1624410959188019,-0.1947031251002161,-0.0300670562730783,-1.3352914712117265,-1.6596600495516787
-0.29783307857933994,-0.26982031395018213,-0.1947031251002161,0.2012078596936289,0.43856477085229806,-1.6596600495516787
-0.2998292448125871,-0.27014148808188115,-0.1947031251002161,0.20120780627477636,0.6494062638359738,-1.6596600495516787
-0.22754137345164865,-0.1636232900631409,0.036449927686109974,-0.0300670562730783,-0.22252358720665855,0.7907181908840156
1.9468246804886706,2.99146154339715,0.010171765214842705,-0.003775039984864893,0.4441207030854234,0.6661226871330481
-0.2976784997410101,-0.2697998134736907,-0.1947031251002161,0.20120785971976785,0.6254211078059394,-1.6596600495516787
1.4844882808207907,0.6532683080136881,-0.1947031251002161,-0.0300670562730783,-1.298614977067365,-1.6596600495516787
-0.2883888204589116,-0.267396702062751,-0.1947031251002161,0.2012078599954065,0.6285258704003303,-1.6596600495516787
-0.299387454675879,-0.26904129584350783,-0.1947031251002161,0.2012078584445798,0.5975900888578781,-1.6596600495516787
0.23620563763185468,0.009480455599758424,0.03621868562900364,-0.029835692296710983,-1.3504724900634415,0.7498785535434206
0.47320362250231274,0.8459955653403268,-0.027082093876185435,0.033498459283124636,-1.4430963617075885,-0.3306413428746919
-0.2774464834731879,-0.2567205094721594,0.03644992766345145,-0.0300670562730783,0.6685645825213209,0.7907181908840156
-0.2765638573901316,-0.26623728622562465,0.03644992766469608,-0.0300670562730783,-0.5501081546257944,0.6681992788622308
0.5297708896177965,-0.19328520171551644,0.03644992769539249,-0.0300670562730783,-0.7963117605520206,0.7907181908840156
-0.2990070507856681,-0.26840805890299485,-0.1947031251002161,0.20120785917958656,0.6331992820600347,-1.6596600495516787
-0.2933006743690512,-0.2564357806320007,0.036449927583899346,-0.0300670562730783,0.15963591634829968,0.7907181908840156
-0.2953830357981572,-0.2614242299115816,0.01645358943114419,-0.010060176133903857,0.23656576200342563,0.34519487444116226
-0.23045006373256727,-0.25668861984206165,0.03644992768568373,-0.0300670562730783,-0.5328140189927365,0.7907181908840156
-0.28731949112873684,-0.2597021898863016,-0.12320970618822394,0.12967674986769598,0.19954622777494885,-1.4146222255081091
-0.2886318209372738,-0.26807321778696813,-0.1947031251002161,0.2012078599940145,0.7310951107254288,-1.6596600495516787
-0.26075451344119116,-0.25648589290786866,0.036449927677469705,-0.0300670562730783,-1.2656017828608979,0.7907181908840156
-0.26968764359208025,-0.2011186615659633,0.033663188656419,-0.027278848093048966,-1.2815829251690314,0.6841800065172464
-0.25245083086448883,-0.21066960578024763,-0.05653285459419532,0.06296474638261161,1.086842284840949,-0.9913750748873984
-0.1056130208623611,-0.23599452773932542,0.036449927692493424,-0.0300670562730783,-0.43918967583418284,0.586520004181041
-0.2991342761670095,-0.2651644279559066,-0.1947031251002161,0.20120785902158989,0.5975900944168308,-1.6596600495516787
-0.2998257461146002,-0.27019387818847035,0.0364498848901657,-0.0300670562730783,1.5878640214582849,0.7907181908840156
1.38328271640785,0.6053108600080733,0.03173062945603328,-0.025345270026449172,-1.5258819037767062,0.7498785535434206
-0.14908625173018394,0.3345906787851562,0.036449927691401894,-0.0300670562730783,-1.5148399082291797,0.7907181908840156
-0.12982146642401,-0.1698053226406672,0.03274189287458805,-0.026357066585422362,-0.13613748561721753,0.6767471099335183
-0.2795854601969908,-0.2506683132457455,-0.18085716974960897,0.18735460510620544,0.7849632891007081,-1.285873538298776
-0.29984292154108133,-0.27023943480289575,-0.1947031251002161,-0.0300670562730783,-1.630527549921214,-1.6596600495516787
0.2177757688907339,-0.18805530237948093,0.03547611762155582,-0.02909273280859321,-0.8136330870370881,0.7640836447923232
-0.28997373064697257,-0.2671028618997072,0.03644992762178287,-0.0300670562730783,0.5107747295903147,0.7907181908840156
-0.28339236167018,-0.267733821009499,-0.1947031251002161,0.20120786001491223,0.619000642723095,-1.6596600495516787
0.46150970157631444,0.22377649202610106,0.036439401921022345,-0.03005652494961548,-1.3752741692357315,0.7491863563003599
-0.29984133122381457,-0.2702371569721745,-0.1947031251002161,0.20120739751072056,2.825698846303139,-1.6596600495516787
0.225317371433201,0.19850168234289123,-0.0018796773761159545,0.008282756107138746,-1.3641738390565905,0.6793373617733024
-0.10072438558431634,-0.10023809458236586,-0.15748876631957323,0.16397388192220871,-0.542119156986653,-1.2104240388051346
-0.15122268394636004,-0.03326759354631213,0.029479708343395267,-0.023093162236152664,2.524830383139027,-0.4137050120420036
-0.24063763614348294,-0.11151107882193016,0.03644992768386065,-0.0300670562730783,-1.185030900277026,0.7907181908840156
-0.17423552898685274,-0.19907544740898428,0.03644992769042544,-0.0300670562730783,-1.345886285494531,0.7907181908840156
-0.2850761895922339,-0.24918544544619886,-0.05390623581975199,0.06033674282447092,0.17156644500399032,-0.43447092933383147
-0.16877978657147852,0.0029840823826969265,0.0032471930762148554,0.0031531827723279135,-0.7455441728858949,0.7477290989465472
-0.21936555238319444,-0.2591190652216565,0.01351395529222462,-0.007118992068561528,0.9232619808272725,0.5456803668404463
-0.2870825338559884,-0.2357986342972962,0.036449927638661825,-0.0300670562730783,-0.24963776344434813,0.7907181908840156
0.46983055957949793,-0.19640582980365606,0.03644992769532348,-0.0300670562730783,-1.2880056800178536,0.7907181908840156
-0.2934345790829131,-0.2678796021756602,-0.1947031251002161,0.20120785994484008,0.6336416396899758,-1.6596600495516787
-0.23413260239549516,-0.2104668788460546,0.03644992768508999,-0.0300670562730783,0.40023622374721096,0.7907181908840156
0.7388247736669677,0.11121065344238956,0.036449927695570844,-0.0300670562730783,-1.346052186495863,0.7907181908840156
-0.26478215095100777,-0.15948447164259366,0.028464670898971818,-0.022077589681570833,-0.48623009876390666,0.502438397891581
-0.2825590354223936,-0.24474367553972276,0.0340635736559316,-0.027679444193087644,0.1938383412824224,0.6818124913090959
-0.2873614755045795,-0.257501805409555,0.036449927637374174,-0.0300670562730783,-0.3463023551557181,0.7907181908840156
-0.1665743345859247,-0.19779302871290938,0.036449927690761934,-0.0300670562730783,-1.139161135860882,0.7907181908840156
-0.23977536612144132,-0.26046298534720574,0.03644992768403891,-0.0300670562730783,-0.564451579937138,0.7090389162028258
-0.27894010945013636,-0.2508391505498408,0.03644992766110573,-0.0300670562730783,-0.4752248645838202,0.7907181908840156
-0.3991630058025419,-0.27023943480289575,-0.1947031251002161,0.2012078600670345,-1.1314959821370516,-1.6596600495516787
-0.25121769885583695,-0.15919746497171366,0.03644992768115868,-0.0300670562730783,-0.37514818282989665,0.7907181908840156
1.8844254018924957,0.2841344504783086,0.03644992769594209,-0.0300670562730783,-1.5210754642179076,0.7907181908840156
-0.2896951070618348,-0.2635699464510177,0.03644992762382827,-0.0300670562730783,0.09079023496905268,0.7907181908840156
-0.06845748436850077,-0.19415988871248402,0.0039682278368166025,0.0024317678857356064,-0.890437279664394,0.04495090031663038
-0.29767690942374336,-0.26979753564296943,-0.1947031251002161,0.20120785972001737,0.4261460998005971,-1.6596600495516787
0.45097766644541687,2.1405619326517624,-0.07041963134311252,0.07685884423355245,0.6287267413565812,0.458463514214769
-0.05284470363373278,-0.1357540311884048,0.0249992687204177,-0.018610360530281055,-1.2378111579251252,0.38232181747806665
-0.2122231194746861,-0.1916998315335126,0.02586558329913527,-0.01947713183413791,0.2796203522253087,0.6681992788622308
3.6902316124978953,1.7894616609366767,0.031057763416423613,-0.024672049252638953,-1.1355344744040767,0.6681992788622308
-0.2990013256435077,-0.26953786294074467,-0.1947031251002161,0.20120785918557324,0.5975900959966571,-1.6596600495516787
-0.27788763748298934,-0.26822583244529324,0.006425614759721643,-2.6914598125465667e-05,0.4898445989502168,0.5199835163789481
-0.26177581518990956,-0.2671552520062964,-0.1947031251002161,0.2012078600403043,0.5975901042311922,-1.6596600495516787
-0.004499376787439626,0.4026272045987642,-0.0374100754251988,0.043831885726689446,-0.9236337039931117,0.2748490876343958
-0.28117927616174565,-0.204644743522489,0.036449927656885886,-0.0300670562730783,0.49411832355335195,0.7907181908840156
-0.17754338890173016,-0.18884343180904029,0.03644992769026712,-0.0300670562730783,-1.0506223129856929,0.7907181908840156
-0.15541444219810707,-0.19918933894504778,0.0364499276911882,-0.0300670562730783,-1.2859813166027079,0.7907181908840156
-0.24300211985571354,-0.1995355692146808,0.036449927683344076,-0.0300670562730783,0.45975798242229565,0.7907181908840156
-0.23005661924076887,-0.18794824433558124,0.036449927685743476,-0.0300670562730783,-0.3228222365502722,0.7907181908840156
-0.22329109152448454,-0.2280790659829128,0.01060522598402568,-0.004208729283184849,-0.7124372810305079,0.4999953487984247
-0.2578973494397158,-0.23407659427201621,0.03124592539102473,-0.024860310443298218,0.2789110585171441,0.7498785535434206
-0.2846773380217285,-0.26949913981848306,-0.02121592588794101,0.027629198612527706,0.9818482249580841,-0.43447092933383147
-0.20609562704582907,0.019717026861144973,0.03644992768843618,-0.0300670562730783,-1.2567253291194478,0.7907181908840156
0.038807824957732655,-0.18654054494983652,0.03644992769410766,-0.0300670562730783,-0.5293291997152709,0.7907181908840156
0.29996909037946345,-0.0479664351906662,0.03587628152582628,-0.02949310767846781,1.1428005963345647,0.7498785535434206
-0.29944216158985576,-0.2694740836805491,-0.1947031251002161,0.2012078582241129,0.5975900867338856,-1.6596600495516787
-0.29612984878663146,-0.2684353928716501,0.010511046317526744,-0.004114500153811569,1.2762937492485862,0.5258124351612379
-0.29982829062222704,-0.2701893225270278,-0.1947031251002161,0.2012078097824833,0.5975896200440608,-1.6596600495516787
-0.2616756252021032,-0.26094132979867235,0.03644992767701578,-0.0300670562730783,-1.3241216837987373,0.7907181908840156
-0.24635864347895406,-0.2529188099983601,0.03644992768253235,-0.0300670562730783,1.325588154651122,0.7907181908840156
-0.29984292154108133,-0.27023943480289575,-0.1947031251002161,-0.0300670562730783,-1.630527549921214,-1.6596600495516787
0.053529073832750476,-0.15002008499571762,-0.1947031251002161,-0.0300670562730783,-1.1747165483120297,-1.6596600495516787
2.106018619526679,1.0838899280390246,-0.1947031251002161,-0.0300670562730783,-1.404500695016676,-1.6596600495516787
-0.23271690196461833,-0.2622624716170089,-0.1068676813195401,0.11332610955625291,0.4323019207182934,-0.7845249636817878
0.2731693818633428,-0.19907316957826302,0.03644992769499563,-0.0300670562730783,-1.3844257275072347,0.7907181908840156
0.0556699589372735,0.24998293447431028,0.022968815590019256,-0.016578836947185937,-0.7958032192575227,0.05560471875330725
-0.28124384304277644,-0.2069430747202502,0.022606675882433307,-0.01621650635758079,-0.8989477743554297,0.46400109215925645
-0.29441548677305557,-0.26127617091469907,0.03644992756081627,-0.0300670562730783,-0.40965905157047744,0.7907181908840156
-0.2977634226830555,-0.26983170310378846,-0.1947031251002161,0.2012078597058886,0.7761666762751854,-1.6596600495516787
-0.25810186424022213,-0.1909276469190022,0.00900253924224708,-0.002605197615418791,-0.5677679760243899,-1.496301500189299
-0.2984377172041651,-0.2650163689590241,-0.1947031251002161,0.2012078595361448,0.6137285703513276,-1.6596600495516787
-0.2304545166209142,-0.2570826845568413,0.036449927685683066,-0.0300670562730783,-0.6402484976943279,0.7907181908840156
-0.29868453444396753,-0.2671506963448539,-0.1947031251002161,0.20120785942460637,0.5975900982995178,-1.6596600495516787
-0.1987757147303494,0.09330234831176627,0.03644992768900419,-0.0300670562730783,-1.0611114463690643,0.7907181908840156
-0.28912227478234503,-0.2606976019114965,0.03332957401139372,-0.026945057611114216,-0.3026207254070569,0.7491863563003599
-0.2286759057897609,-0.2561715522683334,0.03644992768594786,-0.0300670562730783,-0.5727664070947047,0.7907181908840156
-0.21210543599694526,-0.07389953795232303,0.10691813609599095,-0.1005724154129612,-0.7463368254995763,0.24149548182084277
1.5603674066335445,0.4126109366500898,0.03578238199751713,-0.02939915864563986,-0.013386544557417399,0.7664570201866325
-0.24930009429556813,-0.22339356818926082,0.03644992768173233,-0.0300670562730783,-0.08797377283649702,0.7907181908840156
0.6151375301806348,0.2995690314456328,0.03644992769547518,-0.0300670562730783,-1.4029619316747088,0.7907181908840156
-0.2866178431506388,-0.2681256078935574,0.03644992764068631,-0.0300670562730783,-0.40115104165902604,0.6681992788622308
-0.29887091962763274,-0.26923035579337323,-0.1947031251002161,0.20120785930283844,0.6077974423681083,-1.6596600495516787
-8.890623247968856,0.15618414320314072,-0.2360728966989053,0.24259944173877301,-0.631516141102876,0.6375695508567847
-0.2618632826395818,-0.2642464621752349,0.036449927676920596,-0.0300670562730783,-0.5320774325546955,0.7498785535434206
-0.2890879239293828,-0.2685902853606964,-0.1947031251002161,0.20120785999123192,0.5975901037584254,-1.6596600495516787
-0.1941459831033345,0.27203916934836586,0.03644992768932285,-0.0300670562730783,-1.273520765315866,0.7907181908840156
0.10625985957388305,-0.06520961375067871,0.03634401858755792,-0.029961091331048652,-0.7741004653388761,0.7701267770988418
-0.0455826788667635,-0.19276357848034564,0.01679644878571044,-0.010403216081353809,-0.4110402027450864,-0.30062673973020104
-0.29684739993739717,-0.2691460760566862,0.03644992745084118,-0.0300670562730783,2.369106876098278,0.7907181908840156
1.1243730221724095,0.5673120879158503,-0.030480016875930386,0.036898173663117775,-1.09559197829887,0.2189632681156871
-0.2909861266189971,-0.2692144109783243,-0.1947031251002161,0.20120785997657312,0.5975901036172016,-1.6596600495516787
0.3254733264500749,0.22703151212679565,0.03607310094580754,-0.0296900308612965,-1.417597306331371,0.627359641521636
-0.27047326032186364,-0.263260161472925,0.033460976686189164,-0.02707652951762994,0.27306899900972587,0.7491863563003599
-0.2530297063495924,-0.25545631342185465,0.03644992768057343,-0.0300670562730783,-1.265658940300339,0.7907181908840156
-0.2565872460753524,-0.16274176957400951,0.03185735910342935,-0.025472066502090534,1.8701846378684026,-1.0831004635668093
0.005204421110925268,0.22196106094124904,0.027587763601477085,-0.021200220061319552,-1.097099999675149,0.05560471875330725
0.04119012022335107,0.7716471705980801,0.035904068479360104,-0.029520909282171656,0.5098279322851466,0.6886190975325285
-0.2669449824338122,-0.2658705554795002,-0.1947031251002161,0.20120786003726804,0.5975901042019403,-1.6596600495516787
-0.25181343170396825,-0.26355627946669014,-0.1947031251002161,0.2012078600443125,0.5975901042698072,-1.6596600495516787
-0.27964684644348803,-0.25997780740357523,0.033064376546170574,-0.02667972030200024,0.773286358905525,0.7076545217167038
-0.2901019102186741,-0.24778685738333922,-0.06570695112859294,0.07214367942668903,1.4335161743484555,0.2923361758801456
-0.29383184033615173,-0.25237896411741917,0.018763948730280366,-0.012371753408369032,0.6899027188489583,0.44066415653605917
-0.01925974746721993,-0.19978613059402048,0.03644992769365838,-0.0300670562730783,-1.324083421510951,0.7907181908840156
-0.20076329325035605,-0.07261256359480558,0.02842770151336194,-0.022040600792200944,0.5554680954601224,0.4231614548186614
-0.22100771399285907,-0.017498171462961194,-0.03699754195440232,0.043419134762037334,-1.2097327972568845,-0.9951506962131852
-0.26287949537304656,-0.24516735205387893,0.013711344550928952,-0.007316485401341727,0.6838281926517488,0.5456803668404463
-0.26600033397735207,-0.26556988182429264,-0.1947031251002161,0.20120786003789218,0.6132536444166771,-1.6596600495516787
-0.22945293480630377,-0.25616016311472706,0.03644992768583384,-0.0300670562730783,-0.6355322875130655,0.7907181908840156
-0.25063118984785293,-0.18467272375839527,0.03644992768133889,-0.0300670562730783,-0.9765059023129049,0.7907181908840156
-0.29746285271963635,-0.26753109407530595,-0.1947031251002161,0.20120785975056102,0.6014609459497016,-1.6596600495516787
-0.29672462744440264,-0.26819849847663796,0.024425441862180552,-0.018036231384321467,0.7389496675858432,0.7491863563003599
-0.2574908643463299,-0.23050723353178645,0.030354983641042162,-0.0239688989900182,1.2892710750874097,0.6465782943877982
-0.23507725085195538,-0.1913331007873882,0.036449927684926775,-0.0300670562730783,-1.1552614372445342,0.7907181908840156
-0.2948232441202549,-0.2677178761944501,-0.1947031251002161,0.20120785991308465,0.6184848826680228,-1.6596600495516787
-0.2420682855566674,-0.2600256418487219,0.03644992768355316,-0.0300670562730783,-0.43497735428792994,0.7090389162028258
-0.15038267836605318,-0.16560500279064566,0.036414018090409214,-0.03003112774064118,-1.2298137427973668,0.458463514214769
-0.2970013426488202,1.3103381913633418,33.8121179198084,-33.82354152919725,0.5975901019233657,-0.5110452493474469
-0.2762063540685622,-0.251499721459009,0.026045334163273332,-0.019656977485382816,0.714581721929241,0.7090389162028258
-0.08244496085663185,-0.035871154060723526,-0.0027528021770787717,0.009156341216179415,0.11690372323027581,-0.17653637770902159
0.6906260740726704,0.23890128801533267,0.029752558780300163,-0.023366156515184103,-1.2086101827257254,0.621726588095347
-0.17212835860838518,-0.06785645304879422,0.035169639425384994,-0.028786093041924265,-0.8856464734710334,0.586520004181041
-0.29346097834954143,-0.26132856102128826,0.01656604176358782,-0.010172687701370968,1.7399098789738763,0.38232181747806665
-0.22374878483386035,-0.2576885875286991,0.0364499276866168,-0.0300670562730783,-0.533595767239509,0.7498785535434206
1.0789332049725011,3.18315010991489,-0.10600322436408181,0.11246119687083365,0.6277435683468647,-0.27111237997145193
-0.10333950329778961,0.004337113831131198,0.03644992769253723,-0.0300670562730783,-0.5763937532709705,0.7907181908840156
0.7134471268507909,0.9343161737268425,-0.08173694746561562,0.08818212682807523,-0.8494525457473321,-0.38909355451094835
0.28129558503307384,-0.1984080430076522,0.036449927695013574,-0.0300670562730783,-1.3669896499854326,0.7907181908840156
-0.23804923576009138,-0.2600119748643943,0.036449927684380816,-0.0300670562730783,-0.5066115204899212,0.6681992788622308
-0.29068078570377764,-0.26517353927879167,-0.1947031251002161,0.20120785997934104,0.5975901036438679,-1.6596600495516787
-0.2248871339334129,-0.21505215208797074,-0.04380524148331666,0.050230423299257615,-0.12279013538310293,0.2508043412964899
-0.2683950337176513,-0.17192370521144812,0.036449927672899896,-0.0300670562730783,-0.6185191390212054,0.7907181908840156
-0.2964809908391338,-0.2664035678682774,-0.010130583590595429,0.01653801196936389,0.7535794176027394,0.003096613601113984
-0.2873716535350868,-0.26299137744781526,0.03644992763732611,-0.0300670562730783,-0.38514559378680063,0.7907181908840156
-0.28273683289281826,-0.2674900931223231,0.036449927653299054,-0.0300670562730783,1.7286761213962678,0.7907181908840156
11.516656478745162,6.977344131487621,-0.12779559295829004,0.13426505436893538,0.5995506546443635,-0.24757767370738018
-0.29360283464973713,-0.26121011382378223,0.006052105267892476,0.00034679172295840424,0.14728751421242528,0.6465782943877982
-0.29981302357646605,-0.27006176400663673,-0.1947031251002161,0.20120783545591625,0.5975898673835913,-1.6596600495516787
0.1733486657263036,-0.19814381464398495,0.032862668955097624,-0.02647790633612506,-0.7988977659867798,0.6948933434926756
-0.2389032361323458,-0.1970231219291202,0.03644992768421408,-0.0300670562730783,-0.9300978629036982,0.7907181908840156
0.3130850730054056,0.7490328671973134,0.03644992769507919,-0.0300670562730783,0.6667531836666265,0.7907181908840156
-0.29785693333834146,-0.26984537008811604,-0.1947031251002161,0.2012078596892327,0.6054406114698523,-1.6596600495516787
-0.05212906086368721,0.23891723283038152,0.03644339810535576,-0.03006052324273459,-0.5667560656130725,0.30064254279687685
-0.1882424073456384,-0.20045581282607378,0.036449927689690804,-0.0300670562730783,-1.104402850549648,0.7907181908840156
-0.17173427798968008,-0.07051012583907355,0.006587701324798402,-0.00018908658722913827,-1.2143414131697452,0.5456803668404463
-0.29762792765192686,-0.26801399418821514,0.03644992736435299,-0.0300670562730783,-0.4345620444706207,0.7907181908840156
1.2505837810976494,0.35415724468086385,0.027677452388275656,-0.021289956129972473,-1.4456652682833961,0.33386801046380155
-0.28660989156430494,-0.26761309598127164,0.03644992764071973,-0.0300670562730783,0.12636772109578567,0.7907181908840156
-0.2980684455348216,-0.2677178761944501,0.03644992728195166,-0.0300670562730783,-0.4108338227025254,0.7907181908840156
-0.29754872985204184,-0.2697998134736907,-0.1947031251002161,0.20120785973899188,0.7066328756096386,-1.6596600495516787
0.02816987469686829,0.2877880909552254,0.036449927694037265,-0.0300670562730783,0.6846574636812628,0.7907181908840156
-0.2671510875515853,-0.255695485647588,0.029610960193580976,-0.023224483299664787,0.31820829062724665,0.6681992788622308
-0.14072595385878467,-0.1969023969008929,0.03644992769165811,-0.0300670562730783,0.07397791268871563,0.7907181908840156
0.34571106786005745,0.4337287052669822,0.03644992769513981,-0.0300670562730783,-1.448219739212573,0.7907181908840156
2.2907715015492753,0.25010593733325887,0.03643372278192022,-0.03005084281579768,0.252869245368508,0.586520004181041
-0.12567614543645259,-0.16236592750499998,0.036449927692057384,-0.0300670562730783,-1.0265837038392036,0.7907181908840156
-0.27134920707239946,-0.21748031963684436,0.036449927670476036,-0.0300670562730783,-0.05620828588616542,0.7907181908840156
-0.25731497525662533,-0.17363435608312175,0.03644992767899091,-0.0300670562730783,-1.2874838503289394,0.7907181908840156
-0.16952278279851252,0.04854525246953574,0.034616409467489506,-0.028232571421925222,-0.6655192604167701,0.7076545217167038
-0.2998416492872679,-0.2702371569721745,-0.1947031251002161,0.20120728187378273,2.8256966181955114,-1.6596600495516787
2.5742525517466412,0.25010593733325887,0.033007048542420606,-0.02662236203884727,2.659337546742416,0.7498785535434206
-0.287023692117118,-0.26738303507842337,0.03644992763892631,-0.0300670562730783,-0.2920205870028819,0.7907181908840156
-0.28297506241938003,-0.26713702936052625,0.0336429477350394,-0.027258596519902385,1.227671005621017,0.7498785535434206
-0.29184776051413197,-0.2637817847080958,-0.06220185858393806,0.0686367389861108,0.660612407370111,-1.0295627877253573
-0.22042724819048873,-0.2290061430864696,0.036449927687020885,-0.0300670562730783,1.6983927535671042,0.7907181908840156
-0.2837180586464141,-0.2500236871516262,-0.06403692817070772,0.07047277606514918,1.4101760026097339,0.2508043412964899
-0.271954163760678,-0.24762740923285034,0.036449927669916324,-0.0300670562730783,0.07928078775800705,0.7907181908840156
-0.22943257874528908,-0.1029965475858236,-0.008528288840007576,0.01493487269978778,-0.011485622191402981,-0.7611880280585908
-0.28763723651863704,-0.24342481155210755,0.034775385651400245,-0.028391631472459718,-0.8516879353932865,0.6156911737100376
-0.18084075272264688,-0.22360085078489636,0.0346298443709677,-0.028246013408800872,-0.670595488831308,0.7498785535434206
-0.2973604362876565,-0.26916657653317766,0.03644992740011849,-0.0300670562730783,2.0069708633019907,0.7907181908840156
-0.2966425670734374,-0.26296404347915997,-0.1947031251002161,0.2012078598297783,0.7083095243916099,-1.6596600495516787
-0.24933889803687725,-0.24784835881281347,-0.1947031251002161,0.20120786004506291,0.5975901042770368,-1.6596600495516787
-0.2608709246651186,-0.2650004241439752,-0.020766249208815275,0.02717928489417345,2.0754189744267606,0.3183561204385807
0.08140765358264651,-0.03004218524499407,0.03644992769435026,-0.0300670562730783,-1.5571629587514755,0.7907181908840156
-0.253059922377661,-0.26006892063242604,0.03644992768056329,-0.0300670562730783,-1.240822444972326,0.7907181908840156
-0.22805186529428112,-0.2566931755035042,0.03644992768603768,-0.0300670562730783,-0.5626326221338562,0.7907181908840156
-0.2944657407986854,-0.2679137696364793,0.03644992755955025,-0.0300670562730783,-0.4330428110506695,0.7907181908840156
-0.2976772274871967,-0.25496657981678167,0.03560122324291467,-0.029217904723683952,-0.934833890622217,0.5184539419467161
0.6898617675942618,1.5678833996944346,0.029620208822852555,-0.02323373678304179,-1.2451583121455019,0.4999953487984247
-0.25309777192861005,-0.2518482295593633,0.02115590255099739,-0.014764968156847443,1.047525299280728,0.5079822400645123
-0.29984292154108133,-0.27023943480289575,-0.1947031251002161,-0.0300670562730783,-1.630527549921214,-1.6596600495516787
-0.28508096054403426,-0.2676472634420907,-0.1947031251002161,0.2012078600097973,0.5975901039372853,-1.6596600495516787
-0.1551921158442129,-0.263943510689306,-0.1947031251002161,0.2012078600545428,0.5975901043683663,-1.6596600495516787
-0.19294338518620455,-0.193754434844098,-0.1947031251002161,-0.0300670562730783,-0.9251166181296189,-1.6596600495516787
-0.1503422843074773,-0.22679436945611664,0.01243338742804068,-0.0060378545264306955,-0.7105995777694939,-0.16901328661996473
-0.11248732627969238,-0.16352534334212632,0.036449927692354535,-0.0300670562730783,-0.723682745460007,0.7907181908840156
-0.250936212699619,-0.2580940413970851,0.036449927681245706,-0.0300670562730783,1.2150014424913074,0.7907181908840156
-0.20748651852734437,-0.20903412332237592,0.013365748397817612,-0.006970707038530577,-1.0797193030293983,-0.026074555927882544
-0.29327650154659635,-0.23992834139495836,0.036449927584313035,-0.0300670562730783,-1.1934301173370412,0.7907181908840156
-0.25448929953703203,-0.24557963941442879,0.025355333322503008,-0.01896661286232154,1.8654762878606281,0.6661226871330481
3.7660541230159525,0.4148568777412618,0.03644992769609787,-0.0300670562730783,-1.243381730356611,0.7907181908840156
-0.2606117029506354,-0.21828894954289516,0.03644992767753818,-0.0300670562730783,0.11166160429469767,0.7907181908840156
0.4865788268427381,0.12405761871035122,0.0364499276953438,-0.0300670562730783,2.665849417963966,0.7907181908840156
-0.2998212932262533,-0.2701893225270278,-0.1947031251002161,0.20120782604861603,0.5975897767530461,-1.6596600495516787
-0.2655168775282546,-0.26545826811895046,-0.1947031251002161,0.2012078600381983,0.6128678702276346,-1.6596600495516787
-0.26564028614815577,-0.26564505023809454,-0.1947031251002161,0.20120786003812097,0.612964435113551,-1.6596600495516787
0.7973519477820162,1.7174207087150763,0.03415602709340733,-0.027771946329984854,0.7327649394498246,0.7090389162028258
-0.2989615677118385,-0.26970414458339736,-0.008262464278938876,0.014668907172237828,0.6209085416102341,-1.1612780345478086
-0.29984292154108133,-0.27023943480289575,-0.1947031251002161,-0.0300670562730783,-1.630527549921214,-1.6596600495516787
0.4189636256750174,0.8900283110131935,0.03644992769525588,-0.0300670562730783,-1.2996876989014912,0.7907181908840156
-0.254112394344808,-0.2624651985512019,0.036449927680201596,-0.0300670562730783,-0.7380903239956527,0.7090389162028258
0.20916515508154537,1.4762531032699135,0.036332353196385433,-0.029949419789533516,-1.3907960771811039,0.7498785535434206
-0.2425523781326716,-0.23149808989553877,-0.01538796316971156,0.0217981634369237,0.4928782354988418,-0.8428673027397806
-0.26579359273267217,-0.2655835488086203,-0.1947031251002161,0.20120786003802416,0.6131169114616005,-1.6596600495516787
-0.299842603477628,-0.2702371569721745,-0.1947031251002161,0.20120554733359206,2.825663196848464,-1.6596600495516787
-0.2928960976563854,-0.25841065986734163,0.036449927590444214,-0.0300670562730783,0.5807575676709319,0.7907181908840156
0.5996328910200069,-0.12730783487393632,0.0199486637885571,-0.013557092925057782,-0.37742134050382886,0.5281776651230485
-0.2725454437204623,-0.2586817217231727,-0.1947031251002161,0.20120786003268054,0.6722033841006846,-1.6596600495516787
-0.16300566263929736,0.07679263124400268,-0.026824069942738546,0.03324029931543014,-0.9527700190163416,0.3239794784200739
-0.22702865516484264,-0.2581145418735766,0.03644992768618158,-0.0300670562730783,-0.5097823259611045,0.6681992788622308
-0.28935541529365316,-0.26855156223843485,-0.1947031251002161,0.2012078599894874,0.7255076944486747,-1.6596600495516787
-0.2657675115294972,-0.20406845235000773,0.036449927674702606,-0.0300670562730783,-0.7919313988407543,0.7907181908840156
-0.28567096825000515,-0.2604789301622546,-0.05056513516695239,0.056993880746422004,1.9733053624569519,-0.12298216995641274
2.3051953610954072,0.3104684514469089,0.03643003065886099,-0.030047148746255217,0.38573705281112947,0.586520004181041
-0.2998047539266789,-0.27018021120414276,-0.1947031251002161,0.20120784078672005,0.5975899187409033,-1.6596600495516787
-0.03389193857529873,0.732238421289391,0.03622241185324827,-0.029839420486809043,-1.0916748035833266,0.6841800065172464
-0.2925001086569602,-0.26700263734797136,0.025065494566793228,-0.018676621388023167,0.5699871558274779,0.6964728739441813
-0.2947176470537415,-0.2690139618748526,0.024687143441157165,-0.01829807083959627,1.8083011722465916,0.6245908525493922
-0.2105828662457416,0.10443638487733306,0.03644992768804192,-0.0300670562730783,-1.3998207168796113,0.7907181908840156
0.2647521506337932,2.606120920279936,0.03377222228727176,-0.027387939183174368,-1.3862896789826666,0.08387831383525773
-0.23584537409180434,-0.09684868246911639,0.016110159285811654,-0.009716564779280465,-0.7161366787905075,0.30064254279687685
-0.2821522322655543,-0.2617271813975105,-0.011817090588643121,0.01822540826854571,0.7627960947546301,0.12620883754552215
-0.29457610881699914,-0.26781810074618595,0.036449927556685066,-0.0300670562730783,-0.4084872984276143,0.7907181908840156
-0.2375066195086701,-0.19698667663757988,-0.003841778343114065,0.010245891480368542,0.0005172827275633529,0.416931679631113
-0.2976629146317958,-0.2698294252730672,-0.1947031251002161,0.20120785972219754,0.6587056714035451,-1.6596600495516787
0.18043066657867482,0.5878285092223275,0.034164410425310994,-0.027780334082429442,-0.7870084651774313,0.7426715587186098
-0.29473768505130277,-0.2648113641941098,-0.1947031251002161,-0.0300670562730783,0.17767508837747284,-1.6596600495516787
-0.299487326600232,-0.26841489239515864,0.03644992562872009,-0.0300670562730783,0.1830565711094299,0.7907181908840156
-0.2598267223477587,-0.20513675495828324,-0.1947031251002161,-0.0300670562730783,-0.9608808966675206,-1.6596600495516787
-0.22122590552185964,-0.17073923323638782,0.035716743802759736,-0.02933348585548783,0.11726846415076728,0.7491863563003599
-0.12618822759635187,-0.20129633236222236,0.036449927692044935,-0.0300670562730783,0.16411159506411893,0.7907181908840156
0.6085809701532038,0.11758630163122372,0.03166881934354542,-0.025283427328137195,-1.2770224022243137,0.4999953487984247
-0.2934053172452045,-0.2618889073787206,0.03644992758207261,-0.0300670562730783,-0.5796574354050422,0.7907181908840156
-0.26589664529155876,-0.2655676039935714,-0.1947031251002161,0.20120786003795854,0.6131222938371118,-1.6596600495516787
-0.25275362727208145,-0.26261325754808446,0.03644992768066551,-0.0300670562730783,-0.7675439462302135,0.7498785535434206
-0.27627982672628687,-0.2661621178118228,0.03644992766507679,-0.0300670562730783,-0.6424719748169357,0.627359641521636
0.6323135927886356,1.7739336889097803,0.010690467635634764,-0.00429401586524229,0.41900541670118935,0.5281776651230485
-0.2807734271952665,-0.21143040124115176,0.03644992765772425,-0.0300670562730783,-0.5043349490403168,0.7907181908840156
-0.2645518730107797,-0.2640574022253695,0.03644992767544583,-0.0300670562730783,-0.5553457171420578,0.586520004181041
-0.18449911856311993,-0.1546395256984528,0.021199884154085365,-0.014808972937610403,-0.8768442229811094,0.67403351276803
0.5086896439295201,-0.19794564337123446,0.036449927695369394,-0.0300670562730783,-1.3438157688405596,0.7907181908840156
-0.29292313304992046,-0.2646838056737187,-0.010012303491714534,0.016419669625894757,1.843353255393438,0.46400109215925645
0.11243378926692972,-0.15791960193708132,0.036449927694495406,-0.0300670562730783,-0.8642199172042118,0.7907181908840156
0.9412750242976117,0.7069043880074283,0.04537810053412134,-0.038999936030590696,-1.3532916056566502,0.3414821801374716
-0.2607974520073939,-0.03719229587906001,-0.1947031251002161,-0.0300670562730783,-0.24730136530643426,-1.6596600495516787
1.0007207656659451,0.5029474252249293,0.03644992769571338,-0.0300670562730783,-1.2915294832550674,0.7498785535434206
-0.29534168754922124,-0.2529279213212452,-0.08951476593136769,0.09596404558514109,0.3075821381459659,-0.5458517584445449
1.7332695624476393,4.88612469205784,-0.004241429547644926,0.010645753391842443,0.6346138561304848,0.2508043412964899
0.21048543647641613,-0.16042749356119937,0.02629437570022486,-0.019906150286972138,1.8085218612442515,0.4999953487984247
-0.01583229569388157,-0.19136726824820724,0.01998720032050638,-0.013595649775180072,-0.14058769963324463,0.5415271833820807
-0.2828659666548798,-0.26767459741074595,-0.1947031251002161,0.20120786001629873,0.5975901039999207,-1.6596600495516787
-0.24533447915915552,-0.19698439880685856,0.03612351652385652,-0.02974047303068001,-1.1034012185082283,0.48442091082955385
0.2149033378434976,-0.19937156540274936,0.035345421351908914,-0.028961967636080617,-1.284087564510921,0.6245908525493922
-0.2520179465044746,-0.23733161437271075,-0.1947031251002161,-0.0300670562730783,0.3892305854010301,-1.6596600495516787
1.870811013835148,0.5508274269860207,0.036449927695939986,-0.0300670562730783,2.2523589018388694,0.7907181908840156
-0.2928964157198388,-0.2684809494860755,-0.1947031251002161,0.201207859953733,0.7657191277867501,-1.6596600495516787
-0.26141513123380655,-0.22376713242754903,0.032768866299341344,-0.02638405424533991,1.3720407057041566,0.3918194075572748
0.33602444538817366,-0.16470981531718662,0.03644992769512246,-0.0300670562730783,1.1182150474336092,0.7907181908840156
-0.2622732664309546,-0.11286183243964318,0.002440370411130384,0.003960430779121411,-0.5512146822006642,-0.1894331052902621
-0.05694931249926096,0.5794939266132012,0.02927437107473639,-0.02288771671207851,-1.2087145202133605,-1.1884334648525066
-0.27183202739459017,-0.2139474041881549,0.036449927670031274,-0.0300670562730783,-0.6554556797716927,-1.455461862848704
-0.2865475511274477,-0.2599459177734775,0.036449927640980234,-0.0300670562730783,-0.40306664391815095,0.7907181908840156
-0.23995189133805256,-0.15560532592427118,0.03644992768400283,-0.0300670562730783,-1.2944976976939238,0.7907181908840156
-0.29159299168799574,-0.2691961883325542,-0.1947031251002161,0.2012078599704636,0.5975901035583422,-1.6596600495516787
-0.29319126054109756,-0.26731014449534274,0.03644992758574789,-0.0300670562730783,0.42744216224940607,0.7907181908840156
-0.286385020702784,-0.24384621023554245,0.03644992764164806,-0.0300670562730783,-0.4294756627935988,0.7907181908840156
-0.21281249105375033,0.1597375591283216,0.03644992768783092,-0.0300670562730783,0.22089811349465188,0.7907181908840156
-0.1993475928194792,-0.2270608756505052,0.010236340416874348,-0.003839649237836722,-0.8430280098293602,0.45439176572617535
-0.2998206570993465,-0.2700799866524069,-0.1947031251002161,0.20120782702035908,0.5975897861148823,-1.6596600495516787
-0.09738153868957004,-0.20992247730367114,0.03644992769264733,-0.0300670562730783,-0.9947965896504168,0.7907181908840156
-0.2997993468479719,-0.27018021120414276,-0.17445614385139768,0.180950187751855,0.7114353610651027,-1.5371411375298938
-0.129271852776615,-0.0688769212119231,0.03387236512074207,-0.027488134814803156,0.07912522437950871,0.7164643048102067
-0.26450193704860325,-0.2580416512904959,0.03513515146248276,-0.028751586912075397,0.7803305232691483,0.7491863563003599
-0.2657226645825744,-0.26565416156097965,-0.1947031251002161,0.20120786003806904,0.613022324363647,-1.6596600495516787
0.7929947965345252,-0.19885221999829983,0.03644992769560593,-0.0300670562730783,-1.355570968778072,0.7907181908840156
-0.2965690944157127,-0.2601805343377683,0.03644992747170559,-0.0300670562730783,-0.6832582556520116,0.7907181908840156
-0.28968333871406077,-0.266738408984304,0.03537890352388178,-0.028995467530778987,-0.31982907418660755,0.7498785535434206
-0.29762601927120674,-0.2669274689341694,-0.1947031251002161,0.20120785972781333,0.5975901012206339,-1.6596600495516787
2.4227325296476954,4.747306854411494,-0.044238537756092655,0.0506639480147101,0.6354390942506031,-0.8858563946772489
-0.15297330519361824,-0.18427638121289433,-0.009455600264985863,0.015862673007371108,0.9133738452732426,0.30064254279687685
-0.154895362642234,-0.14104543195391456,0.008425627263253922,-0.0020279814767638154,-0.8121183676146836,0.2923361758801456
0.5507045538637166,0.9794513894688037,0.018552608617502814,-0.012160301755897674,-1.1671990197505682,0.44066415653605917
-0.2908099194658392,-0.26628056500932884,-0.1947031251002161,0.2012078599781933,0.5975901036328104,-1.6596600495516787
-0.18733942520156754,-0.16733159847736817,0.03318764222881342,-0.026803050940238122,-1.0566698052334,0.6946249265532042
-0.033083421276873894,0.2783009260011366,0.036449927693522594,-0.0300670562730783,-0.9055316838694523,0.7907181908840156
-0.28503834004128487,-0.2679547705894621,0.036449927646617475,-0.0300670562730783,2.0490785991979656,0.7907181908840156
-0.29809102804000975,-0.26991370500975415,0.030070975940140694,-0.023684741963211155,1.8912575378518015,0.7090389162028258
-0.2969863936665127,-0.25189378617378866,0.01259079374512739,-0.006195344080482628,0.17211167270407016,-0.43447092933383147
-0.2777629566092747,-0.26628512067077137,0.03644992766298091,-0.0300670562730783,-0.5717383656698031,0.627359641521636
0.3344322197406856,-0.16485787431406915,0.03644992769511956,-0.0300670562730783,1.0906461823705553,0.7907181908840156
-0.2761058460173025,-0.2663283994544755,0.03644992766530548,-0.0300670562730783,-0.5873158781073816,0.7090389162028258
1.0848612716161052,2.6121025037539902,0.034530531199379585,-0.02814664787381027,-1.4118186805400978,0.3194916061848437
-0.26146284075180964,-0.2673921464013085,-0.1947031251002161,0.2012078600404619,0.5975901042327103,-1.6596600495516787
-0.2830768427244532,-0.2557979880300451,0.03644992765242743,-0.0300670562730783,0.6634026964699047,0.7907181908840156
-0.2630458425591504,-0.2640733470404184,0.03644992767629847,-0.0300670562730783,-0.4690043914945077,0.7090389162028258
-0.18871982058912215,0.3224726193480008,0.0364499276896625,-0.0300670562730783,-1.4237193750346362,0.7907181908840156
-0.29984101316036116,-0.2702257678185681,-0.1947031251002161,0.20120747460207664,0.5975863908941242,-1.6596600495516787
-0.08345385813066945,-0.18708950215366255,0.036449927692881044,-0.0300670562730783,-0.1850887328597533,0.7907181908840156
-0.22438491174056757,-0.25839927071373525,0.03644992768653534,-0.0300670562730783,-0.5731291531107958,0.7498785535434206
-0.1500433046613249,-0.1895290588561425,0.03644992769137071,-0.0300670562730783,-1.0555752282191115,0.7907181908840156
-0.20375213552151977,-0.19964946075074427,0.03624563965937134,-0.02986266054348534,-1.0560633104140262,0.7498785535434206
-0.28261469652673044,-0.2672486430658685,0.02658775018223652,-0.020199679476818454,1.7422944955705841,0.6681992788622308
-0.12744012534875163,0.44045969504833454,0.03644992769201419,-0.0300670562730783,-0.9141036145643701,0.7907181908840156
-0.060968044232383625,-0.19006207124491964,0.029814460001309762,-0.023428090372759634,-1.0385653596468511,0.7323758518260228
-0.2944520640701912,-0.2560257711021721,0.03644992755989714,-0.0300670562730783,-0.06694082710174874,0.7907181908840156
-0.2572529528832214,-0.26232397304648314,0.03644992767901609,-0.0300670562730783,-0.7639670947146586,0.5456803668404463
-0.23960679249116393,-0.25984341539102035,0.036449927684073166,-0.0300670562730783,-0.5715998813440992,0.6681992788622308
2.6582553362214996,1.3963536350599326,0.018045995622982522,-0.011653421675164642,-1.4651478496382675,0.416931679631113
-0.2264386474588717,-0.25843799383599686,0.03644992768626275,-0.0300670562730783,-0.5332337911824229,0.627359641521636
-0.2960124833723439,-0.2680572729719193,0.0364499275043389,-0.0300670562730783,0.6506889787827996,0.7907181908840156
-0.28672471247096565,-0.2680686621255256,-0.1947031251002161,-0.0300670562730783,2.2350221203311076,-1.6596600495516787
-0.24663567674682507,-0.2524404655468934,0.0036682973855648956,0.002731856449216811,0.34408403193762566,0.4231614548186614
-0.1090182081939647,0.009377953217301319,0.03644992769242588,-0.0300670562730783,-0.9518176839069188,0.7907181908840156
0.09159395373974874,0.13927125009771238,-0.029713606716100023,0.03613135945165956,0.026276121299820907,-0.05423982305932727
-0.29371733749294443,-0.2692235223012094,-0.19109042096938803,0.1975932511966161,2.621395186967098,-1.6166709576142102
-0.25901438828789364,-0.2503015824996211,-0.05173743076337882,0.05816679440918408,0.9987227950478368,-0.3499751279394973
-0.15378881988801685,-0.20502969691438358,0.03644992769124486,-0.0300670562730783,-0.0773403384389225,0.7907181908840156
0.9219033696711109,2.410478039630072,0.03622817451065836,-0.029845186180119453,-1.4618283393757394,-0.10032844200169139
-0.2881976643234461,-0.2647407514417504,0.03644992763314453,-0.0300670562730783,0.19101172878981137,0.7907181908840156
-0.03460185620318397,-0.1929025261543431,0.03644992769350681,-0.0300670562730783,0.3501372560480528,0.7907181908840156
2.7956310765498107,2.790745933731018,0.036449927696041176,-0.0300670562730783,-1.2322066978790585,0.7907181908840156
0.822060389092337,0.48414848828228946,-0.1947031251002161,-0.0300670562730783,-1.282602529976667,-1.6596600495516787
-0.017932468676375383,0.07604778059814744,0.03644992769367072,-0.0300670562730783,-1.3599861716628916,0.7907181908840156
-0.0322548659808878,0.004630953994175006,0.015486618803929623,-0.009092695559063993,0.20162107686751932,-0.7611880280585908
-0.2940881994795547,-0.2669297467648907,-0.1788227711253507,0.1853191338585882,1.4612273718113162,-1.5765963803843668
0.3334843906496919,0.38673022399502216,0.03644992769511782,-0.0300670562730783,0.7682395600381773,0.7907181908840156
-0.09228266346885854,-0.0191587100587669,0.03644992769273651,-0.0300670562730783,-1.2466593177055478,0.7907181908840156
-0.033955233202516116,-0.19336492579076087,-0.0018393470385343884,0.00824240450609892,-0.8875462460215283,0.3283826738206772
-0.29036876545603774,-0.265066481234892,0.0364499276186767,-0.0300670562730783,0.0405419898516072,0.7907181908840156
0.06784288342402234,-0.12310523719319352,0.008187810077168282,-0.0017900389107468005,-0.9933745695429936,0.2359155704080095
1.8792361966510316,0.35648746550872284,0.03644992769594129,-0.0300670562730783,-1.569613613152822,0.7907181908840156
-0.23423247431984823,-0.24162532528230438,0.03644992768507295,-0.0300670562730783,-0.17541002621653928,0.7907181908840156
-0.22122590552185964,-0.17073923323638782,0.035716743802759736,-0.02933348585548783,0.11726846415076728,0.7491863563003599
-0.29947142342756433,-0.26937841479025576,-0.1947031251002161,0.2012078580795347,0.5975900853410093,-1.6596600495516787
-0.29557069323563584,-0.25918512231257335,0.03644992752418737,-0.0300670562730783,1.6890890719837406,0.7907181908840156
-0.23760172048122288,-0.15435707468901533,0.020435956788949328,-0.014044642836575926,1.90712501522135,0.4999953487984247
-0.29984292154108133,-0.27023943480289575,-0.1947031251002161,-0.0300670562730783,-1.630527549921214,-1.6596600495516787
-0.2810625468743649,-0.26521909589321707,0.03644992765713072,-0.0300670562730783,1.0638472888170416,0.7907181908840156
-0.2677888047755593,-0.2611668350400781,0.03644992767334205,-0.0300670562730783,-0.35886508820270685,0.7907181908840156
0.26789207304529994,-0.19951279090746807,0.0364499276949837,-0.0300670562730783,-1.286196596803385,0.7907181908840156
-0.05427598917382397,0.3820492818628127,0.0352472608162679,-0.02886375535192171,-0.9662268894747457,-1.2512636761457296
-0.24873934842730575,-0.2584630499739308,0.02206751225743617,-0.015677058461188376,-0.17021609696538512,0.6661226871330481
0.33577603783110455,-0.16396952033277393,0.036449927695121995,-0.0300670562730783,1.293810044121007,0.7907181908840156
-0.09321681583135805,0.043827865045785945,0.03644992769272049,-0.0300670562730783,0.40155054252749844,0.7907181908840156
-0.28362073122968784,-0.26774976582454785,-0.1947031251002161,0.20120786001428276,0.6193894238106452,-1.6596600495516787
0.01266873423422746,-0.18785029761456662,0.0364499276939261,-0.0300670562730783,-0.5252277154198826,0.7907181908840156
-0.2961218972002976,-0.25512375013654925,0.016691567587684662,-0.010298279784915322,-0.82681300224435,0.5079822400645123
-0.2262344507218187,-0.17759778153813122,0.027571449867283847,-0.02118389773413256,0.8680042761968925,0.4231614548186614
-0.26575924187971,-0.2599345286198711,0.01738131077912811,-0.010988386431809745,0.7282081996111587,0.6661226871330481
-0.2940395357711916,-0.2691893548403904,-0.1947031251002161,0.20120785993287435,0.609068951129617,-1.6596600495516787
-0.13429502889542833,-0.10907835561161401,0.0364499276918376,-0.0300670562730783,1.656227133838072,0.7907181908840156
-0.2787654926142452,-0.21663524443925325,0.03094213098259912,-0.024556355892287624,-0.005805191064733135,0.7498785535434206
-0.1324528053736043,0.42666743003104574,0.03313644068164359,-0.02675182239754691,-0.8596349720967599,0.39335955729984895
-0.2992099752689077,-0.2678682130220539,-0.1947031251002161,0.20120785889744258,0.6826840333608842,-1.6596600495516787
-0.29984069509690786,-0.27022348998784684,-0.1947031251002161,0.2012075296673625,2.825701392714585,-1.6596600495516787
-0.22450450359902852,0.11229490086571398,0.03644992768651987,-0.0300670562730783,0.8527363188653877,0.7907181908840156
-0.12054355548968561,-0.2249675492176582,0.027275514766698934,-0.020887806611124035,-1.271955712033018,0.2598029054562819
0.9174100872655847,0.03531561164040067,0.036449927695674705,-0.0300670562730783,0.37831437938753393,0.7907181908840156
-0.24868114281534204,-0.26326471713436755,-0.1947031251002161,0.2012078600452502,0.597590104278841,-1.6596600495516787
-0.11839503686228207,-0.028333812204041724,0.035196667013379014,-0.028813134877115763,0.2985416161189137,0.7498785535434206
1.5608845778086975,-0.18202360662955847,0.03644992769588358,-0.0300670562730783,-1.172010044745374,0.7907181908840156
-0.29759993806803176,-0.26097549725949143,0.036449927368495026,-0.0300670562730783,0.41117640100317887,0.7907181908840156
-0.29680446137119443,-0.2652509855233149,0.02282706881428053,-0.016437015682791132,0.17099875009928983,0.7226521286496908
-0.29984292154108133,-0.27023943480289575,-0.1947031251002161,-0.0300670562730783,-1.630527549921214,-1.6596600495516787
-0.2933700122018823,-0.26694796941066085,0.024569130909002555,-0.01817999606153389,2.061287460023188,0.6245908525493922
-0.23939432610432373,-0.26042198439422287,0.036449927684116076,-0.0300670562730783,-0.5499751329286432,0.7090389162028258
-0.2912164045592251,-0.25837193674508,0.02577948951671826,-0.019390992740087085,0.7559785276051656,0.539397345711124
0.31634013438702635,0.39511036321857385,-0.006644402077076427,0.013049992763887526,-0.17481027569279092,0.45657570355187554
1.2766859764605656,1.4159338679399678,0.03634695773756563,-0.029964032029226945,-1.4979224606588275,0.6617509150716105
-0.29576248549800804,-0.26746275915366785,0.036449927516098574,-0.0300670562730783,-0.37309736792441256,0.7907181908840156
-0.28503834004128487,-0.2672691435423599,-0.1947031251002161,0.2012078600099407,0.5975901039386673,-1.6596600495516787
2.5237657036689183,0.3013275167624531,0.036449927696018306,-0.0300670562730783,0.20155996176939694,0.7907181908840156
-0.009367019877563056,0.4520857430496956,0.03644992769374761,-0.0300670562730783,-0.7574067068185186,0.7907181908840156
-0.29982829062222704,-0.2701893225270278,-0.1947031251002161,0.2012078097824833,0.5975896200440608,-1.6596600495516787
-0.296164517703047,-0.26295493215627486,0.03644992749640573,-0.0300670562730783,0.7114524053507182,0.7907181908840156
-0.28589870168260634,-0.21799283154913007,0.034699447191215746,-0.02831565297012115,0.14816503575781778,0.30064254279687685
-0.2957532616578608,-0.26605278193720183,0.03644992751650495,-0.0300670562730783,0.2596814526159659,0.7907181908840156
0.5132847066401195,1.0755986242136026,0.030469864911838954,-0.024083840809581324,-1.1026495809035195,0.5745083461396896
-0.09971898700826563,0.03633835763425078,-0.01015026617655391,0.016557705147079046,-0.9681211799670152,-1.5531218651849092
-0.2897841648287739,-0.24756590780337603,-0.04600501586369723,0.052431357334013454,0.14379387265963658,-0.026074555927882544
-0.16662586086536796,-0.1517945151275868,0.008710766632355264,-0.002313271171351729,-0.19135158813064151,0.46400109215925645
9.195646951572716,7.228008013209758,-0.1947031251002161,0.20120786005955066,0.5983659955440511,-1.6596600495516787
0.47838773872852297,0.25936759704594187,0.03644992769533398,-0.0300670562730783,-1.4169057141606618,0.7907181908840156
-0.23496433832601488,-0.19876566243089158,0.03644992768494654,-0.0300670562730783,-1.0759340135915145,0.7907181908840156
-0.12464498372068021,-0.13246484362689118,-0.0015759910187313475,0.007978909643972612,-0.9982553223288284,-0.23027274263085687
-0.2567341913908017,-0.20078382044993667,-0.08263051981526877,0.08907617025136776,0.2368926500880948,-1.134578998029744
-0.2814690319677508,-0.2593992384003727,0.03644992765626466,-0.0300670562730783,1.1243034173258766,0.7907181908840156
1.751583338028286,1.7091202935667689,0.028173274197276887,-0.021786039335357863,-1.4897490344567257,0.5234042010183034
-0.298164182634281,-0.26928274589996243,-0.1947031251002161,0.2012078596214415,0.5975901001958402,-1.6596600495516787
-0.29390753943804987,-0.26601633664566154,0.03644992757240908,-0.0300670562730783,0.5819487435662191,0.7907181908840156
0.16329340771198309,-0.19129893332656914,0.019650087798213804,-0.013258359526679109,-1.1338764335149294,0.6062811190232643
-0.14029020692769023,-0.1911895974519482,0.02423789789111617,-0.017848588309073977,-0.22114557198339815,0.17812363077509205
-0.1355647382012159,0.1392575831133847,-0.1391117322453759,0.14558715950294573,0.4726029257995938,-0.2983388048651818
2.004798424194884,0.8624733927779926,-0.029641558104472155,0.03605927285767375,-1.4090489304879295,-0.3499751279394973
-0.2940945607486218,-0.26911418642658846,-0.1947031251002161,0.20120785993166102,0.6085624083428408,-1.6596600495516787
-0.2565427171918829,-0.26284559628165394,0.036449927679299235,-0.0300670562730783,-0.7225667825838474,0.627359641521636
0.25260371703295265,-0.1455988155657329,0.03644992769494787,-0.0300670562730783,-0.977114059940075,0.7907181908840156
0.1352360763013023,-0.004432534445757574,-0.0008318034017984734,0.007234329694973226,0.7674899801608046,0.586520004181041
-0.18851307934444234,0.11203522816348917,-0.0033829371571009632,0.009786808399176509,0.5864502799560015,-1.496301500189299
-0.29982829062222704,-0.2701893225270278,-0.1947031251002161,0.2012078097824833,0.5975896200440608,-1.6596600495516787
-0.2997271464440606,-0.26989320453326276,-0.1947031251002161,0.20120785370592179,0.5975900432053372,-1.6596600495516787
-0.26425639206261425,-0.25406228102043754,-0.1947031251002161,0.20120786003895735,0.6123864702818131,-1.6596600495516787
-0.10879460958625714,-0.030049018737157863,0.0364499276924304,-0.0300670562730783,-0.9722943343129278,0.7907181908840156
-0.26158815775243094,-0.2673465897868831,-0.1947031251002161,0.20120786004039912,0.5975901042321055,-1.6596600495516787
-0.014836439021431443,0.8770446759019557,0.037076779582494536,-0.0306942386372317,-1.3583299227518328,0.12243321621973542
-0.07930758295275198,-0.10416051908439249,0.03644992769294492,-0.0300670562730783,-0.8745853990111573,0.7907181908840156
-0.2994831917753384,-0.26938524828241955,0.25063948992200846,-0.24436954095358362,0.6074402953033133,0.12243321621973542
-0.287175726447821,-0.26810510741706595,0.03644992763823794,-0.0300670562730783,-0.3899741211335382,0.627359641521636
-0.171011001696754,-0.02151854268600243,0.03623021727058916,-0.02984723002209782,-0.49481469613565765,0.7076545217167038
-0.2996908872103783,-0.2697360342134951,0.03644992286044086,-0.0300670562730783,1.6790195243150123,0.7907181908840156
4.31563787244635,7.321403628443264,-0.01797851742729304,0.024390083443431663,0.5325837145606581,0.6125088643068741
-0.29983528801820086,-0.2701893225270278,-0.1947031251002161,0.20120776369511983,0.59758917603539,-1.6596600495516787
-0.25469413240099176,-0.2624355867518254,0.03644992767999445,-0.0300670562730783,-0.6955120695424162,0.6681992788622308
-0.26196633519846835,-0.2608160491090025,0.03644992767686793,-0.0300670562730783,-1.3302644427807446,0.7907181908840156
-0.26997199231937835,-0.18980467637341614,0.03212542238794956,-0.025740271116784876,-0.37016954261163876,0.7453408160611324
2.2461980891963025,0.24245925960195605,0.03643675990721923,-0.030053881542269508,0.2980990657377457,0.586520004181041
-0.26526624352701195,-0.2640004564573378,0.03644992767501541,-0.0300670562730783,-0.470783190234926,0.586520004181041
0.22459345901336822,0.2703330741381348,0.006897213130131375,-0.000498761562373551,-0.84595498467208,0.7076545217167038
-0.26589664529155876,-0.2655676039935714,-0.1947031251002161,0.20120786003795854,0.6131222938371118,-1.6596600495516787
-0.2711567786831205,-0.20842594251979688,0.00237542011339605,0.004025415312490023,0.43938115132850974,-0.1894331052902621
-0.18668198804348565,0.13760615584046412,0.03741214228578871,-0.031029778147150026,-0.6550383633130517,0.2189632681156871
-0.2872765525625341,-0.2680231055111002,0.03644992763777226,-0.0300670562730783,-0.3041126263144641,0.6681992788622308
-0.276208898576189,-0.17295328469746207,-0.06183973743825532,0.0682744269915945,-0.841423787322193,-0.43447092933383147
-0.2993003052896601,-0.2687041768967599,-0.1947031251002161,0.2012078587039721,0.5975900913568802,-1.6596600495516787
-0.22880790212290264,-0.19517124555272783,-0.02984294128282407,0.03626076219489328,0.4140020528019287,-0.5189667307281658
-0.27579477995992263,-0.2661233946895612,0.03644992766570611,-0.0300670562730783,-0.5646805587105084,0.6681992788622308
-0.22907030447191934,-0.25564992903316264,0.036449927685890296,-0.0300670562730783,-0.6516862479760709,0.7907181908840156
-0.26979546710276714,-0.2409601987116936,0.03644992767181027,-0.0300670562730783,0.10380508029778963,0.7907181908840156
3.3016560360434344,0.47592096371706294,0.033794829803525606,-0.02741055861697764,-1.2789208201605364,0.7407104716914503
-0.29457738107081255,-0.26791604746720055,0.03644992755665134,-0.0300670562730783,-0.40038587983041735,0.7907181908840156
-0.1650978840354573,-0.08420444413534767,0.03644992769082237,-0.0300670562730783,-0.340651062902372,0.7907181908840156
-0.10488751812526156,-0.23591480366408096,0.03644992769250752,-0.0300670562730783,-0.4264654124213835,0.627359641521636
-0.2836528556384766,-0.25000090884441345,0.03644992765086729,-0.0300670562730783,0.031609174646051,0.7907181908840156
-0.012816736092636139,-0.19387743770304658,0.036449927693717195,-0.0300670562730783,-0.45490289217322005,0.7907181908840156
-0.2942462770158714,-0.2691688543638989,0.030393917262648625,-0.02400785325143784,2.538519143063141,0.586520004181041
-0.2998572343964822,-0.2703419371853529,-0.1947031251002161,0.2012079114540654,2.726681275720624,-1.6596600495516787
-0.2881016091605333,-0.2523835197788617,-0.14316253788492306,0.14964010066286318,0.4647420215742899,-1.2727582221144635
-0.2688326890294658,-0.19047891426691202,0.03493019776470242,-0.028546525165925676,-0.4257072710953901,0.7461658592397302
1.5741055213742463,0.45280098189617435,0.03644992769588635,-0.0300670562730783,-1.4509558518783736,0.7907181908840156
-0.21382552315268152,-0.16491254225137966,-0.1947031251002161,-0.0300670562730783,-1.2062112834176069,-1.6596600495516787
1.565362911231916,2.1131801295513784,0.03558562502486237,-0.029202297943008763,0.8989241111929385,0.7498785535434206
-0.07502772112442598,-0.1277770680025179,-0.1947031251002161,-0.0300670562730783,0.4025421365575211,-1.6596600495516787
-0.2957443558811669,-0.269118742088031,-0.1947031251002161,0.2012078598801504,0.5975901026882591,-1.6596600495516787
-0.2638654920784427,-0.2641166258241225,0.03644992767584328,-0.0300670562730783,-0.4946630556197057,0.6681992788622308
-0.18843483573491732,-0.2542581744624668,-0.1947031251002161,0.2012078600530254,0.5975901043537478,-1.6596600495516787
-0.295562741649302,-0.2681552196929339,0.03644992752450708,-0.0300670562730783,-0.9063106655610482,0.7907181908840156
-0.29402363259852393,-0.2643330197426431,0.015881652004403914,-0.009487937144096289,0.001590551692492475,0.5079822400645123
-0.2739182055851364,-0.25912134305237783,0.03355441720420678,-0.027170019300674083,-0.400289942526225,0.7491863563003599
-0.2971915445939257,-0.26882717975570847,-0.1947031251002161,0.20120785978218703,0.5975901017444731,-1.6596600495516787
-0.28092800603359636,-0.22329334363752493,0.03644992765740919,-0.0300670562730783,-0.1339506515382887,0.7907181908840156
-0.28682999147402566,-0.26805271731047675,0.03644992763977999,-0.0300670562730783,2.102480361915164,0.7907181908840156
-0.2830768427244532,-0.2557979880300451,0.03644992765242743,-0.0300670562730783,0.6634026964699047,0.7907181908840156
-0.28298555851334073,-0.26570655166756885,0.018790706698015566,-0.012398525404126545,2.4868657146966333,0.627359641521636
-0.2808357676321238,-0.25228785088856837,0.03644992765759781,-0.0300670562730783,-0.49236393431590547,0.7907181908840156
-0.276287142185714,-0.26247658770480825,-0.1947031251002161,0.20120786002840008,0.6313458158074366,-1.6596600495516787
-0.1649127711056055,-0.15789682362986862,-0.03074195101446506,0.037160245887994846,0.14388235692988233,0.4966728020317323
-0.2914867584945756,-0.2692144109783243,-0.1947031251002161,0.20120785997159718,0.5975901035692629,-1.6596600495516787
-0.17665122091507332,-0.19902305730239508,0.013098168542561977,-0.006702986113590496,-0.8451022415846537,0.35315064794907014
-0.2392238440933262,-0.07674454852318903,-0.07813691997132315,0.08458020139338006,0.4296173334237072,-0.8020276653991857
-0.29536776875239623,-0.2545406254719042,0.02202545132651263,-0.01563497550578652,0.16653564293333425,-0.9973956602447341
-0.2989657025367321,-0.2680071606960513,-0.09220124600482293,0.09865194129164771,0.7381602451599384,0.006597153944593589
-0.25877933939586534,-0.019069874660637382,0.02525259843413673,-0.018863823813973595,-1.1773621933270417,-1.4186392390170202
-0.26579359273267217,-0.2655835488086203,-0.1947031251002161,0.20120786003802416,0.6131169114616005,-1.6596600495516787
-0.29626979670610704,-0.26918252134822657,-0.1947031251002161,0.20120785985375764,0.5975901024339889,-1.6596600495516787
-0.26041386748264944,-0.265091537372826,-0.1947031251002161,0.2012078600409718,0.5975901042376228,-1.6596600495516787
-0.2895363933986114,-0.26887273637013387,-0.1947031251002161,0.2012078599882558,0.5975901037297531,-1.6596600495516787
-0.2712824137471952,-0.26364967052626215,0.019750892609298323,-0.013359217506073585,0.48784051472613804,0.6245908525493922
-0.10975452508847829,-0.23609019662961872,0.03644992769241094,-0.0300670562730783,-0.4191614928087169,0.586520004181041
0.05897781885215092,-0.1989683893650846,0.036449927694229715,-0.0300670562730783,-1.3243144868840264,0.7907181908840156
-0.2701815961351384,-0.23758445358277172,0.03644992767149176,-0.0300670562730783,0.6830296333353821,0.7907181908840156
-0.2867132621866449,-0.26864495329800686,-0.1947031251002161,0.20120786000360222,0.5975901038776016,-1.6596600495516787
-0.26570103626774627,-0.26572477431333896,-0.1947031251002161,0.20120786003808272,0.6130540622911508,-1.6596600495516787
-0.28275909733455296,-0.2676108181505504,-0.1947031251002161,0.20120786001656976,0.597590104002532,-1.6596600495516787
-0.22752133545408734,-0.2548914114029798,0.0364499276861128,-0.0300670562730783,1.872573820400329,0.7907181908840156
-0.2795409313135213,-0.26424418434451363,0.036449927660064836,-0.0300670562730783,0.5212134563018926,0.7907181908840156
-0.2828138042485298,-0.267312422326064,0.036449927653104786,-0.0300670562730783,1.8356644447593582,0.7907181908840156
-0.2969103765011612,-0.2675356497367485,0.0364499274455704,-0.0300670562730783,-0.32845619324491054,0.7907181908840156
-0.2565175901790679,-0.23525423275491272,0.01641222838392062,-0.010018793133240729,0.8876039499732525,0.13728399343449704
0.05720588735351802,0.26454510627538813,0.03124195152943634,-0.024856334471219262,-0.25163523210578986,0.67403351276803
0.21331206638636954,-0.17811712694258075,0.036449927694845966,-0.0300670562730783,-1.0740053198670505,0.7907181908840156
1.6254784942330123,-0.15512698147280451,0.03644992769589682,-0.0300670562730783,-1.0593296072354157,0.7907181908840156
-0.28842062680424696,-0.26227158293989394,0.022096193292620404,-0.015705754666976657,-0.21630072326574598,0.7076545217167038
-0.2926238353403148,-0.2657270521440602,-0.06716513863085344,0.07360263565679166,1.219876652522755,-0.026074555927882544
-0.29974591218780844,-0.2698658705646075,-0.10603130119703034,0.11248928092359528,0.9409392979886524,-0.8428673027397806
-0.29289450733911865,-0.26819394281519543,-0.1947031251002161,0.2012078599537621,0.5975901033974387,-1.6596600495516787
-0.2782400517893051,-0.20413678727164578,0.03644992766224556,-0.0300670562730783,-0.5585903817461869,0.7907181908840156
-0.2880045998072605,-0.2680914404327383,0.03644992763417416,-0.0300670562730783,-0.36070402302353594,0.5048407294998513
2.396565449340295,0.44427961716790404,-0.0033038231743631975,0.009707652714002469,-1.3892292187966224,0.3582985013953636
-0.008632293300316222,0.3094115379922397,0.036449927693754,-0.0300670562730783,-1.284117936256983,0.7907181908840156
-0.17497820715043338,-0.20438051515882166,0.03644992769039064,-0.0300670562730783,-0.09074726836863489,0.7907181908840156
-0.09205588422661744,-0.23599908340076794,0.03644992769274038,-0.0300670562730783,-0.45435449639379405,0.7090389162028258
-0.29982829062222704,-0.2701893225270278,-0.1947031251002161,0.2012078097824833,0.5975896200440608,-1.6596600495516787
-0.278919117262215,-0.15419990436924771,-0.007261313143773216,0.013667229031193568,-0.8005168905167758,-1.4061726453686758
-0.29649434950417464,-0.26430796360470915,0.0364499274767184,-0.0300670562730783,-0.7200638208311775,0.7907181908840156
-0.22601244243137789,-0.14747347024933796,0.028096053869083072,-0.021708778306329817,0.721289629190404,0.2508043412964899
3.4710133746699032,1.0116075257609698,-0.1947031251002161,-0.0300670562730783,-1.4314182464973002,-1.6596600495516787
-0.297739567924054,-0.2698271474423459,-0.1947031251002161,0.20120785970990046,0.6848549538532982,-1.6596600495516787
9.946877205287132,1.5438568412464806,-0.028241949556335605,0.03465892643829678,-1.47204716936154,0.20927250671283384
-0.2657058072195466,-0.2655379921941948,-0.1947031251002161,0.20120786003807967,0.6129109042689121,-1.6596600495516787
-0.15901651080733653,0.11729473929890122,0.0240559700495602,-0.017666564556050993,-1.0084126961312982,0.7491863563003599
1.2567662985039367,1.8411706961402223,0.057810711372922874,-0.05143910132270813,-1.1326806072076245,0.13728399343449704
-0.26484449138786503,-0.16365062403179617,-0.16567349810264742,0.17216292866604813,-0.5064657227337278,-1.2512636761457296
-0.08841723832025229,-0.15996281609406032,0.03556284088786003,-0.029179501797329036,-1.0450335987892008,0.6793373617733024
-0.2996937497814585,-0.2691711321946202,0.036449922767642265,-0.0300670562730783,0.08925618925304207,0.7907181908840156
-0.27526711269080906,-0.2619640757925225,-0.13858941794525065,0.14506456981406546,0.572358078202091,-1.057812762427122
2.8430797825211003,1.6698504919320776,0.021062443132631233,-0.014671459451316383,0.4841811570653905,0.6465782943877982
-0.2901073172973811,-0.25589593475105976,0.03644992762076068,-0.0300670562730783,0.38117683359944204,0.7907181908840156
-0.29130864296069764,-0.2691688543638989,-0.1947031251002161,0.20120785997343443,0.5975901035869633,-1.6596600495516787
-0.033109184416595536,-0.1916724975648574,0.030985174462982715,-0.024599422032986196,-1.0634510983476289,0.7294587348731232
0.029237613709776275,0.2357419368049314,-0.007383758875732636,0.013789739349276672,0.12761366393304052,0.08467700296186642
-0.26729167159796763,-0.16386018445815298,0.03601852870670113,-0.02963542987321089,-0.5065192420226802,0.6156911737100376
-0.21487004353349473,-0.1980025891392662,-0.15711913401258484,0.1636040547406703,0.1404272030512019,-1.6290303215462325
1.1337498508407267,-0.02531568649835922,-0.16729438998223894,0.1737846750978667,2.5772720574605374,-1.3032413963973957
-0.294459061466165,-0.26770420921012245,0.03644992755971989,-0.0300670562730783,-0.41688988460159043,0.7907181908840156
-0.20694581065664325,-0.21371506545458535,0.03613889663856517,-0.029755861248184898,-0.9464328519597038,0.7453408160611324
0.8613310475509985,0.6763655115273638,0.03644992769564553,-0.0300670562730783,1.1625276847020396,0.7907181908840156
-0.2890977838964368,-0.2619048521937695,-0.1947031251002161,0.20120785999116916,0.4865898370218347,-1.6596600495516787
-0.28335355792887085,-0.26631017680870533,-0.16549855562073004,0.17198789393112907,0.5396984989528538,-1.2512636761457296
-0.18935594749582935,-0.20079976526498552,0.03644992768962441,-0.0300670562730783,-0.44690699404032097,0.7907181908840156
-0.03836422879290367,-0.17816951704916995,0.03179732074175198,-0.025411996474087987,-0.8789698616399645,0.7498785535434206
-0.2773399322163144,-0.23782362580850505,0.020885077580683156,-0.014494000424975364,0.8565871300627195,0.413736923124678
-0.2529015267778909,-0.25688451328409084,0.028184896278207864,-0.021797667558744203,-0.11782007480999489,0.7090389162028258
-0.2939460251159057,-0.269237189285537,-0.1947031251002161,0.20120785993488435,0.6088869241106534,-1.6596600495516787
-0.2934453932403271,-0.26809371826345957,0.02386602618500029,-0.017476520663134574,-0.8943204343115847,0.582175361910765
0.3755126592489293,2.071967338311444,0.033471649543085666,-0.0270872079772832,-0.9712371085745914,0.44066415653605917
-0.2372232249717321,-0.05105061798726554,0.036449927684537746,-0.0300670562730783,-1.2564018811650133,0.7907181908840156
-0.29131118746832446,-0.2691688543638989,-0.1947031251002161,0.2012078599734087,0.5975901035867156,-1.6596600495516787
-0.2998146138937329,-0.2700367078687027,-0.1947031251002161,0.2012078340736854,1.4738157994557473,-1.6596600495516787
-0.21594255349820304,0.2993731380036036,0.03644992768751575,-0.0300670562730783,-1.4076524341066345,0.7907181908840156
-0.27919392408591254,-0.26652201506578344,0.03644992766067341,-0.0300670562730783,1.3063416278131352,0.7907181908840156
-0.07876623895514413,0.08443703114458416,0.034402353637860074,-0.028018402740072338,-0.7600540403205747,0.5300396546674523
0.5574503616458931,0.7935052341993852,-0.01093804626237742,0.01734590055217766,-1.4207035545140312,0.0016133337945546957
-0.2803386344545321,-0.24134970776503073,0.03555278753666017,-0.02916944318025341,-0.3021302140656604,0.7278879795907927
-0.15524555050437633,-0.26395262201219105,-0.1947031251002161,0.2012078600545409,0.5975901043683484,-1.6596600495516787
-0.2998416492872679,-0.2702348791414532,-0.1947031251002161,0.20120728187378273,2.8256966181955114,-1.6596600495516787
-0.2564759238666786,-0.05152212894656839,0.03604304866719394,-0.02965996275495338,-1.0756021074803828,0.7491863563003599
1.3857283063006856,3.3051347785310523,0.03623375661613544,-0.02985077122830831,-1.300089726989814,0.751195961199569
-0.2998206570993465,-0.2701893225270278,-0.1947031251002161,0.20120782702035908,0.5975897861148823,-1.6596600495516787
-0.2977907761400439,-0.26983170310378846,-0.1947031251002161,0.20120785970117352,0.6915219052170487,-1.6596600495516787
0.26755842448273204,-0.19317131017945294,0.03644992769498295,-0.0300670562730783,-1.3311528694830075,0.7907181908840156
-0.2846315368844456,-0.26475441842607805,-0.11303468532424771,0.11949636475864801,0.4676534570795216,-0.4753105666744264
-0.29984292154108133,-0.27023943480289575,-0.1947031251002161,-0.0300670562730783,-1.630527549921214,-1.6596600495516787
-0.26547489315241185,-0.265665550714586,-0.1947031251002161,0.2012078600382245,0.6129316883697651,-1.6596600495516787
1.8243683425668162,3.4775346745010793,-0.010494592661567825,0.016902213163819114,-1.3934193308930294,0.021972076237523328
-0.28169517508308517,-0.26037187211835494,0.036449927655766025,-0.0300670562730783,-0.5989633957124035,0.7907181908840156
-0.27356420096155387,-0.19550836449947578,0.036449927668301164,-0.0300670562730783,-0.30812795072824545,0.7907181908840156
-0.29751024417418603,-0.2588821708266445,0.03468491907199673,-0.028301117454292892,1.0842882848239905,0.48442091082955385
-0.22449655201269467,-0.22908586716171409,0.031343680825166996,-0.024958117406181868,1.7584280119230167,0.7435955324140983
-0.29956334376558347,-0.2642578513288412,0.9844667007789465,-0.9785836249809744,0.5950552467266109,-0.026074555927882544
-0.2575408003085064,-0.1722061562208856,0.010946428430928874,-0.004550111619276659,-0.21236188205237905,0.4503878797123915
-0.20323337402910005,0.22051919409468532,0.03635860585957397,-0.029975686299254997,-1.5611920654224276,0.44066415653605917
-0.16755969516441413,-0.19767913717684588,0.032539408194692886,-0.02615447515714763,1.3729863198438605,0.6793373617733024
0.3143592351995401,-0.15973275519121208,0.03644992769508168,-0.0300670562730783,1.027678975253664,0.7907181908840156
-0.2875220975485231,-0.2680846069405745,0.036449927636606254,-0.0300670562730783,-0.3331265689911771,0.586520004181041
-0.29450804323798147,-0.26800260503460877,0.0324947063032916,-0.02610974983130201,-0.42142203047337307,0.7498785535434206
-0.1681493848069317,0.2267877842396198,0.03476505078433975,-0.028381291102191713,-1.1832013748640346,0.7076545217167038
-0.29377935986634834,-0.2602283687829149,-0.15353838455088478,0.16002141740066758,0.7986162448480612,-0.8428673027397806
-0.2998206570993465,-0.2701893225270278,-0.1947031251002161,0.20120782702035908,0.5975897861148823,-1.6596600495516787
-0.2913073707068842,-0.2692144109783243,-0.1947031251002161,0.20120785997344728,0.597590103587087,-1.6596600495516787
0.3278740693959878,-0.16695575640835866,0.036449927695107444,-0.0300670562730783,1.156303116224383,0.7907181908840156
-0.27021340248047376,-0.21181307680232508,0.03592884324231345,-0.029545697129011846,-0.44806286076146334,0.5516568991341918
-0.29926563637324455,-0.2686016745143028,0.036449926422708154,-0.0300670562730783,0.500608663092781,0.7907181908840156
-0.2984377172041651,-0.2650163689590241,-0.1947031251002161,0.2012078595361448,0.6137285703513276,-1.6596600495516787
-0.29462604477917564,-0.26835111313496307,0.03644992755534889,-0.0300670562730783,0.4383806231605676,0.7907181908840156
-0.2998416492872679,-0.27023032348001064,-0.1947031251002161,0.20120728187378273,0.5975845341371487,-1.6596600495516787
-0.23749580535125608,-0.2218378098066335,0.031091524901857584,-0.024705828548690578,0.6155154364911236,0.70835253574332
1.642873702560374,-0.17133374705463925,0.03644992769590023,-0.0300670562730783,-1.0175861979047853,0.7907181908840156
-0.2635343880235016,-0.26076365900241333,0.02318072391935898,-0.016790857012463672,-1.2516372700190503,0.6245908525493922
-0.28659048969365036,-0.2668454670282038,0.03644992764080105,-0.0300670562730783,-0.39459764988968227,0.7907181908840156
-0.2858538547356835,-0.26331482941023554,-0.1947031251002161,0.20120786000704413,0.5979953820070426,-1.6596600495516787
-0.29922110748977504,-0.2670185821630202,-0.1947031251002161,0.20120785887663623,1.1799778759068509,-1.6596600495516787
-0.28694990139593995,-0.252766195340035,-0.07369219821585882,0.08013313634247879,0.3120946653986898,-0.9789994272084301
-0.1687005887715935,-0.2127447095673244,0.03427807625060383,-0.02789405983624924,-0.742198605504403,0.7076545217167038
0.3014433144857573,0.12815088051647308,0.02519673592802189,-0.018807931840540512,-0.652367328395864,0.5661001855107436
1.585462613103143,0.2329470385099333,-0.001763546275683972,0.008166563783578605,-1.3982631121937241,0.3414821801374716
0.4359847913812351,0.3447566372941833,0.03644992769527954,-0.0300670562730783,-1.4892085398596722,0.7907181908840156
-0.24472825021706354,-0.24756590780337603,-0.07529676979080267,0.08173855388881252,-0.24959402196368793,-0.43447092933383147
-0.25687572962754407,-0.07449405177057444,0.03644992767916766,-0.0300670562730783,-0.6411766774069535,0.7907181908840156
-0.28103392116356307,-0.2670595831160031,0.0364499276571903,-0.0300670562730783,1.4735248852111669,0.7907181908840156
-0.2604933833459879,-0.26720536428216435,-0.1947031251002161,0.2012078600409341,0.5975901042372594,-1.6596600495516787
-0.14241582498645233,-0.024860120354105224,0.022788707782189582,-0.016398634189398686,-0.6438813724664232,0.7062223894896814
-0.07746822200200813,0.008942887549538786,0.03644992769297248,-0.0300670562730783,-0.7185109153779617,0.7907181908840156
1.5605213493449677,-0.1905609161728777,0.036449927695883504,-0.0300670562730783,-1.2094093572144367,0.7907181908840156
-0.28710956924952347,-0.26807321778696813,0.036449927638539485,-0.0300670562730783,-0.30770443968763844,0.6681992788622308
-0.2637007352096055,-0.25173206019257854,-0.06890461819432649,0.07534303235277619,0.6009627126107491,-0.39363129199323643
-0.27894233589430983,-0.24810119802287445,-0.050739011432853906,0.05716784869633539,1.0006124810480637,0.22524628924500936
-0.11865743921129877,-0.19244012651792533,0.036449927692220906,-0.0300670562730783,-1.064740587126867,0.7907181908840156
-0.2983582013408267,-0.26779532243897325,-0.14156961500610643,0.1480463375647421,0.7388760517160265,-1.3096060152037223
-0.21689610773135715,-0.12797523927526838,0.03644992768741502,-0.0300670562730783,-1.103373745216921,0.7907181908840156
0.3053739426423011,-0.16647513412617074,0.036449927695063895,-0.0300670562730783,1.1498906089971208,0.7907181908840156
0.14015270116324224,-0.0745737758458189,-0.025904306672909886,0.032320051151514984,-1.0722474598283847,0.20927250671283384
-0.2713310774555583,-0.2114440682254794,-0.10576636788750624,0.11222421549861926,0.8606631865508184,-0.8428673027397806
-0.28447123290395543,-0.26541498933524627,-0.1947031251002161,0.20120786001177382,0.5984660632235106,-1.6596600495516787
-0.17411561906493844,-0.20337371398002038,0.021569329308575663,-0.015178612862494941,-0.7466194271794044,0.7032046822970266
-0.23773212649709785,-0.25982747057597144,0.03644992768444156,-0.0300670562730783,-0.555661996717257,0.7090389162028258
0.25420484845713465,0.0658635994433501,0.03468118866147884,-0.02829738476308976,0.6154629760941913,0.7498785535434206
-0.26570103626774627,-0.26572477431333896,-0.1947031251002161,0.20120786003808272,0.6130540622911508,-1.6596600495516787
-0.29960914490286644,-0.2701392102511599,0.03644992455133923,-0.0300670562730783,0.7643199643359254,0.7907181908840156
-0.23227511182791022,-0.25693690339068004,0.036449927685397565,-0.0300670562730783,-0.5881836212948391,0.7907181908840156
-0.29421001778218914,-0.26029898153527425,-0.007131102521858881,0.01353694966700451,0.5241163194551811,0.7491863563003599
-0.29747811976539734,-0.26980892479657576,-0.1947031251002161,0.20120785974856567,0.5685211824992245,-1.6596600495516787
-0.29674371125160387,-0.2670800835924945,0.036449927459052664,-0.0300670562730783,-0.3660067560124392,0.7907181908840156
-0.2569256655897206,-0.06417775643394347,-0.1403945862015672,0.1468706897651202,-0.5757247995688812,0.6661226871330481
-0.28757235157415295,-0.2680618286333618,0.036449927636361866,-0.0300670562730783,-0.3099091235519554,0.6681992788622308
-0.27057376837312336,-0.15964164196236127,0.03644992767115963,-0.0300670562730783,-0.9608549889636324,0.7907181908840156
-0.29688556755179957,-0.269000294890525,-0.1947031251002161,0.20120785981089195,0.5975901020210184,-1.6596600495516787
-0.279337370703375,-0.25177306114556136,0.011957814997047019,-0.005562031405331018,0.4980557649450317,0.5456803668404463
-0.29358406890598926,-0.25945162850696196,-0.1947031251002161,0.20120785994209842,0.5975901032850702,-1.6596600495516787
0.05904111347936831,-0.18593919763942127,0.036449927694230076,-0.0300670562730783,-1.1190249846521991,0.7907181908840156
0.23842063152100915,0.1805888215508255,0.03640608235291249,-0.0300231878158807,-0.8345766687603147,0.7491863563003599
0.31892280962825753,-0.15759842780538227,0.036449927695090506,-0.0300670562730783,1.2103208559023246,0.7907181908840156
-0.13661975467598975,-0.19634205054346052,0.03644992769177437,-0.0300670562730783,0.5902958757452472,0.7907181908840156
-0.28763850877245045,-0.2555998167572947,0.03644992763603708,-0.0300670562730783,-0.38752928309622875,0.7907181908840156
-0.29070941141457946,-0.2547365189139334,-0.1947031251002161,0.2012078599790894,0.5975901036414437,-1.6596600495516787
-0.2762960479624079,-0.2004990916097779,-0.05914674696908014,0.06558001678184393,0.507420441112601,0.48442091082955385
-0.29828504674655537,-0.26941941574323863,0.03644992722434512,-0.0300670562730783,0.66309621288786,-0.5569898413556161
-0.29987409175950996,-0.2704626622135802,-0.1947031251002161,0.20120788365911177,2.7802364199698353,-1.6596600495516787
-0.29986295953864256,-0.27038293813833575,-0.1947031251002161,0.2012078967699381,2.754974561078852,-1.6596600495516787
-0.29465657887069757,-0.2676723195800247,0.036449927554519174,-0.0300670562730783,-0.39827163219137895,0.7907181908840156
-0.2516820714977332,-0.24985968333969474,0.03644992768101289,-0.0300670562730783,-1.157178176988955,0.7907181908840156
2.543059750812801,0.3309871505841073,0.03644992769602008,-0.0300670562730783,0.3799764048645737,0.7907181908840156
-0.26802703430212116,-0.251584001195696,0.03644992767317031,-0.0300670562730783,0.2970626285440018,0.7907181908840156
0.6129149027685998,0.25791889670721435,0.017463501880308024,-0.011070620843236312,-0.0040393574169829164,0.7076545217167038
-0.2669271708804244,-0.25787536964784324,0.023407809987367058,-0.0170180628019881,0.8140978261588404,0.5415271833820807
-0.294083110464301,-0.26921213314760306,-0.1947031251002161,0.20120785993191542,0.6085405958219339,-1.6596600495516787
-0.29961773261610697,-0.2698294252730672,-0.1947031251002161,0.2012078567930333,0.5975900729467709,-1.6596600495516787
-0.2769846553389184,-0.2587386674912045,0.03644992766411469,-0.0300670562730783,-0.22619987161438715,0.7907181908840156
-0.2809038332111415,-0.14614549493883766,0.026325699567912808,-0.019937490705954235,2.4935762222516042,-1.49066844676301
-0.24141084839858554,-0.09661634373554687,0.03644992768369633,-0.0300670562730783,-0.4542019354674226,0.7907181908840156
-0.29984228541417457,-0.2702348791414532,-0.1947031251002161,0.2012067036908283,2.825685477690794,-1.6596600495516787
-0.29084395225534804,-0.251558945057762,0.02875381282797672,-0.022366884106520928,0.10452663814781019,0.7498785535434206
-0.29772843570318663,-0.26981803611946087,-0.1947031251002161,0.20120785971174168,0.5171526407413576,-1.6596600495516787
-0.29781494896249877,-0.2698476479188373,-0.1947031251002161,0.20120785969690083,0.4186697374924342,-1.6596600495516787
-0.06816931887976238,-0.2303887863342804,-0.06021483206940938,0.0666486650030706,0.18748611936442636,-0.40024776955121005
0.2847278077582125,0.03821529014857714,0.0060326296038915464,0.00036627777112438264,-0.9717492978958553,0.5946879316491602
-0.2917882826483549,-0.2625472004571676,0.036449927605000425,-0.0300670562730783,0.524387059481376,0.7907181908840156
-0.23559092332912146,-0.20036014393578044,0.03644992768483603,-0.0300670562730783,-1.083695130430449,0.7907181908840156
-0.28032495772603794,-0.2196966489286399,0.036449927658610146,-0.0300670562730783,-0.0014763535834985565,0.7907181908840156
-0.25504304800932065,-0.26380228518458726,-0.1947031251002161,0.2012078600432084,0.5975901042591703,-1.6596600495516787
-0.2591638781109698,-0.26014636687694925,0.03644992767820516,-0.0300670562730783,-1.1766672171016581,0.7907181908840156
-0.29694758992520354,-0.2617636266890508,0.03644992744234806,-0.0300670562730783,1.0080650335549908,0.7907181908840156
-0.27950149144530545,-0.1974764102426529,0.02862482900756975,-0.022237832240460838,-0.38446231533678227,0.48442091082955385
-0.1894316465977275,0.035566173019740334,0.03644992768961985,-0.0300670562730783,-1.078889737424216,0.7907181908840156
-0.05367802988151921,-0.19959707064415508,0.03644992769329201,-0.0300670562730783,-1.071071947856969,0.7907181908840156
-0.29368139632271545,-0.2588388920429403,0.03644992757695541,-0.0300670562730783,1.1646260329708182,0.7907181908840156
-0.21647594590947702,-0.20906145729103112,-0.0009840828413241235,0.007386689408853775,0.9001492156536118,0.14344846699534156
-0.29153764864711224,-0.2691688543638989,-0.1947031251002161,0.20120785997105775,0.5975901035640662,-1.6596600495516787
-0.29201029093879566,-0.249372227565343,0.036449927602413223,-0.0300670562730783,-0.09203520122519462,0.7907181908840156
-0.2776204641821723,-0.2662031187648057,0.03644992766319443,-0.0300670562730783,-0.6030192369236509,0.5456803668404463
0.5139345102753209,0.1881079407617371,0.020514472012776497,-0.014123199442594518,-0.9391899653059743,0.6245908525493922
-0.28331825288554857,-0.2372382233131387,0.034225334234995027,-0.027841290054036544,-0.6715886666509924,0.7244917519533213
-0.1658093919806093,0.6897318221997751,0.03646967475098604,-0.03008681374389089,-1.5563776893744652,-1.5575609562001915
-0.2869464026979531,-0.2615381214476451,0.027134711022101757,-0.020746928687943988,0.6201751620893472,0.586520004181041
-0.29872969945434374,-0.2682440550910634,-0.007006846765737419,0.013412627873242837,-1.1759915497348192,0.38232181747806665
-0.10755861500652505,-0.15853006057038163,-0.1947031251002161,-0.0300670562730783,-0.5665467954889771,-1.6596600495516787
-0.17932931519231057,-0.18742206543896794,0.03644992769017805,-0.0300670562730783,1.0497198436734994,0.7907181908840156
-0.23258299725075648,-0.1403689162296974,-0.12195124144368345,0.1284176217102665,-1.119866547353122,-0.45523684662565933
-0.29984069509690786,-0.27023260131073196,-0.1947031251002161,0.2012075296673625,2.825701392714585,-1.6596600495516787
-0.26459640189424927,-0.229828439976848,-0.1705189956073566,0.17701098070978535,-1.0237145373429761,-0.4877400215172161
-0.29964476800964207,-0.2688203462635447,-0.1947031251002161,0.20120785634735025,0.7227652157639439,-1.6596600495516787
-0.29984292154108133,-0.27023943480289575,-0.1947031251002161,-0.0300670562730783,-1.630527549921214,-1.6596600495516787
-0.20100311309418464,-0.2086856152220216,0.036231237732057615,-0.02984825102328464,-0.6469020297582071,0.7090389162028258
-0.03929742696504309,-0.059212085461575276,0.033799671124135795,-0.027415402492543726,-0.6459759092252599,0.5830590179657364
-0.2893468275804127,-0.2687497335111853,-0.1947031251002161,0.2012078599895448,0.5975901037421716,-1.6596600495516787
-0.2920198328423963,-0.2278763390487198,0.03644992760229874,-0.0300670562730783,1.2610611432635055,0.7907181908840156
-0.2737836647443679,-0.2638728979369466,0.01931891088065904,-0.012927008039799164,1.4114019799670594,0.5830590179657364
-0.2836315453871019,-0.26772698751733515,0.030889809879872037,-0.024504007216430777,1.6794090052947022,0.7090389162028258
-0.297646057268768,-0.26983170310378846,-0.1947031251002161,0.20120785972478678,0.6133969297573543,-1.6596600495516787
2.1810835028988476,0.3147234392342409,0.03643371755302396,-0.030050837584157324,0.42555846683339016,0.586520004181041
-0.29411873357107665,-0.24723562234879193,0.03644992756783891,-0.0300670562730783,0.2025285134119162,0.7907181908840156
-0.2934453932403271,-0.26672701983069774,0.036449927581357205,-0.0300670562730783,0.2349144944462487,0.7907181908840156
-0.2329516327931933,-0.21341894746082027,-0.09677731515516196,0.10323042376621346,0.3134867748332096,-0.6034625321225001
-0.29352490910366547,-0.2691916326711117,-0.1947031251002161,0.20120785994319892,0.5975901032956725,-1.6596600495516787
-0.28679627674797015,-0.26487514345430535,-0.1947031251002161,-0.0300670562730783,1.7954905553515206,-1.6596600495516787
-0.2980808500095024,-0.2691050751037034,-0.1947031251002161,0.20120785964216437,0.6193082146765512,-1.6596600495516787
-0.233339034079378,-0.2636838379870812,0.003704442853310349,0.002695691928400192,2.048504004208513,0.23671963217681513
-0.18997744348368226,-0.21340755830721392,0.03428374613704032,-0.027899732712927477,-0.836682423766964,0.7498785535434206
0.5620921796841355,0.6364579172907168,-0.03384210500322904,0.04026203427780261,-1.4066228344054277,-0.12298216995641274
-0.28515379707485217,-0.25556337146575436,0.0008332478431894517,0.0055684005891260685,-0.3466207659440137,0.6681992788622308
0.287431347111718,-0.1644843100757809,0.03638820862834909,-0.030005304668202986,1.1519918585272455,0.586520004181041
-0.26583843967959503,-0.26536487705937833,-0.1947031251002161,0.20120786003799568,0.6130748664599694,-1.6596600495516787
0.2542417438177237,-0.16348434238914347,0.0363725695891151,-0.029989657384166403,1.1479721554261528,0.586520004181041
-0.2782400517893051,-0.20413678727164578,0.03644992766224556,-0.0300670562730783,-0.5585903817461869,0.7907181908840156
-0.29382993195543156,-0.26928046806924116,0.03644992757400782,-0.0300670562730783,2.661884242096067,0.7907181908840156
-0.2891652133485477,-0.2614014516043689,0.0364499276274237,-0.0300670562730783,-0.049586782278445,0.7907181908840156
0.2850239248332847,1.7751295500384472,0.010818325427935573,-0.0044219410644444086,0.44045329360253477,0.20927250671283384
-0.22424750832871876,-0.1496055198044465,0.031023023462489127,-0.024637290993400236,-0.6268743271730335,0.45657570355187554
-0.2995693869711972,-0.2682805003826037,-0.1947031251002161,0.20120785737038493,0.5975900785090144,-1.6596600495516787
-0.2978639307343152,-0.26983170310378846,-0.1947031251002161,0.20120785968792304,0.32543172498037626,-1.6596600495516787
-0.2774553892498818,-0.23278961991449879,0.03644992766343838,-0.0300670562730783,-0.7772921052153798,0.7907181908840156
-0.2706866808990639,-0.17168681081643605,0.03183029603650089,-0.025444989175778292,-1.0524245010382058,0.2802227241265792
-0.2265525141751723,-0.2583036018234419,0.03644992768624717,-0.0300670562730783,-0.5786388784588923,0.6681992788622308
-0.23796812957948624,-0.19508696581604082,0.015734366954007498,-0.009340574330727587,0.4801001235433234,0.458463514214769
0.44724869051829924,0.11260696367452794,0.030123734722184655,-0.023737528140699918,1.40544444107678,0.7090389162028258
-0.2998419673507213,-0.27023260131073196,-0.1947031251002161,0.20120708914581004,2.8256929046877493,-1.6596600495516787
0.11157342762560825,-0.1933877040979736,0.036449927694491686,-0.0300670562730783,-1.0974897302512072,0.7907181908840156
-0.26177104423810926,-0.2557410422620134,0.0364499276769675,-0.0300670562730783,-0.49404775262447415,0.7907181908840156
-0.2878624254436114,-0.2682212767838507,0.03644992763491115,-0.0300670562730783,-0.30336988725976927,0.6681992788622308
-0.29984292154108133,-0.27023943480289575,-0.1947031251002161,-0.0300670562730783,-1.630527549921214,-1.6596600495516787
5.198077252255461,2.9480050888967653,0.027208583872032857,-0.020820840426623723,-1.4563442467492,0.5048407294998513
-0.28289077560424136,-0.2249721048791008,-0.10851406327120093,0.11497335944552853,0.3297879033348405,-1.6188204122110836
-0.2887485502246545,-0.26833061265847163,-0.1947031251002161,0.20120785999332416,0.7220877187282939,-1.6596600495516787
-0.20916652968795807,0.2469260856463662,0.03537073938816131,-0.02898729902664636,-1.292897256700325,0.5456803668404463
-0.2964138794504762,-0.26803677249542784,0.03644992748187087,-0.0300670562730783,-0.39918305755169625,0.7907181908840156
-0.22251183606376826,-0.25829449050055686,0.03644992768677134,-0.0300670562730783,-0.5345360772500721,0.7090389162028258
-0.18532131259003898,-0.04903473779894176,0.036449927689858844,-0.0300670562730783,-0.7948480626590111,0.7907181908840156
-0.2875440439268045,-0.23282606520603907,0.023035542347858273,-0.016645598941010996,0.6719221554950527,0.458463514214769
-0.29861392435732304,-0.26884995806292117,-0.1947031251002161,0.20120785946109052,0.47534347818069017,-1.6596600495516787
-0.2738574554655459,-0.1801421184537896,0.03644992766798543,-0.0300670562730783,0.2616229395473069,0.7907181908840156
-0.24513696175462288,-0.16764138345546087,0.03234823336785777,-0.02596319955112163,-0.7480480250456204,0.7090389162028258
5.286723127022374,2.0714320480919453,-0.007701926970635964,0.014108075184017084,-1.431711044839623,0.10289271988452255
0.2731693818633428,-0.19907316957826302,0.03644992769499563,-0.0300670562730783,-1.3844257275072347,0.7907181908840156
-0.2619198979342787,-0.17638369776369442,0.036449927676891695,-0.0300670562730783,-0.6520177948517164,0.7907181908840156
-0.29287924029335766,-0.22449603825835537,-0.1947031251002161,0.20120785995399418,0.33563820609228584,-1.6596600495516787
-0.17859140798053025,-0.19992963392946045,0.03644992769021518,-0.0300670562730783,0.06867678178121174,0.7907181908840156
-0.2899845448043866,-0.25494607934029023,-0.013621425692541538,0.02003069458211813,0.523331496304104,0.6022275570043469
-0.29621890655357047,-0.26707325010033073,0.036449927493406066,-0.0300670562730783,-0.11656521318700243,0.7907181908840156
-0.29982829062222704,-0.2701893225270278,-0.1947031251002161,0.2012078097824833,0.5975896200440608,-1.6596600495516787
-0.26564028614815577,-0.26564505023809454,-0.1947031251002161,0.20120786003812097,0.612964435113551,-1.6596600495516787
-0.26425639206261425,-0.25406228102043754,-0.1947031251002161,0.20120786003895735,0.6123864702818131,-1.6596600495516787
2.8300006952557473,1.3918549193854246,0.03644992769604379,-0.0300670562730783,-1.5339299378513591,0.7907181908840156
-0.2889581540404145,-0.2683215013355866,-0.1947031251002161,0.20120785999204735,0.7249408760943957,-1.6596600495516787
-0.28299859911492825,-0.2675789285204526,-0.1947031251002161,0.20120786001595758,0.6187525726973397,-1.6596600495516787
-0.2838987186879189,-0.24008095605328345,-0.012386912934710117,0.018795531019528123,-0.8835398723025863,0.48442091082955385
-0.11205157934859795,-0.23832702639790568,0.036449927692363646,-0.0300670562730783,-0.33608403147974664,0.586520004181041
-0.28550589331771464,-0.24050918822888218,0.016706843674169275,-0.010313563778549398,-0.1355592669576387,0.5830590179657364
0.33177702603208975,-0.17935398902423025,0.004125189971182572,0.002274723003186785,-0.7004118781978724,0.2369603964352711
-0.07685785823502257,-0.19906405825537793,0.03644992769298154,-0.0300670562730783,1.067732524317295,0.7907181908840156
-0.10688368435850873,-0.12790007086146646,0.026879466073287943,-0.020491549121156635,1.997042159970797,0.37539984504745727
-0.29220430964534133,-0.2639093432284869,-0.015226485622306713,0.021636600675342097,0.6395250293449284,0.10461228356202117
-0.2858090077887606,-0.2552148633654001,0.03644992764389036,-0.0300670562730783,0.024792729585284154,0.7907181908840156
0.15095286378531694,1.5297092346366736,0.033681924547826085,-0.02729759383922737,0.3526112004266273,0.7090389162028258
-0.2958420013613464,-0.26913924256452243,-0.1947031251002161,0.20120785987577014,0.6076865098482482,-1.6596600495516787
-0.29420938165528243,-0.2689456269532145,0.009983216251035067,-0.003586391748579546,2.6382701262100614,0.4231614548186614
-0.2983846006074551,-0.2664240683447688,0.03644992719212807,-0.0300670562730783,-0.3145531562921823,0.7907181908840156
0.1315071003741848,0.9776177357381816,0.036449927694574266,-0.0300670562730783,-1.366986610769875,0.7907181908840156
-0.29980284554595876,-0.27011187628250466,-0.1947031251002161,0.2012078417044775,0.5975899275826385,-1.6596600495516787
-0.29765591723582197,-0.26982486961162466,-0.1947031251002161,0.20120785972327718,0.6986914256595704,-1.6596600495516787
-0.2899727764566125,-0.26696846988715234,-0.14779764775455764,0.15427765414346095,0.552499297870733,-0.9653862147615653
0.30542896761973126,-0.15923163243253272,0.03644992769506403,-0.0300670562730783,1.0354190504052068,0.7907181908840156
6.779649682436935,3.7035638169726828,0.03323216241333709,-0.026847594589300472,-0.9988633342061659,0.7491863563003599
-0.1680253400601238,-0.1118481977686781,0.015114293100217294,-0.008720173568641085,0.8784125616525346,0.5920388740919325
-0.16672000764756065,-0.039135285484303166,0.036449927690755904,-0.0300670562730783,-0.26296791621811977,0.7907181908840156
-0.29464194795184334,-0.26784087905339865,0.03325517523715498,-0.02687061968677526,-0.34777928762205523,0.7090389162028258
-0.29858084575817423,-0.26937385912881323,0.01978919804791155,-0.013397543696349747,1.0378230213321613,-1.564102123740816
0.26985007166414465,-0.021242925168728777,-0.06660084512906154,0.0730380447609334,-1.015529608855483,-0.24388595507772207
0.3134931484160583,-0.16142746124783683,0.03644992769507999,-0.0300670562730783,1.1225980790937007,0.7907181908840156
-0.2761605529312793,-0.26495486752954983,0.02430521866931083,-0.017915944605130782,2.025227658697988,0.6617509150716105
-0.29402140615435046,-0.2674946487837656,0.036449927569986246,-0.0300670562730783,-0.40465502809797727,0.7907181908840156
-0.29749497712842504,-0.2675128714295358,-0.0079206869989878,0.014326950229157533,-0.21554305393240517,0.2072948003040883
