total_Mo,pic_intensite,ratio_actif,ratio_passif,ratio_upload,presence
-0.057783882409280264,-0.1774953071395983,-0.05895900040863773,0.018115549056765635,-0.8591623409585712,-1.6067926599016493
-0.16047425581736435,-0.26661080073493626,-0.05895900040863773,0.06035050382304528,0.5119380456047143,-1.6067926599016493
2.2488723565054634,0.5146424550634344,-0.016726305258315602,0.018115549056765635,1.8773567504987083,0.806506192055421
-0.23001062744069087,-0.12803003315998326,-0.01672630525987614,0.018115549056765635,-1.0096276577998369,0.806506192055421
-0.3235658564858176,-0.27301333619747514,-0.05895900040863773,0.060350398236851344,2.505049454643945,-1.6067926599016493
-0.32355078909407853,-0.2729669073688853,-0.05895900040863773,0.06035049464246438,0.5119376123613945,-1.6067926599016493
-0.2432971969751901,-0.2586807568117917,-0.016726305260144195,0.018115549056765635,-0.534982692324294,0.806506192055421
0.7059427426287741,0.26525232373454094,-0.02019521005436664,0.021584639452904345,-0.02623844499706846,0.7246994513111134
-0.29644311636576465,-0.2688231344172421,-0.016726305263842455,0.018115549056765635,-0.5277496464325062,0.6858412494575673
-0.30743944235592213,-0.26343274741796174,-0.02036938720903243,0.02175882591749173,0.9974055922905187,0.44451136426186033
0.07500504098732717,-0.1504969433146066,-0.05895900040863773,0.018115549056765635,-1.0734460407717787,-1.6067926599016493
-0.3109594720641116,-0.26861188324715835,-0.01672630527027375,0.018115549056765635,-0.3175461689031361,0.806506192055421
-0.2363446719298668,-0.2608443402240782,-0.016726305259993742,0.018115549056765635,-0.500784458931139,0.7260628969901852
0.3164112039568168,-0.19447432975490261,-0.016726305258493442,0.018115549056765635,-1.2133832540867915,0.806506192055421
-0.3231586781614398,-0.2725606551187242,-0.05895900040863773,0.06035050345316697,0.7481727807445884,-1.6067926599016493
-0.2747284936377783,-0.26548258020020316,-0.016726305261358928,0.018115549056765635,-0.6689838433522701,0.6456196019249496
5.97758472278653,2.1134864893560135,-0.02479304630239666,0.026182721703547268,-1.303335707136792,0.1290889704534363
-0.30142683555718014,-0.19764541874758862,-0.016726305265099776,0.018115549056765635,0.17904065849213696,0.806506192055421
-0.27961032856124374,-0.26767866379250255,-0.0271799563248099,0.028569759431698337,1.8339024863717772,0.34129195553357616
-0.312221904243394,-0.249910351091171,-0.03179119171716979,0.03318124153354742,0.10600303254105971,0.002073241403064052
-0.24956451444380714,-0.24385603184305593,-0.016726305260304046,0.018115549056765635,-0.17953490234299152,0.806506192055421
-0.2537780029194172,-0.19642666199710535,-0.02051113072827882,0.02190057702780269,0.4068395596136077,0.4792792290781911
1.0243841745911668,0.37180184246536363,-0.0245076476685134,0.025897307799615885,-0.9469709139608444,0.11114889572880741
-0.24029304606035326,-0.1479015717964346,-0.018252595317593743,0.019641920776859764,0.6225911641542774,0.27476237721742247
-0.2950719837175074,-0.2643450738997521,-0.01672630526357368,0.018115549056765635,0.3906896193527422,0.806506192055421
-0.2711116021255518,-0.2441856765260438,-0.018289174063715708,0.01967850147902086,0.27651584143499697,0.7246994513111134
0.1404739343359439,-0.19469486669070432,-0.0167263052585832,0.018115549056765635,-1.0043642212063242,0.806506192055421
-0.23845733550014073,-0.2609511265298348,-0.01672630526003686,0.018115549056765635,-0.5353071800535689,0.7662845445228029
-0.3041353785959929,-0.26996992648341117,-0.018528169137753788,0.01991750933533521,1.5359121545280652,0.6858412494575673
-0.3111280833526205,-0.2547737708859567,-0.01808071367424582,0.019470029926800567,-0.08138833268637322,0.7260628969901852
-0.3169613164401828,-0.26947545945892937,-0.01672630528119181,0.018115549056765635,-0.49901849005113336,0.806506192055421
-0.3176831162539697,-0.27109350413528527,-0.01672630528400521,0.018115549056765635,0.3695201533481237,0.806506192055421
0.0061553119303963824,-0.2184641054872727,-0.016726305258716212,0.018115549056765635,-1.1919175300529645,0.806506192055421
-0.30309823979795214,-0.2629614948077749,-0.01672630526565855,0.018115549056765635,-0.5584167232255908,0.806506192055421
-0.2684048528238508,-0.2606400533782829,-0.0167263052610033,0.018115549056765635,1.0642319213446712,0.806506192055421
-0.31589224912155206,-0.2710029679195351,-0.017977849108642478,0.01936715984997374,2.1903560435764837,0.7246994513111134
-0.31721315713067905,-0.27169940034838264,-0.021561891648215144,0.022951394145944763,2.3373905580812564,0.44451136426186033
0.37093184346987224,-0.16853222178032978,-0.01672630525847486,0.018115549056765635,1.0167591713930586,0.806506192055421
0.6641501029136044,0.15260902125130169,-0.034403425909896826,0.03579361550437421,-0.5991143757633773,-0.3796915487370374
-0.2625576285868165,-0.2633050681393397,-0.016726305260740062,0.018115549056765635,-0.46030970889547645,0.565176306859714
0.7235604697934174,-0.1826976573830898,-0.017670984955692158,0.019060279298169974,-0.8904654197304196,0.7390956095985195
0.6103735055545222,0.18520205892136912,-0.018885830508579296,0.02027518985009883,-0.794375350501969,0.6037079692018855
1.0034361951047623,1.214338830560893,-0.042558380291872665,0.04394900620881872,-1.3148297616412936,-0.4833604357147374
-0.2802779575142544,-0.27011617729346915,-0.05895900040863773,0.060350503820474195,0.5119380454833818,-1.6067926599016493
-0.097408970198555,0.8543250507924183,-0.016726305258926627,0.018115549056765635,-1.1938804018737124,0.806506192055421
-0.26357144880240385,-0.05428944615217063,-0.02656671995266536,0.02795649024989521,0.20098694152136357,-0.4295737077274688
-0.2852788965819431,-0.2682567027084461,-0.05895900040863773,0.06035050382001704,0.5258320779794848,-1.6067926599016493
-0.2667015200624888,-0.20348384394276095,-0.017954557536023066,0.019343867048239774,-0.3590089182576237,0.6019893401946522
1.115306915051021,1.289576747290728,-0.019150393230725996,0.020539766727458244,-1.3134110684990554,0.550226667953785
0.3918389257501278,-0.16561881278631732,-0.016726305258468483,0.018115549056765635,0.952992226930341,0.806506192055421
-0.32356729147550706,-0.2730179790803341,-0.05895900040863773,0.018115549056765635,-1.481183328928792,-1.6067926599016493
-0.3025891772056243,-0.2085097646376111,-0.01925552919309611,0.02064490830790236,-0.8267621923028109,0.48473301179447825
-0.3183464402379121,-0.25047213991710804,-0.01672630528727663,0.018115549056765635,0.12394155899777073,0.806506192055421
-0.31152629299143936,-0.2712304691796253,-0.05895900040863773,0.060350503811390885,0.5119380450547286,-1.6067926599016493
-0.2970085023034029,-0.20194240683357828,-0.03419224468535422,0.035582422975246275,0.4312784436202661,0.5048438355607872
0.5943016210328254,0.1941047868034708,-0.019637784184543074,0.021027183758566215,-0.8627600987810321,0.6428927105668059
-0.14409743598666205,-0.19827685081641047,-0.016726305259100904,0.018115549056765635,0.04355045880298801,0.806506192055421
2.818604877913034,0.3523086987819195,-0.016728971703982746,0.018118215645108883,0.19018822214978193,0.6053979543923317
-0.2850636481285275,-0.2682265239698627,-0.05895900040863773,0.06035050382003917,0.5256429833569809,-1.6067926599016493
0.708449669616221,0.30769988027280165,-0.01672630525840351,0.018115549056765635,-1.27761872049672,0.806506192055421
-0.32300728674920415,-0.2717690435912674,-0.018674258143378333,0.020063605894535305,0.6970774290765558,0.2702175582871831
-0.28480319749989463,-0.2683565246899142,-0.05895900040863773,0.0603505038200656,0.5256615753893993,-1.6067926599016493
-0.17680910219965063,-0.1126899481939003,-0.01710807556781246,0.01849733979151592,0.036363114988558966,0.43837585870603724
-0.321126015266352,-0.2725699408844422,-0.05895900040863773,0.06035050376190971,0.5368337541950514,-1.6067926599016493
-0.24811983857396624,-0.21510962262165675,-0.04106751756326674,0.042458063711244956,0.25779867483025154,-0.5665776375063606
-0.13179813935849563,-0.1706609835711739,-0.01740377978146505,0.018793059826760022,-0.1444043786248887,0.6942597338248596
0.3682215066939476,-0.16212272199350242,-0.016726305258475713,0.018115549056765635,0.9815742042748425,0.806506192055421
-0.31678517145580437,-0.27204065223851803,-0.01672630528059614,0.018115549056765635,2.3585141280249253,0.806506192055421
-0.32334379183137724,-0.27157172106976063,-0.05895900040863773,0.060350503146045655,0.6239111227902295,-1.6067926599016493
-0.19344170894249507,-0.07211347344781005,-0.05067283575448302,0.052063895825955366,-0.54787444371469,-0.8705319932028821
0.14104864770656342,0.6946238090919473,-0.016726305258582798,0.018115549056765635,-1.3378349979389361,0.806506192055421
-0.3201401773497086,-0.2679340223497467,-0.01921526242010135,0.02060463934348683,0.13033865171814765,0.7394701128343911
0.009554085009828397,0.4127311763087367,-0.030220857711266105,0.03161082352144127,-0.8488445333840239,0.29844327585393243
-0.05671302135353772,-0.0690491707608806,-0.017268855013279825,0.018658127839786435,-1.0480046502461413,0.7203169473426685
-0.3068690339543708,-0.26999081945627657,-0.05895900040863773,0.06035050381490049,0.5119380452203512,-1.6067926599016493
0.1848904526982495,1.561392002828514,-0.0172320317962783,0.018621302652866434,0.2927967050134694,0.7260628969901852
-0.30976304941054333,-0.27079868107373983,-0.016726305269232224,0.018115549056765635,-0.25751589108532946,0.7260628969901852
-0.306461855629993,-0.2722635106157492,-0.027262114262487983,0.02865192175974131,0.855669029474,-0.40014323392311424
-0.24096031626594158,-0.2294305948001928,-0.0167263052600908,0.018115549056765635,0.31644743151785576,-0.42094753437102006
-0.3235654977383952,-0.27301101475604567,-0.05895900040863773,0.06035041935423369,2.50505144775635,-1.6067926599016493
-0.3143639851023014,-0.24157173347643582,-0.016726305274719126,0.018115549056765635,-1.0074149443714135,0.806506192055421
0.13448069989800931,-0.06406271457033187,-0.016745655325444402,0.018134900158927936,-0.715082344663336,0.7862263697700674
-0.2403160058953843,0.08024272756974836,-0.016726305260076603,0.018115549056765635,-0.6318214845593827,0.806506192055421
-0.15460658297725555,-0.19076234490914493,-0.016726305259153414,0.018115549056765635,-0.9668703798275865,0.806506192055421
-0.24070668183833355,-0.008197226569607445,-0.019786261243109216,0.021175668759580848,-0.7295905580499759,-0.40014323392311424
-0.2776849311454413,-0.2627316721062552,-0.01672630526155882,0.018115549056765635,-1.0751909754038251,0.806506192055421
-0.1436059520180298,-0.19245467571124458,-0.018957497646543506,0.02034686082185969,-0.2204467876145739,0.20318147906615333
-0.2805179595398128,-0.26354185516514783,-0.016726305261776125,0.018115549056765635,-1.2070936371769065,0.806506192055421
0.08115074307976443,-0.2003823981929597,-0.01672630525863106,0.018115549056765635,-1.2072661056054144,0.806506192055421
0.28354635259448085,0.18644170864471782,-0.016734315998317227,0.018123560225182977,-0.769180212187454,0.7656028216832673
0.2444001926140557,1.129262645052871,-0.037737977799176106,0.039128345805302264,-1.181632745105508,-0.6414731191188212
-0.304298249925744,-0.2703390356707004,-0.05895900040863773,0.06035050381611107,0.5119380452774802,-1.6067926599016493
-0.3010314958977402,-0.2694429592789165,-0.05895900040863773,0.060350503817250906,0.5119380453312707,-1.6067926599016493
-0.32355078909407853,-0.2729669073688853,-0.05895900040863773,0.06035049464246438,0.5119376123613945,-1.6067926599016493
-0.1277001675528853,-0.20275491133390047,-0.01672630525903023,0.018115549056765635,0.1241778747574256,0.806506192055421
-0.2749444595860386,-0.20223258701226476,-0.03848283487049462,0.0398732427265813,0.18928281935050567,-1.0896571916251343
-0.15791136423202948,-0.18540910097273644,-0.02511345024574777,0.026503142788890537,0.7944165415297327,0.32384642166400696
1.0976988740667815,1.6375213530672736,-0.017476649916056533,0.018865933860876444,0.5286255960302897,0.6887842968380028
-0.32352137180544505,-0.27290654989171853,-0.05895900040863773,0.060350500524368716,0.5119378899359609,-1.6067926599016493
1.9902599496647766,1.7442380155810195,-0.01823848681874172,0.019627811524901055,-1.3552525156671227,0.5432372263873768
-0.005597253626094498,0.07989915423818356,-0.016726305258733195,0.018115549056765635,-1.239175550450708,0.806506192055421
-0.08774431464019529,0.04289769929351092,-0.017058461190698405,0.018447722760225653,-0.40813462177699317,0.6915871991050841
-0.29432650657384474,-0.2616870234629838,-0.017255327957446675,0.018644600055588198,-0.3806970658567732,0.7656028216832673
-0.31965730331921294,-0.2672538400109055,-0.016726305297005854,0.018115549056765635,0.46676867240329206,0.806506192055421
2.72355690084347,0.30669469613383166,-0.01672837368799304,0.01811761759712144,0.2630734484195373,0.6053979543923317
0.008471744036570384,-0.01350636311885559,-0.01672630525871301,0.018115549056765635,-1.3387933671348125,0.806506192055421
-0.2692471917715505,-0.26615115533189687,-0.05895900040863773,0.06035050382118497,0.5119380455169238,-1.6067926599016493
-0.3176110080220755,-0.27073135927228453,-0.016726305283693496,0.018115549056765635,-0.3942881344124784,0.806506192055421
-0.28298147808915414,-0.256261814842261,-0.05895900040863773,0.06035050382024105,0.5250455862438186,-1.6067926599016493
-0.2941747564141868,-0.26652955028490405,-0.019856218543144486,0.021245629799283,1.2399183840676662,0.6019893401946522
-0.22460717376511502,-0.07291901362384375,-0.0038514488497684825,0.005240003790823436,-0.6902468949320234,0.26559438040987066
0.2101509349488352,-0.19954203639548357,-0.017381713452130826,0.0187709923172958,-0.7372643106187331,0.7121313766157589
-0.31129023718752685,-0.2710633253967019,-0.05895900040863773,0.06035050381163283,0.6258573194374308,-1.6067926599016493
-0.3175023075531006,-0.2706477873808228,-0.0167263052832376,0.018115549056765635,-0.40999553768911945,0.806506192055421
-0.2532452629972136,-0.2236896701450591,-0.017705309381161233,0.01909460555812215,0.5279728194106368,0.7253869029140068
-0.16007927490534676,-0.14135046408240823,-0.021846470112980066,0.023235987859705765,-0.7490905549097552,0.31566574758957605
-0.31258029291833095,-0.2501355309098317,-0.03539082328529546,0.03678106569581461,1.2597002270135689,0.31566574758957605
-0.30223078853068736,-0.25834414780451537,-0.01672630526535762,0.018115549056765635,1.126580149138182,0.806506192055421
-0.2594558983730979,-0.20096043710890316,-0.01672630526061992,0.018115549056765635,0.3886428740866825,0.806506192055421
-0.316351445822172,-0.27083118125375266,-0.019025440268150458,0.02041480705851073,-0.8226228909823144,0.601119055718649
-0.02928749840901359,-0.19112913265500467,-0.016726305258771553,0.018115549056765635,-0.9356795244566302,0.806506192055421
-0.2635542289261307,-0.25487823575028384,-0.022715655529411162,0.0241052197794088,0.2851688843968347,0.44451136426186033
-0.30878797391657076,-0.2033561646641389,-0.04748870825331307,0.04887959795223756,-1.0115078113012914,-0.40014323392311424
0.6040993718848804,0.09836157792693323,-0.02350403605131783,0.024893642485164163,-1.2139060230657979,0.07024552535665378
0.260260774903983,-0.1892603723042636,-0.016904224708260026,0.01829347802590624,-0.7504455191107718,0.7802746827950179
-0.25538662636127635,-0.2630125665192237,-0.01672630526047887,0.018115549056765635,-0.5145951801990806,0.7260628969901852
-0.3235647802435505,-0.27301101475604567,-0.05895900040863773,0.060350443488410815,2.50505372560154,-1.6067926599016493
-0.31937030538132555,-0.25761289375422536,-0.0203362458973377,0.021725682805898663,-0.7622353681178742,0.5280486322142204
-0.3198047485098026,-0.24867070136782227,-0.016726305298524344,0.018115549056765635,1.1166398179527977,0.806506192055421
-0.3086197213754842,-0.2695590313503911,-0.016726305268392718,0.018115549056765635,-0.37560513092140263,0.806506192055421
0.07915216118980072,0.272005396852933,-0.017677825764448516,0.01906712047270523,-0.24772074829398752,0.6915871991050841
-0.32030627740626094,-0.2679340223497467,-0.026366882019858665,0.027756641581028238,-0.15506693066887595,0.435229445600487
-0.3105426075593301,-0.2641384656125273,-0.016726305269889136,0.018115549056765635,-0.41858052730666007,0.806506192055421
0.40110286043771215,-0.1599637814640749,-0.01672630525846578,0.018115549056765635,0.9493066075059372,0.806506192055421
-0.17502863874248137,0.23352518371767406,-0.017034139795274388,0.018423400063132908,-1.081035985193005,0.7246994513111134
-0.16041398625040798,-0.2666015149692183,-0.05895900040863773,0.06035050382304562,0.5119380456047306,-1.6067926599016493
-0.31698176504325726,-0.26989564035766744,-0.016726305281263024,0.018115549056765635,-0.3969478854637899,0.806506192055421
-0.3195371229327226,-0.27194083025704985,-0.05895900040863773,0.060350503786378636,0.511938043874369,-1.6067926599016493
0.05923593929010155,-0.14995604746153499,-0.020641632367107345,0.022031085650762155,-0.9774856916476874,0.6428927105668059
-0.32167382258029464,-0.2720429736799475,-0.05895900040863773,0.06035050374395354,0.5119380418722745,-1.6067926599016493
-0.22893510266845765,0.30750023630986534,-0.016726305259857733,0.018115549056765635,-1.2818145225614692,0.806506192055421
-0.3226144583217207,-0.2702183207163668,-0.05895900040863773,0.06035050366495714,0.5044338161297511,-1.6067926599016493
-0.31032413037911327,-0.2548201997145465,-0.049542304927434444,0.0509333045007433,0.3931012539869661,-1.225745472750533
-6.583004514213028,5.299541814937988,-0.07776799938821174,0.07916050915967776,-0.9639204488573566,-0.34402000480783346
-0.1715868159723662,-0.08342121465086547,-0.0167263052592536,0.018115549056765635,-0.3273482108254023,0.806506192055421
-0.29413995791421793,-0.25122892982312245,-0.016726305263405277,0.018115549056765635,-0.08375322602834187,0.806506192055421
-0.32356729147550706,-0.2730179790803341,-0.05895900040863773,0.018115549056765635,-1.481183328928792,-1.6067926599016493
0.6433836496229137,0.8110928470509893,-0.02538429975055556,0.02677400678597989,-1.2934891605661158,0.02934215498449989
-0.31943129244312657,-0.2700952843206037,-0.022865779404580837,0.024255351652692745,0.7133420164558555,0.43837585870603724
-0.32356729147550706,-0.2730179790803341,-0.05895900040863773,0.018115549056765635,-1.481183328928792,-1.6067926599016493
-0.3049687488581335,-0.26901349261446045,-0.05362319512766175,0.0550144130480893,0.4601521823503467,-1.204576184575471
-0.24770405031145182,-0.1406609959778491,-0.04566690633109448,0.04705769856463945,-1.0243809884421073,-0.42059491910919106
-0.2708002093629439,-0.26265274309765246,-0.016726305261127977,0.018115549056765635,-1.1325798460996446,0.806506192055421
0.2874470133177936,0.14199539103566444,-0.03119797382451506,0.03258799191448768,-1.2854132430698992,-0.31692603213149123
-0.248567914104493,-0.2586993283432276,-0.01672630526027684,0.018115549056765635,-0.6172708139446877,0.806506192055421
-0.2457162308441589,-0.22557932346866558,-0.016726305260202842,0.018115549056765635,-0.30166635537516207,0.806506192055421
-0.3203016136897702,-0.2643798955211945,-0.016726305304650965,0.018115549056765635,0.8791207899705566,0.806506192055421
-0.2649734337289841,-0.21789767377847666,-0.019337647939102795,0.02072703145222465,-0.6162026502731841,0.6255087781586407
-0.3087581978805149,-0.2713929700796897,-0.05895900040863773,0.060350503813742955,0.511938045165726,-1.6067926599016493
-0.292778152698942,-0.26123898526709183,-0.05895900040863773,0.06035050381905318,0.5786819728709719,-1.6067926599016493
-0.3235658564858176,-0.27300869331461614,-0.05895900040863773,0.060350398236851344,0.5119330628575764,-1.6067926599016493
-0.32129821402908443,-0.27259315529873707,-0.05895900040863773,0.06035050375719966,0.5109926884872134,-1.6067926599016493
-0.3088518309577507,-0.26755098451388054,-0.05895900040863773,0.018115549056765635,1.5834977044141878,-1.6067926599016493
-0.17424334063493685,-0.16454862828732153,-0.0301367842666323,0.03152674557798461,0.7339056777821292,-0.08730819755830878
-0.31056843737373996,-0.26891831351585127,-0.05895900040863773,0.06035050381231813,0.5119380450984865,-1.6067926599016493
0.5232918737458692,2.1839399152996655,-0.03625185100884563,0.03764213950137736,0.5397907474550236,0.4792792290781911
-0.25386948351211885,-0.2625947070619151,-0.0167263052604305,0.018115549056765635,-0.4758050639490651,0.6858412494575673
0.11793885625302174,0.14433308255516286,-0.028814678503189715,0.030204569077307265,0.0008797049324706318,-0.025665825860810284
-0.31924689626803393,-0.27079403819088077,-0.016726305293324962,0.018115549056765635,0.559436660121486,0.806506192055421
-0.32183956388942464,-0.2719176158427549,-0.05895900040863773,0.06035050373627712,0.5119380415100147,-1.6067926599016493
-0.2704547355952118,-0.265245793174395,-0.016726305261109305,0.018115549056765635,-0.7092173319460521,0.7662845445228029
-0.2658204363931744,-0.2533228699925242,-0.02737027306472567,0.028760086355138246,0.7683960366017277,-0.23925664379264291
0.11538816208004708,-0.19471808110499927,-0.01725515536467508,0.018644427458418725,-1.0817862902204907,0.7582402150162795
-0.11891013821023759,-0.026480899268286277,-0.016955281582490926,0.018344537631401748,0.24442975994287475,0.7662845445228029
-0.3101368642246417,-0.23825671511512125,-0.016726305269537712,0.018115549056765635,-0.8080250455881289,0.806506192055421
0.3724514975509862,-0.16601810071218995,-0.01672630525847438,0.018115549056765635,0.8994866845326339,0.806506192055421
-0.32356729147550706,-0.2730179790803341,-0.05895900040863773,0.018115549056765635,-1.481183328928792,-1.6067926599016493
-0.2912118614529213,-0.21002102300821038,-0.02295186998144539,0.02434144686769567,0.37041515728721514,-0.15881334872740727
-0.32356513899097283,-0.2730040504317572,-0.05895900040863773,0.060350433432500336,0.5119347237851347,-1.6067926599016493
-0.22814370585473304,-0.1600218174998122,-0.020123135528587695,0.02151256106941152,-0.4808423268043872,0.17445173082856927
-0.2775163198569324,-0.2526984022479909,-0.032838529522164706,0.0342286353853369,0.8707638635673431,-0.31692603213149123
-0.3162664226830728,-0.2696634962147182,-0.018896979894781635,0.020286339812246562,1.821261401930808,0.6428927105668059
-0.28535315729837146,-0.26832634595133087,-0.05895900040863773,0.06035050382000935,0.5258777890230031,-1.6067926599016493
-0.27076612835781977,-0.2579518242029312,-0.016726305261126128,0.018115549056765635,-1.1547968729301008,0.806506192055421
-0.32291293617712363,-0.2720383307970885,-0.01962054170956275,0.02100994012965882,1.5084987165464292,0.5383618751713019
-0.29830609173007655,-0.2592402241962992,-0.01672630526425439,0.018115549056765635,0.5754269503224304,0.806506192055421
-0.25099878663839964,-0.24004422501583006,-0.02559863073021528,0.026988349231266563,-0.8075048951708111,0.11114889572880741
0.2810480355451706,0.012057349902710018,-0.016768554216749887,0.0181578002754952,-1.2306652628050512,0.7662845445228029
-0.3174901101407404,-0.2703970717064377,-0.01672630528318746,0.018115549056765635,-0.4144986553012011,0.806506192055421
0.30114721863027305,0.2595090776379777,-0.01672630525849923,0.018115549056765635,0.5805238901315033,0.806506192055421
-0.09875965424373777,-0.23775064088349201,-0.01672630525893065,0.018115549056765635,-0.366262314276666,0.6456196019249496
-0.3096504027199225,-0.2707661808937269,-0.016726305269143385,0.018115549056765635,-0.33616482192029595,0.6456196019249496
-0.06300006993038454,-0.193914862370395,-0.017858460708893926,0.01924776508163191,-0.726913152382778,0.7656028216832673
-0.3170836493112073,-0.27187118701416507,-0.05895900040863773,0.06035050380060521,0.521753116876798,-1.6067926599016493
-0.2852788965819431,-0.2682567027084461,-0.05895900040863773,0.06035050382001704,0.5258320779794848,-1.6067926599016493
-0.32191669458523187,-0.2683147387441834,-0.05895900040863773,0.06035050373217912,0.5357636608261878,-1.6067926599016493
-0.019237548119040004,-0.08554533355885062,-0.03184637202271188,0.033236424804311944,-0.411294293002046,-0.0783700536621716
-0.3023258565976126,-0.24444567796614686,-0.016726305265389405,0.018115549056765635,-1.1599141109630173,0.806506192055421
2.8829752866543865,0.3397195219097845,-0.016726305258303955,0.018115549056765635,0.317275741737022,0.806506192055421
-0.16472756525685625,0.12193581564342428,-0.018990736675744493,0.02038010162936872,-0.9246820103757429,0.7656028216832673
-0.32356621523324,-0.27301101475604567,-0.05895900040863773,0.060350363041261006,2.5050461327943645,-1.6067926599016493
-0.28929076900618717,-0.2658725823603578,-0.016726305262676894,0.018115549056765635,0.12795787758181615,0.806506192055421
-0.2556262696394123,-0.26242292039613274,-0.01672630526048671,0.018115549056765635,-0.53393919832253,0.6858412494575673
-0.22473991031138796,-0.19297467859145076,-0.018660112252727772,0.02004945951605375,0.2275040938197553,0.6858412494575673
-0.01110689653868869,-0.1898105539230532,-0.02070331888885233,0.022092775472891815,-0.6290695694711862,0.31566574758957605
-0.17341642782639866,-0.03748917452693722,-0.016726305259265745,0.018115549056765635,-0.2578581909427794,0.806506192055421
-0.19799708371161356,0.11657560738272725,-0.02400394757345532,0.02539358075350913,0.5019731220280561,-1.445906069771178
-0.316351445822172,-0.26943831639605753,-0.016726305279253374,0.018115549056765635,0.18751329686396778,0.806506192055421
-0.25471469243919737,-0.2292797011072758,-0.016726305260457184,0.018115549056765635,0.09075777416514884,-0.8425813567819105
2.5481416087221302,0.24949670075257882,-0.016728711072129483,0.018117954999306237,0.24403388469709686,0.6053979543923317
-0.2759270687758807,-0.2604868382439364,-0.05895900040863773,0.060350503820793856,0.511938045498467,-1.6067926599016493
-0.31891684863946335,-0.27086135999233607,-0.016726305290836126,0.018115549056765635,-0.8661647767295166,0.806506192055421
-0.3191403482835932,-0.2697261751333145,-0.05895900040863773,0.06035050378974823,0.5119380440333844,-1.6067926599016493
-0.119206104833684,-0.1937291470560357,-0.01672630525899808,0.018115549056765635,-0.9750690818616328,0.806506192055421
-0.32356729147550706,-0.2730179790803341,-0.05895900040863773,0.018115549056765635,-1.481183328928792,-1.6067926599016493
0.21813880505508756,0.6014782931750113,-0.01714387947152348,0.018533145611630625,-0.726628956814256,0.7591866067229293
2.140094039339942,0.29196979314656407,-0.016726305258318204,0.018115549056765635,-1.3832749931267982,0.806506192055421
-0.3213003665136186,-0.2725908338573076,-0.05895900040863773,0.060350503757136256,0.36968487925465404,-1.6067926599016493
-0.3121214549651334,-0.2662207985747816,-0.01672630527149372,0.018115549056765635,0.05858961027148174,0.806506192055421
-0.28646132808603936,-0.2685654544185685,-0.05895900040863773,0.06035050381989093,0.5119380454558572,-1.6067926599016493
-0.17453966600580564,0.4802317287540748,-0.016698855750978375,0.018088098079812997,-1.0224896745774226,-1.40568442223856
-0.3157157453897513,-0.25957683320357555,-0.05895900040863773,0.06035050380467659,0.5119380447378725,-1.6067926599016493
-0.30027705006851857,-0.2692293866674032,-0.01672630526476195,0.018115549056765635,1.1459385921608647,0.806506192055421
-0.32356729147550706,-0.2730179790803341,-0.05895900040863773,0.018115549056765635,-1.481183328928792,-1.6067926599016493
-0.24382921940254895,0.017317736181938864,-0.017246927143229646,0.018636198795175776,-0.5240245138370355,0.7503829629401401
-0.3190546076496493,-0.27189672286988953,-0.05895900040863773,0.060350503790398524,0.5209695981033916,-1.6067926599016493
-0.30062395882594006,-0.19886185405664245,-0.018155985738111058,0.019545306023596627,-0.3665387551415859,0.5048438355607872
-0.32356729147550706,-0.2730179790803341,-0.05895900040863773,0.018115549056765635,-1.481183328928792,-1.6067926599016493
0.3677612337510606,0.765769024581588,-0.01672630525847586,0.018115549056765635,0.5738065970308768,0.806506192055421
-0.3014390329695404,-0.26831938162704233,-0.05895900040863773,0.06035050381712709,0.5119380453254273,-1.6067926599016493
-0.307396392665239,-0.24271852554260487,-0.020333454888109007,0.021722891674071515,-0.14388714383374474,0.6019893401946522
-0.2806255837665206,-0.2582420043816177,-0.016726305261784945,0.018115549056765635,-0.46456637813321927,0.806506192055421
-0.16048968195652583,0.24167344313519085,-0.016726305259185763,0.018115549056765635,0.2568386787417424,0.806506192055421
-0.27312166393303094,-0.06832255959344963,-0.016726305261260115,0.018115549056765635,-1.1883157047708832,0.806506192055421
-0.14909155885332595,-0.12025552581261463,-0.03338945750419934,0.03477959284662719,0.7773053417260933,-0.2833707088284174
-0.32091901800365064,-0.2702392136892322,-0.024833014736629737,0.02622269221906084,-0.2154351588717442,0.2319112273037374
-0.30703728649545736,-0.2708288598123232,-0.016726305267422387,0.018115549056765635,1.814688580735199,0.806506192055421
-0.32356729147550706,-0.2730179790803341,-0.05895900040863773,0.018115549056765635,-1.481183328928792,-1.6067926599016493
-0.10490715007328683,-0.20125758161187815,-0.018013082147966777,0.019402394793454063,-1.254811620057358,0.696810789693736
1.0971116045363793,0.10234981430280042,-0.016726305258363352,0.018115549056765635,-1.382200398283603,0.806506192055421
-0.04658952784198049,0.39175927443470604,-0.016946037868734803,0.01833529342326355,-0.8869454784707784,-1.204576184575471
-0.3052822941052756,-0.27045742918360444,-0.017742163616602667,0.019131461759279687,1.4796591040773501,0.7260628969901852
-0.32353356921780524,-0.27283690664883375,-0.05895900040863773,0.06035049933089448,0.5119378336143898,-1.6067926599016493
-0.18562424386186346,-0.19006359103886786,-0.016726305259355045,0.018115549056765635,-0.9624398412521328,0.806506192055421
-0.3086695872671922,-0.270866002875195,-0.016726305268426642,0.018115549056765635,-0.3503064099006248,0.7260628969901852
-0.31874859609837686,-0.26175202382300955,-0.01672630528969856,0.018115549056765635,1.488318228422821,0.806506192055421
-0.25851418638940477,-0.2022024082736814,-0.020962989817470867,0.022352460293091552,0.2449780052645342,0.524954659327096
-0.28987552730463284,-0.19104323932211345,-0.01751641169273092,0.018905697760573166,-0.35375342005616545,0.7618154725747345
-0.29011194185596767,-0.23973779474713713,-0.016726305262785388,0.018115549056765635,0.5883663935810547,0.806506192055421
-0.31941837753592167,-0.2655940093888188,-0.01672630529477439,0.018115549056765635,0.6137914577908359,0.806506192055421
-0.31749477385723107,-0.27043421476930957,-0.016726305283206608,0.018115549056765635,-0.395546236546989,0.806506192055421
-0.3165078596983206,-0.2620236324702601,-0.05895900040863773,0.060350503802511266,0.511938044635688,-1.6067926599016493
0.9139714041693764,1.7526973481500885,-0.017145411143704957,0.018534677365919905,0.6328561903809771,0.7260628969901852
-0.30896232516383737,-0.18594303250151958,-0.05895900040863773,0.06035050381359996,0.8050484493903514,-1.6067926599016493
-0.1605266329410288,-0.26661544361779527,-0.05895900040863773,0.06035050382304498,0.5119380456047002,-1.6067926599016493
-0.2441736169280139,-0.2586691496046442,-0.016726305260165025,0.018115549056765635,-0.5911287479925873,0.806506192055421
-0.31099498805892517,-0.2599505852737238,-0.022922924428569736,0.024312499758749294,0.6953541224425799,0.44451136426186033
-0.2970863504940549,-0.26889974198441535,-0.01672630526397813,0.018115549056765635,-0.5489268963698954,0.7260628969901852
2.717742681369293,0.455181054288427,-0.02398949309546044,0.0253791255032991,-1.2653343765730718,0.38062992406299667
-0.23646377607409005,-0.19524504830949396,-0.02407461575241789,0.025464252712966894,-0.7389642003641633,-1.0436895944449998
-0.28535315729837146,-0.26832634595133087,-0.05895900040863773,0.06035050382000935,0.5258777890230031,-1.6067926599016493
-0.27682393733177896,-0.25334144152396015,-0.022013495376621586,0.023403022057547185,0.0037759218818317003,0.4792792290781911
-0.2696249528072948,-0.23948011474846356,-0.05895900040863773,0.018115549056765635,0.3255538975137125,-1.6067926599016493
-0.29979381729060056,-0.21838749792009945,-0.017732604317451425,0.019121901950581034,-0.02781803877678905,0.7662845445228029
-0.3231177809552908,-0.272767263405949,-0.016726305595309337,0.018115549056765635,0.11585884513763704,0.806506192055421
0.6121636551920953,-0.19459040182637719,-0.01672630525841862,0.018115549056765635,-0.7349510473596069,0.806506192055421
0.028918194626516673,-0.18905144257560935,-0.016726305258686534,0.018115549056765635,-0.49245783628178064,0.806506192055421
0.6935734902532477,0.5966775522988219,-0.03475218387446136,0.03614239212887864,-1.1332726995222777,-0.6012514715862034
-0.3156648032557763,-0.26045201662249406,-0.01672630527742899,0.018115549056765635,-0.5685892588878809,0.806506192055421
2.275864153816355,0.8813814506531473,-0.02880151490005285,0.03019140477015026,-1.2830637325309964,-0.31692603213149123
-0.31935165051536285,-0.27051082233648277,-0.0552320576094142,0.05662336158257581,2.149211519607469,-1.4819668572142148
-0.32157983075563645,-0.2718619012484471,-0.05895900040863773,0.06035050374773792,0.5313655788799074,-1.6067926599016493
2.747256831806793,4.840592844327424,-0.03146844827724661,0.032858480838874694,0.5457951583983732,-0.8446982855994167
-0.1819671726383327,-0.2094360197679784,-0.01672630525932668,0.018115549056765635,-1.0393211558317919,0.806506192055421
0.9418403389279366,0.49581324362882495,-0.05895900040863773,0.018115549056765635,-1.1699534472161126,-1.6067926599016493
-0.24217395879578313,-0.22869005498418485,-0.02196029879942965,0.02334982263550714,0.8096737391115321,0.565176306859714
-0.31780903659921783,-0.2674859841538547,-0.05895900040863773,0.018115549056765635,0.13631084645402466,-1.6067926599016493
-0.28525952422113565,-0.26836813189706166,-0.05895900040863773,0.06035050382001904,0.5258997130467413,-1.6067926599016493
-0.316982482538102,-0.27204761656280646,-0.016726305281265532,0.018115549056765635,2.3597695026233962,0.806506192055421
0.7708598824418023,0.18723332017217456,-0.01844768050326164,0.0198370164020405,-0.18776764626779235,0.6456196019249496
0.1629573527900463,0.9987303149139667,-0.01672630525856811,0.018115549056765635,-1.245437663579423,0.806506192055421
-0.31393994564907274,-0.27197333043706273,-0.05895900040863773,0.06035050380823612,0.5119380449058515,-1.6067926599016493
1.8381650337339033,1.4252974990245466,-0.02128487800145973,0.022674365701634978,-1.2785952206808848,0.524954659327096
-0.28610975561212726,-0.2646306111955796,-0.05895900040863773,0.06035050381992926,0.4410414743310588,-1.6067926599016493
0.2437609047074115,3.226838191733218,-0.057929550857383855,0.059320999192816096,0.5448027053412228,-0.6012514715862034
-0.08419917261244066,0.016463445735885828,-0.017425464848754242,0.0188147460544435,-0.48100371611440423,0.689733666960724
0.4060489111497798,0.7950261509174754,-0.02580364724025943,0.027193376712388036,-1.1555297964435738,0.49309075673632075
-0.30534220492480957,-0.21451997649856583,-0.016726305266569902,0.018115549056765635,-0.06981077834157515,0.806506192055421
-0.2852132458036513,-0.2680500944212213,-0.05895900040863773,0.06035050382002381,0.5257896526977953,-1.6067926599016493
-0.1666651600850189,-0.2580678962744058,-0.017610528565560106,0.01899981967256011,0.42881100182716964,0.752274757179981
-0.3087858214320366,-0.27086832431662455,-0.016726305268506613,0.018115549056765635,-0.32312868009736817,0.7662845445228029
13.004398108089765,7.113325789745798,-0.0467346954555814,0.04812554482206885,0.5136918195373659,-0.2160780672484224
-0.24411370610847985,-0.26030808725386556,-0.016726305260163592,0.018115549056765635,-0.48197234596421373,0.6456196019249496
-0.29618589446393306,-0.23661313458304098,-0.038100226627107096,0.03949061400971664,0.30827799169214104,-1.0436895944449998
0.35912582454744985,-0.15988485245547215,-0.01672630525847863,0.018115549056765635,0.9035898190447412,0.806506192055421
-0.25601551059267214,-0.1561891176997209,-0.01672630526049956,0.018115549056765635,-1.1805940491543818,0.806506192055421
-0.2852591654737133,-0.26829384577131793,-0.05895900040863773,0.06035050382001908,0.525768926205314,-1.6067926599016493
-0.27579791970383133,-0.23252507622570556,-0.01783987875914423,0.0192291821350838,1.130668445430847,0.6645474360579462
-0.15883119262295872,-0.20655975383683783,-0.01672630525917641,0.018115549056765635,-0.09180847976064387,0.806506192055421
-0.2726814808457961,-0.2579750386172261,-0.016726305261234132,0.018115549056765635,-1.2106337851133993,0.806506192055421
-0.318590029737694,-0.27136511278253583,-0.05895900040863773,0.06035050379353249,0.5119380442119683,-1.6067926599016493
-0.31068395404373966,-0.2648975769599712,-0.019348796642235645,0.02073818074268257,-0.21611291793900117,0.7246994513111134
-0.2630857047925294,-0.21389783019546196,-0.019357848240686166,0.020747232834685037,1.2244519526622502,-0.4805865289883499
-0.3091495913183089,-0.25893611536903577,-0.016726305268765226,0.018115549056765635,-0.42047318563452724,0.7662845445228029
2.5580584637184085,1.8483221635137221,-0.023104840451262983,0.02449442552667091,-1.4025245933299793,0.6428927105668059
-0.29528615592865587,-0.26892992072299876,-0.01672630526361394,0.018115549056765635,-0.5655909063419545,0.7662845445228029
-0.27370606348405424,-0.12450144218715546,-0.016726305261295316,0.018115549056765635,-0.7310686214101696,0.806506192055421
-0.3233915052385509,0.2515558193005383,33.97852405598173,-33.978953693879134,13.414347946063431,0.12273818400091767
-0.3235658564858176,-0.27300869331461614,-0.05895900040863773,0.060350398236851344,0.5119330628575764,-1.6067926599016493
-0.2982329072559153,-0.26889974198441535,-0.016726305264237067,0.018115549056765635,-0.5781414918602068,0.6053979543923317
0.7927319952882044,1.60029703974537,-0.017974125400169984,0.01936343596187383,-1.1364584157628566,0.5201825994503447
1.9499686679121808,0.32251996235867847,-0.01672630525832335,0.018115549056765635,-1.3165482177441201,0.806506192055421
-0.3210011711633709,-0.2719895805270692,-0.019454042648795727,0.020843432333037346,0.911231056391628,0.3974724883338836
-0.2794790270046602,-0.2590011157290616,-0.016726305261693192,0.018115549056765635,-1.1547457438014193,0.806506192055421
-0.3193792740668845,-0.2711793974681765,-0.021465454737606943,0.02285495206324579,1.119059818990565,0.5456090188708728
-0.16756310488318424,-0.18243765594298672,-0.01714779893520588,0.018537065284328358,1.477583805073164,0.7656028216832673
-0.17137802497255308,-0.15852448777778985,-0.02900256159941998,0.03039246222537656,0.10608218450594685,0.5169103298205725
-0.2505930433037113,-0.1873892905120931,-0.017185144161675745,0.018574412507811004,-1.0135473219754743,0.7662845445228029
-0.31849029795427813,-0.2553750242161951,-0.039740617383180556,0.04113109250889662,0.25251679145773614,-0.5098386362847993
-0.31678732394033854,-0.25481555683168755,-0.019957612606659524,0.021347029270590116,0.5945145849118546,0.46174921320441076
-0.2971606112104833,-0.2019400853921488,-0.02461194489647955,0.02600161060227231,-0.8955509372933371,-1.204576184575471
-0.2452982900971103,-0.25920772401628633,-0.01672630526019245,0.018115549056765635,-0.49924402361602904,0.806506192055421
-0.3114753508574643,-0.2632934609321922,-0.0172964078129962,0.018685682101724353,-0.2933288768837195,0.7656028216832673
-0.32124511941057526,-0.2685933117157224,-0.05895900040863773,0.060350503758726415,0.5140934341344627,-1.6067926599016493
-0.03853600695743644,-0.03776078317418777,-0.019867719362258483,0.02125713123835982,-0.025623083400737556,0.40428971672924263
-0.0032284443962559816,-0.19263574814274495,-0.019734119077687115,0.02112352380570151,-0.14838523513824028,0.5610859698224986
-0.2854948625302034,-0.2684749182028183,-0.05895900040863773,0.06035050381999459,0.5259484533277617,-1.6067926599016493
-0.2706854101877889,-0.20605135816377906,-0.017983198309702568,0.019372509354113623,1.7252640513038764,0.6858412494575673
-0.3053063301825737,-0.2523919719792979,-0.01672630526655357,0.018115549056765635,0.005650289015153574,0.806506192055421
-0.281198144652606,-0.26666883677067355,-0.016726305261832625,0.018115549056765635,-0.4766149188710836,0.7662845445228029
-0.3209796463180294,-0.2725699408844422,-0.05895900040863773,0.06035050376542036,0.6094802367367536,-1.6067926599016493
-0.26324175992125565,-0.2553657384504771,-0.016726305260768223,0.018115549056765635,1.163155216225789,0.806506192055421
1.4070970010063408,5.129454444281969,-0.016728283745306397,0.018117527649584686,-1.2979637039518042,0.6858412494575673
-0.25849589027086445,-0.21283693146218413,-0.01672630526058505,0.018115549056765635,0.16287121695467727,0.806506192055421
-0.1733102385893803,-0.15230534618818084,-0.0217943738767204,0.023183888836009064,-0.1937951312556238,0.48473301179447825
0.9470669301242893,0.39186606074046276,-0.016726305258375943,0.018115549056765635,-1.2976053606276368,0.806506192055421
-0.2102174559068609,-0.22901273534288422,-0.021515644732581732,0.02290514477842647,-0.7767402027901759,0.47526909472798
-0.21192186491048998,-0.22063929610670668,-0.022613877531111066,0.024003436336749406,-0.4606347875026284,-0.6012514715862034
-0.3062971905631301,-0.2286970193084733,-0.05895900040863773,0.06035050381520093,0.5119380452345298,-1.6067926599016493
-0.3015681820415897,-0.24357513743008738,-0.01689021677233777,0.018279469333875913,-0.29289009904938634,0.7446267343129319
-0.30492892789425163,-0.23938493564985436,-0.017132748419388725,0.0185220139560908,-0.6233823140507945,0.741281898759284
-0.3232914147077127,-0.27292047854029544,-0.018758308018427084,0.020147659987930278,1.100284633703664,0.6837960809389597
0.31324597544934063,2.658412364749242,-0.0172155339959826,0.018604803969933,-1.2627048656838202,0.11036229245241992
-6.539334907984073,-0.2632400677793139,-0.059095967838734574,0.06048747858239671,-0.6944970544964072,-0.3796915487370374
-0.3166581748682892,-0.2719826162027807,-0.05829894322842774,0.05969041130615517,2.3222953937687465,-1.5644540835515253
0.1738998666668498,0.09316387056630068,-0.02022344839727312,0.02161287930651686,-0.723880054607183,-1.2749640677575524
-0.14832204563236526,-0.19741095316320995,-0.017441981770604954,0.01883126385978349,-0.9029850575434386,0.5383618751713019
-0.30783944573185273,-0.21977107701207668,-0.017046125864745056,0.01843538676529224,0.10991317552017224,0.32384642166400696
-0.21678468622057034,0.02851636963780816,-0.019456318252483253,0.02084570811610487,-0.34782798559683603,0.46174921320441076
-0.3175500209602744,-0.270738323596573,-0.017448941872056263,0.018838224309312115,-0.3996003836842209,0.7662845445228029
-0.2850582669171921,-0.26841688216708104,-0.05895900040863773,0.06035050382003971,0.52577104271395,-1.6067926599016493
-0.3235378741868736,-0.2729669073688853,-0.05895900040863773,0.06035049867337068,0.5119378025850034,-1.6067926599016493
2.124738214673274,0.5637687985943436,-0.01672630525831859,0.018115549056765635,1.9921808208459628,0.806506192055421
-0.23597982580132734,-0.19898024756954655,-0.01672630525998651,0.018115549056765635,-0.25388725769766846,0.806506192055421
-0.3007186681454429,-0.25307215431813906,-0.05642928252555708,0.05782065058431419,0.6795492571516014,-1.2386623265522656
-0.00709430661959987,-0.2012157956661473,-0.01672630525873545,0.018115549056765635,-1.2070594103561285,0.806506192055421
-0.3170510032957726,-0.2719895805270692,-0.05895900040863773,0.06035050380072228,0.5222525903069964,-1.6067926599016493
-0.31770105362508766,-0.27057350125507906,-0.01731000080133866,0.018699275804047427,-0.3337246322068884,0.7260628969901852
-0.28409216010877847,-0.16438844882868658,-0.05365515790045789,0.05504637753532907,-0.4756746432669846,-1.204576184575471
-0.10449315554788419,-0.23811742862935173,-0.01672630525894829,0.018115549056765635,-0.41549410171817835,0.6053979543923317
-0.3021597565410602,-0.20639261005391443,-0.022385357606692066,0.02377490417988676,-0.0627882041886633,0.24959107237302017
-0.2853958482416322,-0.26825902414987557,-0.05895900040863773,0.06035050382000492,0.5259495752073285,-1.6067926599016493
-0.30435995448238984,-0.27003492684343694,-0.01672630526614477,0.018115549056765635,1.6194345130125816,0.806506192055421
-0.31573188902375743,-0.2609627337369823,-0.016726305277593136,0.018115549056765635,0.4968808117038693,0.806506192055421
-0.30295976329292146,-0.2609302335569694,-0.03205029713348047,0.03344036081902878,0.07013635566010526,-0.7746206419854182
-0.3069117248976315,-0.2515608959475398,-0.033234779892550484,0.03462490695088348,0.13084647267930466,-0.40014323392311424
-0.03558423316626407,-0.1106261867630819,-0.032806638605262464,0.03419674276490808,1.9014416835444692,-0.19210022944405658
-0.31728347162546144,-0.27033671422927086,-0.016726305282367633,0.018115549056765635,-0.3792543850838647,0.806506192055421
-0.2895913993461243,-0.258441648344554,-0.027365303866741058,0.028755116889446097,0.8687582688892826,0.02934215498449989
-0.27303699954135413,-0.2664575856005898,-0.05895900040863773,0.06035050382097576,0.5119380455070511,-1.6067926599016493
-0.3210463733385882,-0.2615338083286373,-0.029227231145564265,0.030617143733125112,0.19511485052035332,-1.3386483430175304
-0.2880968575845754,-0.17281992410060143,-0.016726305262528118,0.018115549056765635,-0.5759099511566317,0.806506192055421
0.6561299455393399,0.5407517068209307,-0.01672630525841135,0.018115549056765635,-1.3316453815192335,0.806506192055421
-0.3004736436559715,-0.25906379464765783,-0.016726305264817328,0.018115549056765635,0.7901941743145003,0.806506192055421
-0.08509783490545068,-0.16063003515433907,-0.01688837998017203,0.018277632449686543,-0.9574405604916474,0.696810789693736
-0.301664326350782,-0.2035883088070881,-0.016726305265173977,0.018115549056765635,-0.5729932573256225,0.806506192055421
-0.29690733553029763,-0.25391948043990364,-0.018627270967024125,0.02001661646906079,0.6165907299694517,0.7260628969901852
-0.24311602952689865,-0.2602755870738527,-0.01672630526013994,0.018115549056765635,-0.49553674453073165,0.6858412494575673
2.8078011992886833,0.3046564705587377,-0.01672630525830509,0.018115549056765635,0.2573868215781564,0.806506192055421
0.09114975123576298,-0.12306679138372942,-0.021889920375046553,0.023279440447095165,-0.911229932798786,0.2600989048198579
0.8479579322336183,0.11573524558525122,-0.01672630525838603,0.018115549056765635,-1.2267111621293054,0.806506192055421
0.08122213381681395,-0.1871037532162656,-0.016726305258630995,0.018115549056765635,-1.0236281841169002,0.806506192055421
0.3262781930613871,0.30682469685388314,-0.02266909686831397,0.024058658629530005,-0.8328713987615123,-0.08364502383038362
-0.2850826617419126,-0.2683449174827668,-0.05895900040863773,0.060350503820037225,0.5257426521388072,-1.6067926599016493
-0.30939353956551324,-0.2707592165694384,-0.01672630526894609,0.018115549056765635,-0.2946634292048299,0.6858412494575673
-0.3169161142649655,-0.27199654485135766,-0.05895900040863773,0.06035050380119385,0.5220434064456434,-1.6067926599016493
-0.32358343510951315,-0.2731224439446613,-0.05895900040863773,0.06035051320952189,2.416477114169232,-1.6067926599016493
0.46447272261810457,0.2823009895927299,-0.016726305258448964,0.018115549056765635,-0.7585471591634215,0.806506192055421
-0.31702158600713914,-0.27194779458133833,-0.05895900040863773,0.06035050380082678,0.522206235343633,-1.6067926599016493
-0.28859049403774184,-0.19173038598524308,-0.017003966704362182,0.018393225354528683,-0.40343366630388783,0.7626280311107468
-0.27511342962196983,-0.2540866242228271,-0.01672630526138357,0.018115549056765635,-0.21238797433043535,0.806506192055421
-0.3161882157449985,-0.25895004401761273,-0.016726305278788916,0.018115549056765635,0.12017423926857689,0.806506192055421
-0.3226245032495468,-0.2711515401710226,-0.05895900040863773,0.06035050366326289,0.5437915758930383,-1.6067926599016493
-0.0574681846776041,0.43497290664469934,-0.036167425534531596,0.037557709509574856,0.40756952637461913,-0.03814840612955364
-0.28981382274798706,-0.21504230082020148,-0.016726305262745395,0.018115549056765635,-0.2418879252797112,0.806506192055421
-0.31869478398502293,-0.26923867243312116,-0.016726305289351314,0.018115549056765635,-0.8912593177447471,0.806506192055421
-0.32181014660079116,-0.272182260165717,-0.016726305344481076,0.018115549056765635,0.5705353215615713,-0.5208081765209678
-0.21460027316582453,0.22713657690371217,-0.01674299016569558,0.018132234855522802,-1.4191605556241071,0.46174921320441076
-0.13511870549985336,0.13973894996619823,-0.01672630525906068,0.018115549056765635,-0.3207703499262193,0.806506192055421
-0.2796411808395666,-0.21697606153096832,-0.018045958419764415,0.019435272821506314,-0.34924704727904254,0.601119055718649
-0.32356729147550706,-0.2730179790803341,-0.05895900040863773,0.018115549056765635,-1.481183328928792,-1.6067926599016493
2.4475154679823015,0.6825964210457495,-0.022218312660816874,0.023607850303466956,-1.360025066981755,0.283624774131389
-0.32355868153737044,-0.2729669073688853,-0.05895900040863773,0.060350486226083806,0.5119372151816627,-1.6067926599016493
1.2933984629431614,-0.0234049893742094,-0.053951302086287796,0.055342537569793016,2.2828258655948064,-1.2557673723442573
-0.2980976594776858,-0.26893224216442824,-0.016726305264205307,0.018115549056765635,-0.5394225308253198,0.6053979543923317
-0.31680167383723284,-0.2701184987348986,-0.016726305280650628,0.018115549056765635,-0.39685089919655453,0.806506192055421
-0.3231482744861914,-0.27214047421998616,-0.05895900040863773,0.06035050346237365,0.5119380285841608,-1.6067926599016493
-0.23755400949063998,-0.2591195092419657,-0.016726305260018164,0.018115549056765635,-0.6016362238779651,0.806506192055421
-0.3199138077261999,-0.27156475674547215,-0.05895900040863773,0.06035050378250242,0.5119380436914451,-1.6067926599016493
1.1282684594208627,0.15419224430621523,-0.01672630525836106,0.018115549056765635,0.22971366100380275,0.806506192055421
-0.04591508268794499,-0.20102311602749945,-0.016726305258802386,0.018115549056765635,-0.9807326833221545,0.806506192055421
3.5042321891034676,4.886387919407013,-0.03341010036290617,0.03480023681063773,0.5356545420865544,-0.15049162854824494
-0.3075825825774434,-0.263070602554961,-0.03262434588084547,0.034014440278154014,1.7425586463119755,-0.09336795613196125
0.14144434611342582,-0.15854770219208478,-0.01672630525858252,0.018115549056765635,-0.795697030978595,0.806506192055421
-0.3176267929086593,-0.2705502868407842,-0.016726305283761084,0.018115549056765635,-0.3880298587325277,0.806506192055421
-0.31495161338012595,-0.2665666933477759,-0.02616781677517491,0.027557565714440648,0.5494501559501309,0.13078251350744116
-0.28063096497785595,-0.269874747384802,-0.05895900040863773,0.06035050382044542,0.5119380454820238,-1.6067926599016493
1.8572475266240396,-0.16430719837865437,-0.01672630525832618,0.018115549056765635,-0.9784854078271982,0.806506192055421
1.049386358697654,0.03838713859600805,-0.016726305258367057,0.018115549056765635,0.31578900763349305,0.806506192055421
-0.31992600513856007,-0.2698097470247762,-0.05895900040863773,0.06035050378236349,0.5119380436848893,-1.6067926599016493
-0.31258029291833095,-0.2531696548581777,-0.016726305272046525,0.018115549056765635,1.3010907185507363,0.806506192055421
-0.31243464146485306,-0.26968438918758364,-0.05038916020251982,0.05178020508377838,0.4716028999034399,-0.9230246518471462
-0.3191625906237795,-0.2710517181895544,-0.05663375998687481,0.05802513895822019,1.2060728372123428,-1.4559614816543325
-0.3212429669260411,-0.2725676194430127,-0.05895900040863773,0.06035050375878684,0.3676605424589873,-1.6067926599016493
-0.29920116654886303,-0.205649748796477,-0.01672630526447471,0.018115549056765635,-0.522301791442034,0.806506192055421
-0.23722360311464705,-0.23005041966186715,-0.02144824769190067,0.022837744131318106,-0.6599226853741611,0.5201825994503447
-0.2837057891348975,-0.26058666022540455,-0.016966520748388066,0.018355777395578136,0.6754051022932106,0.7656028216832673
-0.3212526531064448,-0.2726024410644551,-0.05895900040863773,0.06035050375851404,0.5959629980840142,-1.6067926599016493
-0.32356729147550706,-0.2730179790803341,-0.05895900040863773,0.018115549056765635,-1.481183328928792,-1.6067926599016493
-0.31570067799801216,-0.26772044973823345,-0.01672630527751642,0.018115549056765635,-0.41827009727618475,0.806506192055421
-0.10672815198918267,0.024121881011779825,-0.016726305258955416,0.018115549056765635,-0.6555485764145899,0.806506192055421
0.5161011404120993,0.37217327309408227,-0.018323079753310094,0.019712408985412246,-0.8828167089842016,0.6837960809389597
0.35296756629523,-0.046489402949077586,-0.016831112975688105,0.018220362381601973,0.9996459918461261,0.7662845445228029
-0.3199310276024731,-0.27095189620808624,-0.05895900040863773,0.060350503782306025,0.6106502505735256,-1.6067926599016493
-0.31341725065469517,-0.2539798379170704,-0.018132419818039154,0.01952173883433071,0.07087725528523717,0.7662845445228029
-0.3021317742421162,-0.1982304219878206,-0.028604272862241584,0.02999415217209685,0.08733524414430886,-1.445906069771178
-0.43559155531853555,-0.2730179790803341,-0.05895900040863773,0.060350503825326834,-1.0347838839072412,-1.6067926599016493
-0.31257240047503904,-0.26694276685935364,-0.016726305272036626,0.018115549056765635,0.37654001900906015,0.806506192055421
-0.31426210083435135,-0.2719547589056268,-0.05895900040863773,0.060350503807691254,0.5119380448801384,-1.6067926599016493
-0.3188346954797431,-0.2718804727798831,-0.05895900040863773,0.060350503791958714,0.5119380441376997,-1.6067926599016493
0.07283282534494157,-0.19573255100968726,-0.01672630525863892,0.018115549056765635,0.9991628894091072,0.806506192055421
1.0544543835333238,2.459023760370176,-0.016766820555691148,0.01815606652181936,-1.3302765750786127,-0.07105702683805923
-0.2999670922956001,-0.15475678833772438,-0.024712544188304663,0.02610221527587651,-0.7387126684747708,-1.3571410545267801
-0.10668761353045605,-0.15916984849518862,-0.05895900040863773,0.018115549056765635,-0.5294190539729677,-1.6067926599016493
-0.32090502685417865,-0.2719826162027807,-0.01672630531516641,0.018115549056765635,0.6019118550613655,0.806506192055421
-0.28516266241709864,-0.26827295279845254,-0.05895900040863773,0.06035050382002902,0.525827263275173,-1.6067926599016493
-0.3068690339543708,-0.27068957332655363,-0.016726305267330033,0.018115549056765635,1.8103401916335833,0.806506192055421
-0.3045683867347806,-0.2703065354906875,-0.05895900040863773,0.06035050381599926,0.5308685396399812,-1.6067926599016493
-0.17657771011222886,0.05187007041849744,-0.01706129722774323,0.018450558948621437,-0.6179530391321806,0.7246994513111134
-0.16324163343344406,-0.20166615530346874,-0.016736511323761746,0.018125755667390636,-0.9620576822672896,0.7490466955802525
-0.30537987340415734,-0.25241518639359284,-0.03508570263202597,0.03647592872283873,1.238821708732378,0.27476237721742247
-0.3062527058827575,-0.2692317081088327,-0.01672630526700706,0.018115549056765635,1.216616959721361,0.806506192055421
-0.3235665739806623,-0.2730156576389046,-0.05895900040863773,0.060350292650256335,2.5050394891118137,-1.6067926599016493
-0.3007879063979582,-0.26255988544047276,-0.01734486057435031,0.018734137461372438,0.6691038755461243,0.7246994513111134
0.05874911903795997,-0.03753328191409755,-0.016726305258653002,0.018115549056765635,-0.24207182711745737,0.806506192055421
-0.28084585468384915,-0.2634141758865258,-0.01672630526180314,0.018115549056765635,-1.212588528437283,0.806506192055421
-0.2849897461595215,-0.2683356317170488,-0.05895900040863773,0.060350503820046704,0.5256908683824603,-1.6067926599016493
0.3888441022682723,-0.18039246604360426,-0.022632179213388424,0.02402173899938386,-0.6491655840258735,0.2611279204267044
-0.3125146421400392,-0.2629916735463583,-0.016726305271964614,0.018115549056765635,0.8445238797699184,0.806506192055421
-0.3235654977383952,-0.2730156576389046,-0.05895900040863773,0.06035041935423369,2.50505144775635,-1.6067926599016493
0.25702092693265616,-0.20079329332597975,-0.01692810350045642,0.018317358095711347,-1.1712818573503099,0.6428927105668059
-0.3115237817594828,-0.26401078633390523,-0.01672630527083682,0.018115549056765635,-0.0669820501974342,0.806506192055421
-0.022715245631391084,-0.19294682129429688,-0.017724740081339205,0.019114037299570695,-0.9739155935603429,0.7461737207564941
-0.06258499916271486,-0.1954818353353021,-0.02266085689638086,0.024050418216378277,-0.8191492869232853,0.0720239327641386
-0.18080734222184508,-0.006985434143412653,-0.016726305259317988,0.018115549056765635,-0.8521635591541279,0.806506192055421
0.38752965171274784,-0.16801221890012358,-0.01672630525846977,0.018115549056765635,1.0017704544310595,0.806506192055421
-0.20579087146236943,-0.22520557139851738,-0.022878815961359898,0.02426838894232654,-0.6352789137557299,0.27476237721742247
-0.2614028206342419,-0.249910351091171,-0.03714292598611984,0.038533262152441426,-0.245894821572252,-0.40014323392311424
0.5190873539558182,-0.0015973685855617565,-0.0212975583153732,0.02268704669388586,-1.2821342392334416,0.565176306859714
-0.31131965447616033,-0.2624670277832931,-0.024000126225855685,0.025389759190287745,0.705645623240218,-0.8425813567819105
0.06793090056582402,-0.052128184181313604,-0.02020463611792011,0.021594066020549783,-1.0206635337206131,0.40428971672924263
-0.30538202588869146,-0.19911721261388654,-0.05895900040863773,0.06035050381564245,0.5154374396705949,-1.6067926599016493
-0.02763187905482534,0.7156978543888756,-0.017427288346672502,0.01881656965004712,-0.6412054817334937,0.6371518866549247
-0.3058828372903051,-0.2611089845470403,-0.05895900040863773,0.0603505038154065,0.5236230452875617,-1.6067926599016493
2.4453931182316238,0.4856708660233746,-0.016726305258311425,0.018115549056765635,-0.9633433947220202,0.806506192055421
0.3357767485631945,0.041342333535751334,-0.022283681473248804,0.023673222613214695,-0.8918854466281273,0.6134422838988554
-0.07274831363815398,0.011509489725349951,-0.016726305258860766,0.018115549056765635,-0.6653557424731458,0.806506192055421
-0.3219823453635236,-0.267694913882509,-0.05895900040863773,0.060350503728376845,0.5263744114047574,-1.6067926599016493
-0.2900710446498187,-0.2707011805337011,-0.05895900040863773,0.0603505038194509,0.511938045435091,-1.6067926599016493
1.780219791327006,2.1560338678757422,-0.016884217216580358,0.018273469463933843,0.7814907995715674,0.7662845445228029
-0.15966850910674535,0.19268174320719222,-0.019191043892056454,0.020580419562941293,-0.729295496536356,0.5524747339546767
-0.32356729147550706,-0.2730179790803341,-0.05895900040863773,0.018115549056765635,-1.481183328928792,-1.6067926599016493
-0.3170341421669217,-0.27211493836426176,-0.01672630528144747,0.018115549056765635,2.361685138795724,0.806506192055421
-0.30906098070498617,-0.262631850124787,-0.016726305268701037,0.018115549056765635,-0.39984252606341336,0.806506192055421
-0.29349851752303946,-0.26383435678526385,-0.022694187783356468,0.02408375088223019,-0.08207946832172652,0.565176306859714
-0.2385922245309478,0.11684025170568939,-0.016726305260039688,0.018115549056765635,0.7401743655164237,0.806506192055421
-0.2967939713448321,-0.2690320641458964,-0.01672630526391565,0.018115549056765635,-0.5479976521078106,0.7260628969901852
-0.22149073490707974,-0.04451617773400943,-0.028408810118439046,0.029798678975845806,-0.37534756420756726,-0.4471555492209793
-0.30175580694348364,-0.2552589521447205,-0.01672630526520299,0.018115549056765635,1.2567155005679425,0.806506192055421
-0.2959329775311697,-0.2689763495515886,-0.01672630526373934,0.018115549056765635,-0.5510427711720076,0.6858412494575673
-0.17238933395618394,0.7053326184061939,-0.016722697383164925,0.018111940987635976,-1.4148539447107369,-1.506238541070105
-0.3091481563286195,-0.2707731452180154,-0.01672630526876418,0.018115549056765635,-0.2828211482990167,0.6858412494575673
-0.16039246140506644,-0.26671758704069287,-0.05895900040863773,0.060350503823045736,0.5119380456047363,-1.6067926599016493
-0.1790720809398931,-0.0694647087767597,-0.02218226739070889,0.023571803103800033,-1.1088917296288585,0.565176306859714
1.3196828103371607,0.44627368352346614,-0.016726305258348905,0.018115549056765635,-1.2793292064531683,0.806506192055421
0.39335463360959594,-0.16471345062881546,-0.01672630525846804,0.018115549056765635,1.1347286961010894,0.806506192055421
-0.19895960304580357,-0.19547022812815465,-0.017315645053473303,0.01870492038278464,-0.7418128281618291,0.6887842968380028
-0.24869742192396474,-0.2585948634789005,-0.016726305260280332,0.018115549056765635,-0.5137605026809987,0.806506192055421
-0.3235669327280847,-0.2730156576389046,-0.05895900040863773,0.06035008147865007,2.505019558197032,-1.6067926599016493
-0.3147327774524868,-0.25175125414475813,-0.016726305275406347,0.018115549056765635,-0.1049534970620281,0.806506192055421
0.0821179261304451,0.5742083207027691,-0.01676876808211643,0.018158014152181507,-1.2900418685001074,0.7656028216832673
-0.304656638600681,-0.258300040417355,-0.01672630526626853,0.018115549056765635,0.5708094807726618,0.806506192055421
-0.32339903893442057,-0.27192922304990236,-0.016726306158740593,0.018115549056765635,0.05721735809251536,0.806506192055421
-0.31323321322702485,-0.2662022270433457,-0.0393835319141528,0.04077398794956082,0.4149319987792027,-0.9523387339471897
-0.31636902444586756,-0.2639365002081615,-0.02035918002603921,0.02174861817671936,1.5337790399235398,0.40428971672924263
-0.32355078909407853,-0.2729669073688853,-0.05895900040863773,0.06035049464246438,0.5119376123613945,-1.6067926599016493
0.16716330756978673,-0.0021220143486269574,-0.023537844042171262,0.024927452284733878,0.6639188323107492,0.6053979543923317
-0.31135552921839627,-0.2712676122424972,-0.05895900040863773,0.06035050381156684,0.6291598132983918,-1.6067926599016493
0.11854729188134314,-0.1524887400611107,-0.0167263052585994,0.018115549056765635,-0.7980403567588835,0.806506192055421
-0.27516042553429887,-0.06301110160277199,-0.04903658779231589,0.05042756031606171,-0.5376290675115236,0.6837960809389597
-0.3147435398751576,-0.22984381137464235,-0.01672630527542726,0.018115549056765635,1.1054337734717112,0.806506192055421
-0.28041930399866394,-0.2700697484648793,-0.05895900040863773,0.06035050382046273,0.5119380454828408,-1.6067926599016493
-0.3214718477815063,-0.2726581556587629,-0.021332062352429293,0.022721552504916958,1.6226399876466788,0.5610859698224986
-0.30235240390686713,-0.26977724684476334,-0.01672630526539833,0.018115549056765635,1.2954892782041474,0.806506192055421
0.3164112039568168,-0.19447432975490261,-0.016726305258493442,0.018115549056765635,-1.2133832540867915,0.806506192055421
-0.2346481553695296,-0.015437802388192909,-0.030145486003643387,0.03153544777988387,-1.104769177632893,-0.9523387339471897
-0.32132727257029553,-0.272616369713032,-0.05895900040863773,0.060350503756333426,0.5189605713114745,-1.6067926599016493
-0.30950080504479865,-0.26563115245169067,-0.016726305269027606,0.018115549056765635,-0.3671499692221655,0.806506192055421
-0.3235647802435505,-0.27301101475604567,-0.05895900040863773,0.060350443488410815,2.50505372560154,-1.6067926599016493
-0.28261447947608054,-0.2633607827336475,-0.01915064805286518,0.02054002155963694,-1.1422540475139946,0.6428927105668059
-0.3120633378827112,-0.24886105956504062,-0.02584399474767692,0.02723372636559414,-0.13826442770045783,-1.2447978321080888
-0.3055836419400574,-0.24228209455386035,-0.02564901416269895,0.027038735353126526,-0.8129793389336819,0.5048438355607872
-0.24054345176116004,-0.17860263470146595,-0.01834844281177398,0.019737773399255906,0.7538320339273814,0.44451136426186033
-0.32288925884724795,-0.2711793974681765,-0.05895900040863773,0.06035050360050892,0.5119380351029401,-1.6067926599016493
-0.3033594079214297,-0.26795259388118264,-0.022198734065269683,0.02358827065294396,1.1505761834360002,0.524954659327096
-0.2848505521596461,-0.2681452735198305,-0.05895900040863773,0.06035050382006082,0.5256044880525081,-1.6067926599016493
-0.28280210437797443,-0.2541562674657118,-0.03597505134002261,0.03736532501913544,0.5149549498345766,-0.35992158639049626
-0.312586391624511,-0.2583998623988232,-0.016726305272054185,0.018115549056765635,0.31834956302534767,0.806506192055421
1.3263928221249692,0.39252302866500904,-0.01672630525834853,0.018115549056765635,-1.310994084823032,0.806506192055421
-0.3229161649039249,-0.2713488626925294,-0.01672630549094373,0.018115549056765635,0.42518509377236063,0.806506192055421
-0.28406310156756737,-0.22327877501203905,-0.02998133561126392,0.031371288602675365,1.7636096529725784,-1.0821624746935907
-0.0449751644413636,-0.13595775564169837,-0.018818391795501196,0.02020774752840026,-1.1298861550519221,0.40428971672924263
2.8953129692567456,0.3419457842406673,-0.016726305258303778,0.018115549056765635,0.21879555054960026,0.806506192055421
-0.32305356516668854,-0.27179690088842134,-0.05895900040863773,0.06035050352903746,0.5119380317301105,-1.6067926599016493
-0.311525934244017,-0.2667640158692828,-0.01700815016018413,0.01839740902593102,-0.33263711663653533,0.7662845445228029
-0.29425798581617413,-0.1811956847782085,-0.01672630526342601,0.018115549056765635,0.21140484168835777,0.806506192055421
-0.313944250618141,-0.2719269016084729,-0.05895900040863773,0.06035050380822909,0.5119380449055193,-1.6067926599016493
-0.28491369170598135,-0.2561805643922288,-0.035073025898862804,0.036463251315831016,0.5152677453818121,-0.2569814376205763
-0.09536877360759762,-0.12686699100380777,-0.016726305258920635,0.018115549056765635,-0.1340721918507475,0.806506192055421
1.0522821678909382,-0.16784275367577065,-0.01689819175103949,0.01828744474604794,-0.859399191153116,0.7930240755640405
-0.32356729147550706,-0.2730179790803341,-0.05895900040863773,0.018115549056765635,-1.481183328928792,-1.6067926599016493
-0.31337886468050274,-0.26898331387587704,-0.05895900040863773,0.060350503809102826,0.5119380449467527,-1.6067926599016493
1.2828222301845869,0.580569070219577,-0.028954705062426925,0.030344603128770072,-1.0026666223508578,0.2434031265987713
-0.3036137598438825,-0.2643427524583226,-0.025544905075061203,0.026934620696071113,0.659720004069051,0.15205226610096104
-0.1966733057231077,-0.1681398981787456,-0.01732233938358697,0.018711615071093438,-0.9678495134200389,0.7118670213904378
-0.2736206815975327,-0.2650925780400485,-0.016726305261290122,0.018115549056765635,-0.6113535231423215,0.6858412494575673
-0.30888985818452075,-0.2707893953080218,-0.01672630526857927,0.018115549056765635,1.8581097492709475,0.806506192055421
-0.3231891716923403,-0.27155547097975413,-0.05895900040863773,0.060350503423263153,0.511938026738486,-1.6067926599016493
-0.286410027204642,-0.2660722263232941,-0.019759964464733416,0.021149370571973882,0.6854930700815401,0.6858412494575673
-0.3085712904734657,-0.2625273852604599,-0.01672630526835998,0.018115549056765635,-0.38318091265197723,0.806506192055421
-0.30534220492480957,-0.26325167498646135,-0.016726305266569902,0.018115549056765635,-0.29037942456944343,0.806506192055421
-0.29253205196720355,-0.21607766369775494,-0.021039888598078205,0.02242936318553592,0.26168623212309244,0.40428971672924263
-0.3189649207940595,-0.2701881419777834,-0.016726305291176417,0.018115549056765635,-0.35637245195538103,0.806506192055421
-0.2496054116499561,-0.25041874676422976,-0.01672630526030518,0.018115549056765635,-0.5435702791905578,0.806506192055421
0.4045604680944111,0.44442813758702016,-0.016726305258464785,0.018115549056765635,-1.3181032538850623,0.806506192055421
-0.3202596402413542,-0.27026242810352713,-0.01672630530406223,0.018115549056765635,-0.316439516068129,0.806506192055421
-0.3202316579424102,-0.2717551149426905,-0.05895900040863773,0.0603505037785506,0.5119380435049539,-1.6067926599016493
-0.3210374046530292,-0.26357667678659025,-0.016726305318144247,0.018115549056765635,0.3451851203416472,0.806506192055421
-0.3235658564858176,-0.2730156576389046,-0.05895900040863773,0.060350398236851344,2.505049454643945,-1.6067926599016493
-0.31748688141393916,-0.2585321845603042,-0.016726305283174224,0.018115549056765635,-0.08250578953200173,0.806506192055421
-0.30155275590242825,-0.22150751520133666,-0.016726305265138918,0.018115549056765635,-0.023945757394286636,0.806506192055421
-0.307667964463965,-0.26838438198706815,-0.016726305267785957,0.018115549056765635,0.41241464437876996,0.806506192055421
-0.2866937964157282,-0.25819557555302786,-0.017975815166045277,0.01936512581418494,0.2620222193235936,0.6858412494575673
-0.3052281232444994,-0.2704736792736109,-0.05895900040863773,0.06035050381571237,0.5314325813911714,-1.6067926599016493
3.1678533860231095,2.846572156933855,-0.0167263052583001,0.018115549056765635,-1.1248727891333723,0.806506192055421
-0.32356729147550706,-0.2730179790803341,-0.05895900040863773,0.018115549056765635,-1.481183328928792,-1.6067926599016493
-0.19439705332823792,-0.04757815897950934,-0.01672630525942964,0.018115549056765635,-0.7336417235226002,0.806506192055421
-0.27931794941202087,-0.22007286439791063,-0.01672630526168068,0.018115549056765635,0.07725970708555233,0.806506192055421
-0.28194362179626864,-0.21826214008290687,-0.03206839418876578,0.03345845884629073,0.2683658156323723,-0.15049162854824494
0.19880949393836816,-0.1925661048998602,-0.019795711041163767,0.021185119064775635,-1.0369132725924175,0.6248600419081144
-0.31707073440400235,-0.27197100899563326,-0.05895900040863773,0.06035050380065166,0.5217336048902707,-1.6067926599016493
-0.32356729147550706,-0.2730179790803341,-0.05895900040863773,0.018115549056765635,-1.481183328928792,-1.6067926599016493
0.27391326680928874,0.1967140869702198,-0.016726305258510283,0.018115549056765635,-1.356993132254265,0.806506192055421
-0.2969102055096765,-0.17386921562673183,-0.03468426607184089,0.03607447068685117,-0.7753051752626182,-0.40014323392311424
-0.2921112412407761,-0.24997303000976728,-0.016726305263073227,0.018115549056765635,0.04829404746705055,0.806506192055421
-0.3119883596714381,-0.27159725692548503,-0.05895900040863773,0.06035050381088874,0.5119380450310317,-1.6067926599016493
-0.2724124202790266,-0.247886054164654,-0.01875333720240028,0.02014268945220233,1.646102145031469,0.6837960809389597
1.7745853043114306,0.42290605409419996,-0.016848268838895914,0.018237519162868317,-0.03459979810851576,0.782612144016242
0.3854044319826913,-0.15708983697436382,-0.016726305258470405,0.018115549056765635,0.9326146778683538,0.806506192055421
1.8676451031662793,-0.172218670770363,-0.01672630525832585,0.018115549056765635,-0.932887996459493,0.806506192055421
-0.28615998025125755,-0.21495640748731032,-0.02049384142015536,0.021883286792753222,0.11098943078496636,0.283624774131389
-0.3023846911748795,-0.2679015221697338,-0.016726305265409216,0.018115549056765635,0.9290197731182521,0.806506192055421
-0.30778886234530006,-0.2659607971346785,-0.05895900040863773,0.06035050381437151,0.5123005792091436,-1.6067926599016493
-0.26872234429263875,-0.15985003083402977,-0.0167263052610192,0.018115549056765635,-0.3582069704402837,0.806506192055421
-0.3110538226361921,-0.2710726111624198,-0.05895900040863773,0.06035050381186599,0.6233050803667797,-1.6067926599016493
-0.2894098731504105,-0.2314502488438508,-0.016726305262692306,0.018115549056765635,-0.737884055079008,0.806506192055421
-0.30687549140797327,-0.270738323596573,-0.016726305267333545,0.018115549056765635,1.8137554145545092,0.806506192055421
0.5445562684587947,-0.1977707765847812,-0.016726305258431228,0.018115549056765635,-1.1747867349988148,0.806506192055421
-0.3048474922293761,-0.26986546161908403,-0.01672630526635021,0.018115549056765635,1.254283226606301,0.806506192055421
-0.258402615941051,-0.2626086357104921,-0.01672630526058172,0.018115549056765635,-0.41172604750700087,0.7260628969901852
-0.3209000043902656,-0.2725792266501601,-0.05895900040863773,0.06035050376716871,0.4859349800123506,-1.6067926599016493
0.12565694829765986,-0.07913119088916427,-0.016726305258593973,0.018115549056765635,-0.07249348684053065,0.806506192055421
-0.2876817868169057,-0.2540053737727948,-0.01672630526247871,0.018115549056765635,0.24310675900414455,0.806506192055421
-0.08684636984202997,-0.23885796844535967,-0.016726305258896738,0.018115549056765635,-0.4217499131255783,0.6858412494575673
-0.23902379768004606,-0.2167740961266025,-0.031389283112968826,0.03277931143720356,-0.13246475371604116,0.27476237721742247
-0.21803240975553603,-0.15857555948923868,-0.01721169068303953,0.018600960450159652,-1.1854564111836503,0.565176306859714
-0.07482294998165784,-0.10375936301464464,-0.0167263052588658,0.018115549056765635,-0.8049692807213262,0.806506192055421
-0.30971533600336953,-0.26289881588917857,-0.04898490046622129,0.050375870216681766,1.1033910831514435,-1.4819668572142148
-0.3169641864195617,-0.27205922376995395,-0.01672630528120178,0.018115549056765635,2.316207756896728,0.806506192055421
-0.21338340190918179,-0.09669753818613006,-0.018864925435295523,0.020254283657097766,0.04592785779941768,0.04131387314220362
-0.2847587128195221,-0.26271774345767823,-0.01745323013008894,0.018842512818059733,-1.108898663923088,0.7662845445228029
-0.3174111857078214,-0.23318204415025182,-0.016726305282867837,0.018115549056765635,-0.8430592714960001,0.806506192055421
-0.32356729147550706,-0.2730179790803341,-0.05895900040863773,0.018115549056765635,-1.481183328928792,-1.6067926599016493
-0.31895021214974273,-0.26959617441326295,-0.016726305291071546,0.018115549056765635,-0.8400393907517305,0.806506192055421
-0.3154947569775779,-0.27052475098505974,-0.05895900040863773,0.060350503805204875,0.5225670806193039,-1.6067926599016493
-0.32355186533634556,-0.27291815709886597,-0.05895900040863773,0.060350494001894066,0.5582892312265035,-1.6067926599016493
-0.32356729147550706,-0.2730179790803341,-0.05895900040863773,0.018115549056765635,-1.481183328928792,-1.6067926599016493
-0.3207672678439926,-0.2719245801670434,-0.016726305312366498,0.018115549056765635,1.7726734964813298,0.806506192055421
-0.3048539496829786,-0.27049225080504685,-0.05895900040863773,0.06035050381587757,0.5312338352702681,-1.6067926599016493
0.3167875300028717,-0.20093722269460826,-0.016726305258493307,0.018115549056765635,-1.1731684531203308,0.806506192055421
0.37598695339833715,-0.1598755666897542,-0.01672630525847328,0.018115549056765635,0.9806784054719755,0.806506192055421
-0.31766410264058464,-0.2708218954880347,-0.018445898461288388,0.01983523423919243,2.132719393389696,0.6837960809389597
10.677277122466537,24.076448852699517,-0.017362339562443155,0.018751617391298242,-0.20278339988102365,0.43837585870603724
-0.2984463619722191,-0.26589115389179374,-0.05895900040863773,0.0603505038179428,0.5126780938577471,-1.6067926599016493
-0.17436352102142724,-0.19906846234386724,-0.01744077463684411,0.018830056661285295,1.205554366906833,0.696810789693736
-0.20435050056159684,0.2796429391559616,-0.01672630525952757,0.018115549056765635,-1.1618295228671998,0.806506192055421
2.6146853093481353,0.3188079775129208,-0.01672994053585954,0.01811918452881869,0.3224288226487676,0.6053979543923317
0.4527151345977007,0.27023413704223065,-0.020137621572806044,0.021527047890083386,-0.9960204798188057,0.7232889902637979
1.231570138436647,3.2464891934338675,-0.04275313238163747,0.044143768718610116,0.5389112682512402,-0.23925664379264291
-0.3013249512892301,-0.17145955942291916,-0.05895900040863773,0.060350503817162206,0.5119380453270848,-1.6067926599016493
-0.18680631661853736,-0.2013620464762053,-0.016726305259364537,0.018115549056765635,0.03880843034654407,0.806506192055421
-0.30902510596275024,-0.25521020187470117,-0.036849763592840826,0.038240084065828926,0.25655338912269954,-0.9364318676913521
-0.2852132458036513,-0.2680500944212213,-0.05895900040863773,0.06035050382002381,0.5257896526977953,-1.6067926599016493
-0.30371707910152196,-0.267850450458285,-0.05895900040863773,0.06035050381634129,0.5119380452883446,-1.6067926599016493
-0.20156626181666626,-0.25053946171856334,-0.016726305259498565,0.018115549056765635,0.01723134235756586,0.806506192055421
-0.24077376760631472,-0.2609905910341362,-0.016726305260086664,0.018115549056765635,-0.49961952305255475,0.6456196019249496
-0.2894683489802551,-0.25808182492298276,-0.024569900921944943,0.025959564379512554,0.9970811923864715,0.09915997682662436
-0.32268584905877024,-0.2718108295369983,-0.05895900040863773,0.06035050365207786,0.5192388484027174,-1.6067926599016493
-0.27465315667908285,-0.050113173020514566,-0.01680064387412412,0.018189891646946475,-0.9847850536977006,0.7656028216832673
-0.2850582669171921,-0.26841688216708104,-0.05895900040863773,0.06035050382003971,0.52577104271395,-1.6067926599016493
-0.30969524614771743,-0.2348883036009284,-0.019177173374406317,0.020566548293165402,0.5784304050312146,0.4792792290781911
-0.3087581978805149,-0.2713929700796897,-0.05895900040863773,0.060350503813742955,0.511938045165726,-1.6067926599016493
-0.3092798166326253,-0.27084278846090015,-0.01672630526886101,0.018115549056765635,-0.37146923891771966,0.6456196019249496
0.487182869443138,0.9094639276257117,-0.016726305258443576,0.018115549056765635,-1.1852366685962872,0.806506192055421
-0.30944197046753175,-0.2693826018017497,-0.01680138752274857,0.018190635327730072,-0.4008461428306972,0.786395368289112
-0.28644123823038725,-0.2604171950010517,-0.019109158414000117,0.020498529700530142,0.7056110175958529,0.5610859698224986
-0.11224676358733586,-0.16426076955006452,-0.016726305258973666,0.018115549056765635,-0.6699821072713129,0.806506192055421
-0.3114477273059426,-0.26452382488982296,-0.05895900040863773,0.06035050381147245,0.412644812591931,-1.6067926599016493
-0.28456785919082694,-0.2666595510049556,-0.0167263052621416,0.018115549056765635,-0.4437554947947622,0.6053979543923317
-0.25766108501903434,-0.09607074900016722,-0.01672630526055556,0.018115549056765635,-0.4289230404896353,0.806506192055421
4.825145220694343,7.359974298746462,-0.057564242089112864,0.05895567087931361,0.5227801513058564,-0.608186238402172
-0.20653634860603207,-0.15140694835496746,-0.016726305259551304,0.018115549056765635,-0.9864787032468745,0.806506192055421
-0.12712258420288683,-0.1630791558624531,-0.01672630525902796,0.018115549056765635,-0.9409365487255084,0.806506192055421
2.4746981189218884,0.3231444301032118,-0.0167292669238291,0.018118510880744745,0.35805033092016225,0.6053979543923317
-0.28513324512846516,-0.20558010555359224,-0.016726305262198753,0.018115549056765635,-0.731032675931552,0.806506192055421
-0.26586133359932335,-0.26590972542322966,-0.05895900040863773,0.06035050382134862,0.5119380455246472,-1.6067926599016493
-0.30684392163480567,-0.27060600143509195,-0.016726305267316405,0.018115549056765635,1.7918010796683879,0.806506192055421
-0.033903142745088384,0.1245427943687437,-0.01687019619245251,0.018259447689174497,-0.9144621961828783,0.6837960809389597
-0.28480319749989463,-0.2683565246899142,-0.05895900040863773,0.0603505038200656,0.5256615753893993,-1.6067926599016493
2.13424107514415,0.36570805871294715,-0.01672630525831835,0.018115549056765635,-1.4266938951476231,0.806506192055421
-0.2854489428601414,-0.26484882668995186,-0.017383719362144393,0.018772998330942498,0.6713442366590875,0.7662845445228029
0.7010544502517063,0.12223296014639921,-0.01759983510828076,0.01898912564395615,-1.1649618473001786,0.5201825994503447
-0.3212218008281219,-0.2726024410644551,-0.05895900040863773,0.0603505037593751,0.6716804100948534,-1.6067926599016493
-0.3084256390199879,-0.270299571166399,-0.016726305268262798,0.018115549056765635,0.12334383598091156,0.806506192055421
-0.32357159644457534,-0.273045836377488,-0.05895900040863773,0.06035053901979927,2.5050627420976297,-1.6067926599016493
-0.28378614855750606,-0.04140544621849017,-0.01814537317787412,0.019534692898340797,-1.1527619908971287,-1.2620356810506395
0.38444191264850125,-0.16775686034287945,-0.016726305258470697,0.018115549056765635,1.0117244208961584,0.806506192055421
-0.1846179573421456,-0.20043811278726748,-0.02099277595216654,0.022382248022702344,-0.7785956683843075,0.3755599684916583
3.448503647019328,4.856501682443733,-0.04890906912131998,0.05030003482540063,0.5184977087925122,-0.7746206419854182
-0.29142890364344864,-0.21924875269044097,-0.016726305262970965,0.018115549056765635,-0.07290519359459305,0.806506192055421
5.87760002243788,3.0068421517845523,-0.018414740049783496,0.019804074186231355,-1.3253708816055443,0.524954659327096
-0.07032856227434048,-0.1934970029130865,-0.025205247355679822,0.02659494481064869,-0.6472198534790096,-0.45084278963649804
0.3842277404373528,-0.17249260085904308,-0.016726305258470762,0.018115549056765635,0.9099901331775113,0.806506192055421
0.0173306528843111,-0.1908923456291965,-0.016731505207485453,0.01812074928376784,-1.0366808396352565,0.7662845445228029
-0.3235647802435505,-0.27300172899032765,-0.05895900040863773,0.060350443488410815,2.50505372560154,-1.6067926599016493
-0.3235658564858176,-0.27300869331461614,-0.05895900040863773,0.060350398236851344,0.5119330628575764,-1.6067926599016493
-0.3087581978805149,-0.2713929700796897,-0.05895900040863773,0.060350503813742955,0.511938045165726,-1.6067926599016493
4.829693779262437,1.47312615679637,-0.019926681452493142,0.021316096483802525,-1.369180200716487,0.6428927105668059
-0.31817173024322304,-0.2660815120890121,-0.016726305286336958,0.018115549056765635,-0.6478889675584848,0.806506192055421
-0.2881750645226498,-0.2535039424240246,-0.017252849431912687,0.01864212139834387,1.737145543789146,0.7260628969901852
-0.3177864355116092,-0.2717690435912674,-0.018875418478074765,0.02026477723646148,1.594957204456912,0.6428927105668059
-0.304656638600681,-0.258300040417355,-0.01672630526626853,0.018115549056765635,0.5708094807726618,0.806506192055421
-0.32355078909407853,-0.2729669073688853,-0.05895900040863773,0.06035049464246438,0.5119376123613945,-1.6067926599016493
-0.3209125605500482,-0.2685700973014275,-0.05895900040863773,0.06035050376690003,0.5157088131181726,-1.6067926599016493
-0.30722814012415245,-0.2670913391108411,-0.05895900040863773,0.06035050381470106,0.5855012690539281,-1.6067926599016493
-0.09137160982767022,-0.2378759987206846,-0.016726305258909214,0.018115549056765635,-0.41483075173412115,0.7260628969901852
1.7518464576926085,3.270304861059026,-0.034563873306795646,0.03595407148592603,0.47563189863604904,0.2893707237789058
4.262404686548555,0.425194995343679,-0.016726305258289744,0.018115549056765635,-1.1348692074325746,0.806506192055421
-0.04416798274105519,0.2458868593297188,-0.016727498243681593,0.01811674210547768,-0.5296062526860082,0.32384642166400696
0.2679505259022547,0.27790417952527213,-0.022125718201494504,0.023515250889772008,-0.7793584739171584,0.7246994513111134
-0.3039344800394717,-0.2701811776534949,-0.05895900040863773,0.06035050381625676,0.5301480494342402,-1.6067926599016493
-0.16066475069863714,-0.20060757801162038,-0.016726305259186763,0.018115549056765635,-1.1729758782046131,0.806506192055421
-0.3098017941321581,-0.2580980750129892,-0.01672630526926312,0.018115549056765635,-0.36928225433903156,0.806506192055421
-0.3028431703806547,-0.26197023931738184,-0.016726305265567447,0.018115549056765635,0.9830996830011635,0.806506192055421
-0.32110054419936446,-0.2725954767401666,-0.05895900040863773,0.060350503762550564,0.6023763597894135,-1.6067926599016493
-0.31568955682791905,-0.2671493751465784,-0.01672630527748923,0.018115549056765635,0.5877273041340504,0.806506192055421
-0.310343861487343,-0.2708543956680476,-0.05895900040863773,0.06035050381251608,0.5119380451078283,-1.6067926599016493
-0.3171109141153066,-0.24957374208389466,-0.01672630528172323,0.018115549056765635,0.15854301743976632,0.806506192055421
-0.30444677135860077,-0.2268839735520401,-0.04321187386418858,0.04460253473782457,0.2723805473732333,-1.5665710123690315
-0.006100576259664591,-0.20316116358406158,-0.016726305258733955,0.018115549056765635,-1.2574588437686158,0.806506192055421
-0.2898550787015584,-0.08697302003798815,-0.016726305262750884,0.018115549056765635,-1.0741684822290394,0.806506192055421
-0.19599312061031446,-0.08599801463760152,-0.03140104156075779,0.032791070514720654,0.54204700772498,0.0825165364682997
-0.31206656660951243,-0.271592614042626,-0.05895900040863773,0.06035050381079975,0.5119380450268324,-1.6067926599016493
-0.3211245802766625,-0.25721128438692326,-0.05895900040863773,0.06035050376194616,0.21014510188258007,-1.6067926599016493
-0.32093623787992387,-0.26144327211288715,-0.01704878021701366,0.018438041211625025,0.9473048874522142,0.5048438355607872
0.23521159488516685,0.4063425694947748,-0.022747810825962295,0.02413737679864951,0.3929777535765931,0.4437227045063188
-0.32109408674576195,-0.2725722623258717,-0.05895900040863773,0.06035050376271094,0.524658863812609,-1.6067926599016493
-0.1213334770482747,-0.2268793306691811,-0.018402511476392932,0.019791844957838794,-1.1604295334436956,0.283624774131389
-0.3173387187285048,-0.27060600143509195,-0.016726305282581497,0.018115549056765635,-0.3938174926701246,0.806506192055421
0.6273049489001921,0.1770723710352882,-0.01672630525841604,0.018115549056765635,-1.405142644433045,0.806506192055421
-0.27510410218898845,-0.07352490983694114,-0.016726305261382968,0.018115549056765635,-0.5961778324168548,0.806506192055421
-0.20957242804145887,0.09748407306658528,-0.01672630525958579,0.018115549056765635,-0.9718227012220639,0.806506192055421
1.9696036318327503,4.982068449364954,-0.024160797967512995,0.025550439540826028,0.5450569569245324,0.27476237721742247
0.03582336501208855,0.2348228694767601,-0.016726305258678277,0.018115549056765635,-1.4398801857287369,0.806506192055421
0.004063814458041587,0.4631366340672958,-0.016726305258719147,0.018115549056765635,-0.7001492522100856,0.806506192055421
-0.18273094590053565,-0.20589814302943263,-0.01672630525933248,0.018115549056765635,-0.10380140058254857,0.806506192055421
-0.3172626642749646,-0.24685997705281854,-0.01672630528228806,0.018115549056765635,0.6339705128099127,0.806506192055421
-0.31894447219098504,-0.271875829897024,-0.05895900040863773,0.06035050379119845,0.5119380441018218,-1.6067926599016493
-0.3219224345439896,-0.2691295646859351,-0.016726305350367277,0.018115549056765635,-0.30400281189855166,0.806506192055421
-0.3050275834354005,-0.24149048302640358,-0.016726305266428827,0.018115549056765635,0.5101253804553781,0.806506192055421
-0.2692461155292834,-0.2522480426106694,-0.016726305261045835,0.018115549056765635,-1.0577574155812606,0.806506192055421
-0.30312442835978437,-0.2600991575252113,-0.018327892627102077,0.019717222109480802,0.5987506111213488,0.7662845445228029
-0.25211054490029117,-0.12853146450875352,-0.04108626562658952,0.04247681277755139,0.48065793561689074,-0.5610298240535856
1.3430110789709193,-0.18008371433348183,-0.020330242857471415,0.021719679480856336,-0.8714159080780738,0.4404440066462023
0.06670649561331174,0.019687927881450174,-0.016882832066171097,0.018272084239097326,-1.2744582637542705,0.5524747339546767
0.3013495521764837,0.06951998960692492,-0.0170494617796765,0.018438722868099597,0.5279258919343247,0.7662845445228029
0.6486192095048255,0.6510387462532355,-0.029568973579459777,0.030958904511545305,-1.28089351322081,-0.09336795613196125
-0.3235242417848239,-0.27295762160316733,-0.05895900040863773,0.060350500304395024,0.5119378795551219,-1.6067926599016493
-0.26655945608323456,-0.22527521464140216,-0.01672630526091439,0.018115549056765635,-0.10132042152983343,0.806506192055421
-0.2327959424278885,-0.26168470202155425,-0.020916809855964776,0.022306277861434118,0.8032617900241645,0.565176306859714
2.8612133092666485,0.3094920330563695,-0.016726305258304278,0.018115549056765635,0.15767661750916653,0.806506192055421
-0.3232519524912532,-0.2669218738864882,0.15648059333415237,-0.15510061727272867,0.5096705356563866,0.002073241403064052
-0.3136748313039492,-0.2565914595252489,-0.03483543989830533,0.03622565259208292,0.3198900489028534,-0.09848087742848045
-0.05543910925673986,-0.20387152466148611,-0.01672630525882177,0.018115549056765635,-1.2776473478540997,0.283624774131389
-0.2820634434353366,-0.26673383713069937,-0.01672630526190718,0.018115549056765635,-0.4421643033315576,0.7260628969901852
0.8832109651866,2.3136342050825234,-0.024043536707422535,0.025433172006733226,0.3480085399183615,-0.19210022944405658
-0.32156583960616447,-0.27044814341788653,-0.016726305333956103,0.018115549056765635,-0.3901288985562027,0.806506192055421
-0.1515019827841581,-0.0584401834281023,-0.017511650168188404,0.018900935984886763,-0.2613362661854082,0.5225886800604714
-0.3102258335853868,-0.2600666573451984,-0.01832072039169718,0.01971004948638773,1.024139528661879,-0.15881334872740727
-0.31531394827670883,-0.25131714459744314,-0.019593708119186384,0.02098310531677191,-0.3398558066620485,0.7246994513111134
0.6909618090184718,-0.1273498508211421,-0.01974115987419089,0.021130564979239496,-0.36024038153007815,0.5479384579171634
-0.30441878905965675,-0.27040403603072616,-0.05895900040863773,0.06035050381606157,0.5119380452751443,-1.6067926599016493
-0.31982125089123115,-0.26491846993283663,-0.05895900040863773,0.060350503783527104,1.2643690388613869,-1.6067926599016493
-0.02474109232545409,-0.16254058145081096,-0.016726305258763723,0.018115549056765635,0.27965355591547547,0.806506192055421
-0.22654727982523412,-0.16567452738062516,-0.05895900040863773,0.018115549056765635,-1.1016190726596355,-1.6067926599016493
-0.3022056762111222,-0.14654817144304075,-0.018576046955393714,0.0199653897153328,2.2079573065700147,-1.4403582563184032
-0.3083879705406401,-0.2461194372368106,-0.016726305268237967,0.018115549056765635,-0.4068046112927463,0.806506192055421
-0.3139345644377373,-0.2695799243232565,-0.016726305273985245,0.018115549056765635,-0.31029596715924124,0.806506192055421
-0.32330791708914125,-0.2717504720598315,-0.016726305842388028,0.018115549056765635,1.1322039974411282,0.806506192055421
1.4321501272468027,1.8788166181315287,-0.012823594676349873,0.014212629664265087,-1.0358435683204146,0.16295983153353538
-0.06271343073991947,1.2477838372355838,-0.01793638217935031,0.019325690721196904,-1.2211897619772658,0.565176306859714
0.023106845131718283,-0.1919300299481794,-0.016726305258693744,0.018115549056765635,-0.9072255230612294,0.806506192055421
0.31899597913491556,-0.01925425209827773,-0.035554141711601435,0.03694439287385943,-0.9310483128211967,-0.21244221210423114
-0.3235665739806623,-0.27301333619747514,-0.05895900040863773,0.060350292650256335,2.5050394891118137,-1.6067926599016493
-0.32355078909407853,-0.2729669073688853,-0.05895900040863773,0.06035049464246438,0.5119376123613945,-1.6067926599016493
-0.313837343886278,-0.2609232692326809,-0.0186758419712981,0.02006519006218739,0.6536214756624584,0.558988361085465
-0.28342883612483616,-0.2565311020480821,-0.05895900040863773,0.060350503820199436,0.5251738606483095,-1.6067926599016493
-0.02359812303781733,0.7486530369219435,-0.016767873418937866,0.018157119441003282,-0.9991625862698633,0.7015801550138092
0.8193341928984139,0.9545997133393243,-0.03831957521122922,0.03970997433525969,-0.7824871523890519,-0.3554525144424278
0.33882610165324856,-0.16523809639188064,-0.016737581607624806,0.01812682600923444,1.0078678651838764,0.6053979543923317
-0.2958479543920706,-0.2645841823669898,-0.04870677548942028,0.050097730364562706,0.4893672039896241,-1.014052590999913
-10.013207096570564,0.16156978516914078,-0.06651744245052811,0.06790935027253178,-0.5875361786154747,0.655675013808104
-0.32356729147550706,-0.2730179790803341,-0.05895900040863773,0.018115549056765635,-1.481183328928792,-1.6067926599016493
-0.2429840104754704,-0.26010844329092925,-0.016726305260136857,0.018115549056765635,-0.5099288518848254,0.7260628969901852
-0.24604125600881646,-0.18475909737247867,-0.016726305260211,0.018115549056765635,-0.4807212879671228,0.806506192055421
-0.31687844578561775,-0.2700929628791742,-0.022450200190415513,0.023839750217371388,0.17745283258130554,0.11114889572880741
0.20776849331694708,0.12905799794910564,-0.016726305258541848,0.018115549056765635,-1.322606827269969,0.806506192055421
0.32273986723465725,-0.2004891844987163,-0.016726305258491125,0.018115549056765635,-1.261037502418858,0.806506192055421
-0.32128781035383597,-0.2725838695330191,-0.05895900040863773,0.06035050375750443,0.5439333808634951,-1.6067926599016493
-0.2294100842556614,-0.20105793764894184,-0.01672630525986581,0.018115549056765635,-0.7735618692879683,0.806506192055421
-0.302603885849941,-0.23418258540636283,-0.016726305265484003,0.018115549056765635,-0.7234322473846344,0.806506192055421
-0.30902510596275024,-0.25521020187470117,-0.036849763592840826,0.038240084065828926,0.25655338912269954,-0.9364318676913521
-0.26208659322125877,-0.19836042270787219,-0.01678594203731634,0.0181751890241652,-1.009652233523667,0.5048438355607872
-0.0786934759214924,0.7712824479766314,-0.016802717369558358,0.0181919652557998,-0.9030677549868515,0.38680204388897393
-0.301972849134011,-0.21476604929009196,-0.016726305265272804,0.018115549056765635,-0.8492810079978838,0.806506192055421
2.598416472491563,0.25728977963138344,-0.0167292659684864,0.018118509925353226,0.20357438671202185,0.6053979543923317
-0.45007454750660303,2.051471503008565,-0.06589434774564464,0.06728622223079037,-0.6176044123397062,0.0825165364682997
-0.2906816327626742,-0.17257849419193427,-0.017570332595270546,0.01895962154798488,-0.9640519551912137,0.30373559789769783
0.3009832710582549,0.3889712232778863,-0.02292560263013474,0.024315178115417755,-0.960085791507535,0.27476237721742247
0.19464192513282014,-0.19649398379856062,-0.018433978563512452,0.01982331372902921,-1.0338315513311063,0.6858412494575673
-0.31099821678572637,-0.2623463128289595,-0.023935854009388698,0.025325483535318428,0.4413971584553341,0.30373559789769783
-0.27552957663190664,-0.2649509701128495,-0.01672630526141066,0.018115549056765635,-0.7060177256795428,0.565176306859714
-0.3235181430786438,-0.27295762160316733,-0.05525978650489734,0.05665108891476332,0.6137762111408628,-1.486127717303796
-0.31725477183167267,-0.2719269016084729,-0.017832765412586556,0.019222068387103098,2.248160163870206,0.6053979543923317
-0.2904409132422711,-0.2659050825403707,-0.017272399957424134,0.018661672969593215,0.22164370215643425,0.7656028216832673
0.9090569232304762,-0.2002640046800556,-0.016726305258379624,0.018115549056765635,-1.2352260124962402,0.806506192055421
-0.2747787182769086,-0.1634621936983193,-0.017565388052070287,0.018954676741733734,1.6503139123145896,-1.0389576359117505
-0.31724723813580313,-0.2704202861207326,-0.01697562130045875,0.018364878414391588,-0.39417020773511396,0.7662845445228029
-0.27797874528435357,-0.26410364399108494,-0.0167263052615801,0.018115549056765635,-1.0954108183623894,0.806506192055421
0.3328974417513387,-0.16361540883266576,-0.016740753018539518,0.01812999758983017,1.078481282357966,0.6053979543923317
-0.31002206504948676,-0.258437005461695,-0.016726305269442104,0.018115549056765635,-0.07532988629072764,0.806506192055421
-0.2781850250522102,-0.24156709059357684,-0.024014918883911315,0.02540455264884172,-0.817051124105603,0.1913515827330305
-0.22953672209575424,-0.21066870516703862,-0.023565666175901934,0.02495527590575654,0.7825866940733247,0.16903102361393052
-0.29703146213843395,-0.25648931610235126,-0.016726305263966297,0.018115549056765635,0.9898474209837488,-0.0783700536621716
-0.31308684427870226,-0.2690901001816337,-0.016726305272713026,0.018115549056765635,-0.0335880214972108,0.806506192055421
-0.3159855234513655,-0.2701858205363539,-0.016726305278240004,0.018115549056765635,-0.22574509074296475,0.806506192055421
-0.32018860825172707,-0.27190368719417796,-0.016726305303099237,0.018115549056765635,2.096615558608547,0.806506192055421
-0.3170011374040647,-0.2702206421577963,-0.0167263052813309,0.018115549056765635,-0.38460177229719744,0.806506192055421
-0.31208593897031983,-0.27161582845692095,-0.05895900040863773,0.06035050381077752,0.5119380450257833,-1.6067926599016493
-0.3135776107524898,-0.27197333043706273,-0.05895900040863773,0.06035050380880696,0.51193804493279,-1.6067926599016493
-0.3231174222078685,-0.27193618737419084,-0.05895900040863773,0.06035050348717242,0.5119380297544461,-1.6067926599016493
-0.3235353629549171,-0.2728113707931093,-0.05895900040863773,0.06035049907847429,1.2957495101528118,-1.6067926599016493
0.336110742413411,1.8115110667662677,-0.02140931347172714,0.02279880782953439,0.3713742222983407,0.23385900684526856
-0.3103829649563802,-0.2194716110676722,-0.016726305269748283,0.018115549056765635,-1.171729149171947,0.806506192055421
-0.2973105676330295,-0.2689392064887167,-0.016726305264026988,0.018115549056765635,-0.5147141722942055,0.6858412494575673
-0.23646377607409005,-0.19524504830949396,-0.02407461575241789,0.025464252712966894,-0.7389642003641633,-1.0436895944449998
-0.26744269223708317,-0.21969911232776243,-0.05895900040863773,0.06035050382127464,0.5119380455211558,-1.6067926599016493
-0.32358989256311566,-0.27316422989039213,-0.05895900040863773,0.060350510527936434,2.4417863484884768,-1.6067926599016493
-0.3114366061358495,-0.2713372554853819,-0.05895900040863773,0.060350503811483915,0.5119380450591191,-1.6067926599016493
-0.28525952422113565,-0.26836813189706166,-0.05895900040863773,0.06035050382001904,0.5258997130467413,-1.6067926599016493
-0.2791177683503444,-0.2698051041419172,-0.05895900040863773,0.06035050382056555,0.5119380454876931,-1.6067926599016493
7.816100847327547e-06,0.02658028748561183,-0.017051072014560353,0.0184403331889116,-0.7081255932150331,0.6816803893679863
-0.2852591654737133,-0.26829384577131793,-0.05895900040863773,0.06035050382001908,0.525768926205314,-1.6067926599016493
1.4344522094560825,0.4208399712219521,-0.016726305258342886,0.018115549056765635,-1.3711134810671786,0.806506192055421
-0.3197746137263245,-0.2703854644992902,-0.053717863822855615,0.05510908677663102,0.4591501148610991,-1.5263493648364137
0.10644961130454267,-0.028221980340405243,-0.01672630525860904,0.018115549056765635,-1.415556392885802,0.806506192055421
-0.2425933345325211,-0.25921236689914534,-0.016726305260127784,0.018115549056765635,-0.5259177027033427,0.806506192055421
-0.19903314626738722,0.038642497153252145,-0.016726305259473308,0.018115549056765635,-0.9877259421646966,0.806506192055421
-0.0622599739980573,-0.232404361271372,-0.03438738860359865,0.03577757733959004,0.14508712248624459,-0.3664379426946635
-0.222889849854281,0.10883127877394201,-0.0167263052597616,0.018115549056765635,-1.2748088049888668,0.806506192055421
-0.04960479992691047,0.5929841389845001,-0.018037311501374293,0.019426625443368036,-1.1038582967659256,-1.1426967268329822
-0.10808170601374432,-0.0282289446646937,-0.016726305258959805,0.018115549056765635,-0.8923729988588971,0.806506192055421
-0.3091747036378741,-0.23791778466641542,-0.016726305268783565,0.018115549056765635,-0.24593394970352,0.806506192055421
-0.3212149846270971,-0.27259315529873707,-0.05895900040863773,0.06035050375956229,0.5791150783126721,-1.6067926599016493
-0.10161958869478614,-0.1940425416490171,-0.016726305258939336,0.018115549056765635,-0.9636072003187779,0.806506192055421
-0.24415065709298286,-0.10257310644417425,-0.024944026306730826,0.02633370978402713,-0.03289936321822259,-0.721916414184057
-0.2988036744048889,-0.2709658248566632,-0.022211881330079553,0.02360141862256407,0.4155562995845443,0.5398683039178419
-0.17951656899619628,-0.06676022951140154,-0.016960219643531404,0.018349475956336615,-0.814863759986747,0.6053979543923317
-0.23399344132372385,-0.23099524632367036,-0.016726305259948147,0.018115549056765635,1.496640664444077,0.806506192055421
-0.3203769506484657,-0.26956367423325006,-0.016726305305746522,0.018115549056765635,0.7223890687782543,-1.1241328895102354
-0.26027599498061127,-0.16211111478635495,-0.01672630526065054,0.018115549056765635,-1.2158751641321308,0.806506192055421
0.33581154706316324,0.3495438620393946,-0.018808548359940534,0.020197903566490805,-0.322496362727945,0.7551594079712278
1.4546177608143214,1.4454383248668192,-0.016745118329610793,0.01813436313460851,-1.3625639026736478,0.6794904630050487
-0.10192882897285988,0.006815535154917145,-0.016726305258940286,0.018115549056765635,-0.5382274676541914,0.806506192055421
-0.18763861063841095,-0.18861501158686486,-0.01672630525937132,0.018115549056765635,0.9163823287584649,0.806506192055421
-0.2614462290723473,-0.18811822312095358,-0.03027039578714598,0.031660364245820624,1.0438598875072458,0.35656911796172996
-0.2880799964557246,-0.2676484850539192,-0.026830217144126145,0.028220001537757503,1.845185531723358,0.19221193882998489
-0.3058523437594045,-0.25484109268741195,-0.016726305266809297,0.018115549056765635,-0.03699777267250093,0.806506192055421
-0.3162979924562404,-0.22723915409075235,-0.016726305279098977,0.018115549056765635,-1.2527853706064989,0.806506192055421
-0.32352208930028975,-0.27288797836028256,-0.05895900040863773,0.06035050047199402,0.5119378874643323,-1.6067926599016493
0.29196184962818544,-0.16315576342962634,-0.05895900040863773,0.018115549056765635,-1.2170853636007621,-1.6067926599016493
-0.07421236186880227,0.0884490230230025,-0.017100406183859246,0.018489669997645,-0.7025173753557858,0.5497722716344559
-0.3211242215292402,-0.2725676194430127,-0.05895900040863773,0.060350503761955276,0.3585759871058066,-1.6067926599016493
-0.3210894230292713,-0.2726024410644551,-0.05895900040863773,0.06035050376282625,0.5260777484546485,-1.6067926599016493
-0.3032273888700015,-0.25880379320755476,-0.05895900040863773,0.018115549056765635,-0.06117618938918115,-1.6067926599016493
-0.06999564466639101,-0.12782806775561747,-0.05895900040863773,0.018115549056765635,0.3374614990208053,-1.6067926599016493
-0.27637299182187336,-0.2650159704728753,-0.016726305261467022,0.018115549056765635,-0.681740956326465,0.524954659327096
-0.19823026953614706,0.3310419738463435,-0.016726305259465515,0.018115549056765635,-1.2961869069484948,0.806506192055421
-0.3200501317466964,-0.2709379675595093,-0.018923232525397876,0.020312593825156697,0.638388624370648,0.7656028216832673
-0.3154248012302179,-0.2684192036085105,-0.035657240654696505,0.03704749731478482,1.068592950171094,0.002073241403064052
0.6651574656755893,-0.19157252796803764,-0.019114924920784055,0.020504296519773,-0.7236842890797013,0.5638280952105759
-0.32305177142957675,-0.2696820677461541,-0.016726305552151592,0.018115549056765635,1.5757682918081315,0.806506192055421
1.0065752350504062,4.637664041768383,-0.04377953455865281,0.04517022581219961,0.45532095115517707,-0.3675310872750458
-0.3030544726124243,-0.1918139578767048,-0.016726305265642758,0.018115549056765635,0.014276423728001426,-1.204576184575471
-0.3564386002914455,-0.22647307841901998,-0.10692731850103457,0.10832138841640233,-1.3216083255947109,-0.18526045943378602
0.11321738142735095,0.27926918708581344,-0.024978651042359648,0.026368336373777727,-0.18784894848823552,0.7662845445228029
-0.3164536888375444,-0.271035468099548,-0.05443095008615906,0.05582221121153028,0.5769715576143631,-1.486127717303796
0.3907698584314971,0.39652983657231206,-0.016726305258468802,0.018115549056765635,0.6645893551050169,0.806506192055421
-0.3166764709868295,-0.27182940106843423,-0.016726305280243742,0.018115549056765635,2.273455560084138,0.806506192055421
-0.1934696912414391,-0.15520482653361634,-0.019512556325053144,0.02090194919788917,-0.8069898698617394,0.6915871991050841
-0.31438012873630755,-0.2532717982810754,-0.016726305274748058,0.018115549056765635,1.0823463602505348,0.806506192055421
-0.3021289042627373,-0.25472269917450785,-0.016726305265323874,0.018115549056765635,-0.4630601496559313,0.806506192055421
0.9397366440432215,0.28171366491106853,-0.017461263506644613,0.018850546628217214,-1.1657958116916656,0.7260628969901852
-0.32354791911469966,-0.27297155025174424,-0.016726313079124734,0.018115549056765635,1.3977692345435686,0.806506192055421
-0.29065831418022087,-0.16489452306031582,-0.016726305262860577,0.018115549056765635,-0.5948349772380719,0.806506192055421
-0.27254695056241135,-0.2652968648858438,-0.016726305261226284,0.018115549056765635,-0.7077763328404525,0.6858412494575673
-0.23985609169991964,-0.26053094563109674,-0.016726305260066604,0.018115549056765635,-0.546220353172558,0.7260628969901852
-0.25787740971471695,-0.26326096075217936,-0.01672630526056313,0.018115549056765635,-0.5259906672075841,0.6456196019249496
-0.07223279359222368,0.08037504973122941,-0.016726305258859528,0.018115549056765635,-1.1797581054722361,0.806506192055421
-2.0747235954699406,-0.18702250276623336,-0.060077668172183435,0.06146923144077228,-1.0398749671714056,-0.6414731191188212
0.23649626940463556,-0.1974039888389215,-0.019257457882092228,0.020646837107043077,-1.0178804420435965,0.6428927105668059
-0.3198747042571627,-0.26276649372769756,-0.016726305299287213,0.018115549056765635,-0.6338211287270188,0.806506192055421
-0.12911219740729152,0.45128799701116884,-0.01672630525903585,0.018115549056765635,-0.8403195684186091,0.806506192055421
-0.3421421567630048,-0.12613341551208831,-0.2757701417917952,0.27717324547195593,2.4624076937142143,-1.3654627747059425
-0.3219823453635236,-0.267694913882509,-0.05895900040863773,0.060350503728376845,0.5263744114047574,-1.6067926599016493
-0.32189265850793375,-0.2705270724264892,-0.049251270802964736,0.050642254725756224,0.638322772657946,-1.2620356810506395
-0.13946600676400345,-0.1977057762247554,-0.016726305259079664,0.018115549056765635,0.5054131285064418,0.806506192055421
-0.2419949438320258,-0.2573761067284172,-0.01672630526011406,0.018115549056765635,1.6524511112918865,0.806506192055421
1.1563964098183663,0.8276122242632541,-0.018233546730136,0.01962287117194409,-0.9939856948868808,0.6456196019249496
-0.32261804579594433,-0.2723029751200506,-0.05895900040863773,0.060350503664356174,0.5119380381159732,-1.6067926599016493
1.6890003667488607,0.6681709840028863,-0.05895900040863773,0.018115549056765635,-1.184277085150409,-1.6067926599016493
-0.3197753312211692,-0.2691086717130696,-0.02523677271403096,0.026626471816372562,0.6514753962503201,0.030802989640648388
3.947013683918484,2.141106999484109,-0.016726305258292183,0.018115549056765635,0.4871904212789904,0.806506192055421
0.5483607848729151,0.8645881433522024,-0.02833388935414798,0.029723754204307035,-1.313520231442181,-0.2978848079927299
-0.2480717664193701,-0.25820021843588686,-0.01672630526026356,0.018115549056765635,-0.5928112421603601,0.806506192055421
-0.31806984597527305,-0.26923867243312116,-0.016726305285816548,0.018115549056765635,0.6230138504545518,0.806506192055421
0.04640210900261977,0.2956933851994692,-0.016726305258666224,0.018115549056765635,0.5898225390634275,0.806506192055421
-0.3235658564858176,-0.27300869331461614,-0.05895900040863773,0.060350398236851344,0.5119330628575764,-1.6067926599016493
-0.19964875684415578,-0.21509801541450935,-0.017122076303998562,0.018511341276606686,-0.771063876322157,0.7662845445228029
-0.2348942561012681,-0.17161277455726562,-0.016860261230239548,0.018249512194215983,0.0822752197096868,0.7656028216832673
0.6713978770875295,1.2862594074879838,-0.01672630525840898,0.018115549056765635,2.368137346754035,0.806506192055421
-0.32355007159923377,-0.2729669073688853,-0.05895900040863773,0.06035049502502722,0.5119376304150226,-1.6067926599016493
-0.13684392185397928,-0.10877135506091783,-0.01672630525906811,0.018115549056765635,1.4589221903811882,0.806506192055421
-0.32076906158110446,-0.27048760792218784,-0.016726305312401185,0.018115549056765635,0.08827198734806926,0.806506192055421
-0.3052700966929154,-0.2704806435978994,-0.05895900040863773,0.060350503815693415,0.531438223006513,-1.6067926599016493
0.37434568394104334,-0.1582203789505264,-0.01672630525847379,0.018115549056765635,1.060044989313548,0.806506192055421
-0.054137573608420274,-0.19130556220364606,-0.017938634842277125,0.019327943504668616,-0.9516545169829523,0.7490466955802525
-0.2790948085153134,-0.26777152144968225,-0.05895900040863773,0.060350503820567315,0.5119380454877763,-1.6067926599016493
4.1768836060271655,1.8261175762406312,-0.01771147775533976,0.019100774264454126,-1.038396442356657,0.6858412494575673
0.39237238316717604,0.4201574674416814,-0.016726305258468323,0.018115549056765635,-1.3207460792635175,0.806506192055421
-0.3142943881023637,-0.27197333043706273,-0.05895900040863773,0.060350503807634556,0.5119380448774626,-1.6067926599016493
3.012905710589635,1.4254832143389062,-0.02008878584597414,0.02147820955049602,-1.333245981494154,0.43837585870603724
1.3420230885697417,4.663295076591404,-0.026436417450852838,0.027826180778816104,0.4999890898344926,0.6456196019249496
-0.31853693511918485,-0.26403400074820016,-0.02037972556942523,0.021769164810302073,0.1889904076695605,0.36772458260868096
0.17270882522461692,-0.07360616028697338,-0.028118702371730107,0.02950855570839991,-0.9817842157812856,0.23385900684526856
-0.2807934775601847,-0.17736530641954673,-0.016726305261798795,0.018115549056765635,-0.6058755532088365,0.806506192055421
0.3382861867825978,-0.1692449042991838,-0.016726305258485622,0.018115549056765635,1.0104795616091242,0.806506192055421
-0.322470959352777,-0.2719895805270692,-0.05895900040863773,0.060350503685770905,0.5210688307341453,-1.6067926599016493
-0.08920190541724116,-0.23812207151221074,-0.01672630525890317,0.018115549056765635,-0.42905951104031925,0.7260628969901852
-0.21518539021169256,-0.20107650918037778,-0.01676362959501627,0.018152875389127382,-0.9673069847139312,0.7662845445228029
-0.3235658564858176,-0.27300869331461614,-0.05895900040863773,0.060350398236851344,0.5119330628575764,-1.6067926599016493
1.4251767948509828,0.36333322413057684,-0.01832907567774716,0.019718405230748873,-1.3158181992337674,0.35656911796172996
-0.11175527961870362,-0.24049458465315154,-0.016726305258972,0.018115549056765635,-0.32326285746487554,0.6053979543923317
-0.31738822587279036,-0.2594398681592356,-0.05895900040863773,0.0603505037994533,0.45292202611909116,-1.6067926599016493
-0.2720748389545865,-0.2652040072286641,-0.016726305261199056,0.018115549056765635,-0.6951491591748312,0.6858412494575673
-0.30641019600117325,-0.26742794811811743,-0.04403781170384367,0.04542851676752569,0.3957056246874457,-0.44036488145573205
-0.30896411890094916,-0.2661929412776277,-0.05895900040863773,0.06035050381359868,0.5119380451589176,-1.6067926599016493
-0.15460658297725555,-0.19076234490914493,-0.016726305259153414,0.018115549056765635,-0.9668703798275865,0.806506192055421
-0.2968556759014779,-0.26763223496391275,-0.018945197839690925,0.020334560352088235,1.7890047746183673,0.6794904630050487
-0.3231662118573093,-0.27115850449531104,-0.016726305636008895,0.018115549056765635,0.14112475214661546,0.806506192055421
-0.2983161366579026,-0.23485116053805655,-0.016726305264256777,0.018115549056765635,-0.7179373669936991,0.806506192055421
-0.3157322477711798,-0.27122582629676634,-0.05895900040863773,0.06035050380463594,0.6623347491223788,-1.6067926599016493
1.0907553177070173,0.07942558018656719,-0.018790392238637967,0.020179746473886335,-0.9472193123216712,0.7490466955802525
-0.3042731376061789,-0.27021599927493734,-0.016726305266109277,0.018115549056765635,1.523730090173892,0.806506192055421
0.31856189475386076,1.0881220600394144,-0.01672630525849265,0.018115549056765635,-0.5365708283614399,0.806506192055421
-0.27918449537090323,-0.2699258190962508,-0.05895900040863773,0.060350503820560425,0.5119380454874513,-1.6067926599016493
-0.2850636481285275,-0.2682265239698627,-0.05895900040863773,0.06035050382003917,0.5256429833569809,-1.6067926599016493
-0.3092051971687746,-0.2708102882808872,-0.016726305268805915,0.018115549056765635,-0.2978764193239229,0.6858412494575673
-0.2277254063602621,-0.19939810702685506,-0.052092237374640554,0.05348337338931719,0.10299144060620603,-1.5766264242521861
-0.3235665739806623,-0.2730156576389046,-0.05895900040863773,0.060350292650256335,2.5050394891118137,-1.6067926599016493
-0.3225732023681494,-0.2724724403444035,-0.024895458972164917,0.026285139700406177,0.5327971216943654,-1.1159522154358046
-0.32057677296271986,-0.2715786853940491,-0.05895900040863773,0.06035050377330856,0.5119380432575754,-1.6067926599016493
-0.2893151638309076,-0.2603498731995964,-0.052099731646230385,0.053490868059037626,0.5827683063741904,-1.3051303034070156
0.3367381916551173,0.3534113834609282,-0.016726305258486156,0.018115549056765635,-1.4039874594882453,0.806506192055421
-0.3172662517491882,-0.25914272365626057,-0.05895900040863773,0.06035050379992797,0.5888758884669825,-1.6067926599016493
-0.32001210451992634,-0.27184797259987015,-0.05895900040863773,0.06035050378135578,0.5119380436373335,-1.6067926599016493
-0.2529934223067174,-0.20132258197190392,-0.016731028242938657,0.01812027229199909,-1.055169250483627,-0.35992158639049626
-0.30372820027161507,-0.26982367567335314,-0.018184948829710536,0.019574270663803146,1.4495531435730482,0.7246994513111134
-0.25483272034115356,-0.19839988721217353,-0.016726305260460962,0.018115549056765635,-0.8546269269969766,0.806506192055421
-0.1214629848677464,-0.18670678673182245,-0.016791375399448957,0.01818062267871903,-0.813643106600076,0.7260628969901852
-0.23858325584538884,-0.2310764967737026,-0.017659239367762515,0.01904853308016658,1.5503440927277883,0.7600965987485541
-0.30948932512728317,-0.260036478606615,-0.016726305269018825,0.018115549056765635,-0.3324034696274655,0.806506192055421
-0.3096704925755746,-0.2708218954880347,-0.016726305269159126,0.018115549056765635,-0.32061731417904377,0.6053979543923317
-0.3108862875899503,-0.2658493679460629,-0.016959285228108512,0.018348541480022275,0.540694747040874,0.7656028216832673
-0.09997544925811347,-0.23921779186693096,-0.01672630525893432,0.018115549056765635,-0.43325936943090915,0.6456196019249496
-0.3154595997301867,-0.2576291438442318,-0.029792278921227124,0.03118222178250263,0.2646498884904489,-0.5342153923651738
-0.32169570617305854,-0.2694174234231921,-0.016726305339208776,0.018115549056765635,0.8179549515418041,-1.2447978321080888
-0.32354217915594186,-0.2729669073688853,-0.05895900040863773,0.060350497790410185,0.5119377609169716,-1.6067926599016493
-0.303073127478387,-0.26988403315051995,-0.016726305265649482,0.018115549056765635,0.469059088432914,0.806506192055421
-0.3233958102076193,-0.2725049405244164,-0.016726306141785875,0.018115549056765635,1.4793107010816198,0.806506192055421
-0.3050125160436614,-0.270464393507893,-0.05895900040863773,0.06035050381580837,0.5310904460863315,-1.6067926599016493
-0.2795274579066787,-0.03550898498758056,-0.05895900040863773,0.018115549056765635,-0.2438439680281218,-1.6067926599016493
-0.3102147124152937,-0.2708288598123232,-0.016726305269603482,0.018115549056765635,-0.345286214845618,0.524954659327096
-0.3201577559734042,-0.27078475242516287,-0.05895900040863773,0.06035050377953516,0.5119380435514164,-1.6067926599016493
-0.29999076962547583,-0.253246262425351,-0.016726305264682963,0.018115549056765635,-0.4477287123070668,0.806506192055421
0.05840077529084909,-0.18771661375365145,-0.016726305258653363,0.018115549056765635,-0.49612674308331967,0.806506192055421
-0.28060118894180014,-0.26008290743520485,-0.024375420820539312,0.02576507387356655,0.7301268148418273,0.11114889572880741
-0.10874180127088544,0.34140256694616616,-0.016947264500377913,0.01833652012037806,1.9045478175347785,0.6428927105668059
-0.32343670741376823,-0.2726651199830513,-0.05895900040863773,0.060350502663673374,0.5119379908924757,-1.6067926599016493
-0.2779970414028939,-0.26375542777666117,-0.016726305261581434,0.018115549056765635,-1.0838017540655978,0.806506192055421
-0.2659269843776151,-0.2610161268898606,-0.019354036795462607,0.020743421185410543,-0.17488876914245774,0.6837960809389597
-0.2406693721064082,-0.26056576725253916,-0.01672630526008436,0.018115549056765635,-0.4660262938002853,0.7260628969901852
-0.31687270582686,-0.268714026670056,-0.016726305280888237,0.018115549056765635,0.4979463560359449,0.806506192055421
-0.3233132983004766,-0.27260011962302555,-0.05895900040863773,0.06035050322743539,0.5119380174971244,-1.6067926599016493
-0.31979039861290826,-0.266972945597937,-0.016726305298371352,0.018115549056765635,-0.6667448652806759,0.806506192055421
-0.15498936647691292,-0.1663802455751907,-0.016732866103633,0.018122110252274407,-1.1227322154915649,0.4792792290781911
-0.3119424400013761,-0.2716251142226389,-0.05895900040863773,0.06035050381094042,0.5119380450334708,-1.6067926599016493
3.206619273735834,1.4208983675156595,-0.01672630525829962,0.018115549056765635,-1.3947737244024492,0.806506192055421
-0.2915967974371128,-0.26494864867142004,-0.018848436942273353,0.02023779427851163,0.6360426551659034,0.6858412494575673
-0.32233535282712517,-0.27216833151714004,-0.05895900040863773,0.06035050370098374,0.511938039844475,-1.6067926599016493
1.5776078571166068,3.3708093463074515,-0.016765800680088993,0.01815504659168007,-1.1855962953756256,0.7675820170238553
-0.11144639808805225,-0.026281255305349936,-0.018056107820686847,0.019445422768197055,0.1370795930025575,0.30563284542282154
-0.32064314123585635,-0.2590196872604975,-0.01674703047022103,0.018136275325795394,-0.9803966070386506,0.002073241403064052
-0.1083339054516629,0.011952885038382915,-0.01672630525896063,0.018115549056765635,-0.8740559905427093,0.806506192055421
4.472884669226139,0.43809524536736594,-0.016726305258288294,0.018115549056765635,-1.3239035069873202,0.806506192055421
-0.3006684435063126,-0.2669079452379112,-0.016726305264873138,0.018115549056765635,0.4436167298593777,0.806506192055421
-0.014532934422220051,0.0031244432820249288,-0.016726305258746972,0.018115549056765635,-0.10858099512671193,0.806506192055421
-0.28187581853344273,-0.24746587326591593,-0.02088074595679508,0.02227021203073764,0.5890807300251912,0.565176306859714
-0.31768132251685793,-0.2716135070154915,-0.01695282306122467,0.01834207895359315,2.318952149923359,0.4792792290781911
-0.3161609509408992,-0.24212655797808438,-0.01672630527871333,0.018115549056765635,-1.0901859172974873,0.806506192055421
-0.3091083353647376,-0.27010689152775114,-0.016726305268735243,0.018115549056765635,-0.2838467194286585,0.806506192055421
3.7386047501101802,0.4874281971855,-0.017211403501790526,0.018600673254943717,-1.166660041899193,0.7572551950767051
-0.0978452070641439,0.03942946579784991,-0.025240368810394386,0.026630068144427546,-0.8886399809412603,-1.5018666228600377
-0.26712807074767403,-0.2084401213947263,-0.016726305260941165,0.018115549056765635,-0.8501416143582126,0.806506192055421
-0.31394138063876215,-0.2719269016084729,-0.05895900040863773,0.06035050380823377,0.5119380449057408,-1.6067926599016493
-0.32040349795772033,-0.2525451871136444,-0.05895900040863773,0.060350503776083426,-1.261056305838071,-1.6067926599016493
-0.3077382789587474,-0.25770575141140506,-0.016726305267828288,0.018115549056765635,-0.00044723564777974844,0.806506192055421
0.9861341656717952,0.6917104000979348,-0.016726305258372386,0.018115549056765635,1.0172924933254488,0.806506192055421
-0.21851671877572107,-0.07978119448942203,-0.016726305259698954,0.018115549056765635,0.1283779255899604,0.806506192055421
-0.31448237175168,-0.2651784713729397,-0.016726305274933653,0.018115549056765635,0.4464556177965287,0.806506192055421
-0.29140845504037416,-0.2130969329022872,-0.04270985764548932,0.04410049166247772,0.7472651981690506,-0.8023597092492927
-0.09184946139425282,-0.17705191182656532,-0.05895900040863773,0.018115549056765635,-0.6927390885565197,-1.6067926599016493
-0.3086096764476582,-0.2697865326104813,-0.01672630526838591,0.018115549056765635,0.2156516184264436,0.806506192055421
0.3645690991869075,-0.15962949389822803,-0.016726305258476876,0.018115549056765635,1.0616080534702228,0.806506192055421
-0.24374204377891562,-0.258149146724438,-0.01672630526015471,0.018115549056765635,-0.6055789740927217,0.806506192055421
-0.17488872724776122,-0.11159422783918008,-0.020624420990817117,0.0220138733529717,0.7631425728811698,0.61083331216701
-0.32356729147550706,-0.2730179790803341,-0.05895900040863773,0.018115549056765635,-1.481183328928792,-1.6067926599016493
-0.21878757307960237,-0.21541141000749073,-0.01678313202166649,0.018172378859186777,-0.8692390888716496,0.7618154725747345
-0.27001778123477826,-0.2665829434377823,-0.05895900040863773,0.06035050382114482,0.5119380455150294,-1.6067926599016493
0.050620619942142835,0.20968165879536194,-0.01672630525866161,0.018115549056765635,-1.374006047466698,0.806506192055421
-0.31064807930150373,-0.2701208201763281,-0.05895900040863773,0.06035050381224627,0.5396110620619942,-1.6067926599016493
-0.32348226833640786,-0.2729529787203083,-0.016726307040226887,0.018115549056765635,0.26805392178730864,0.806506192055421
-0.24201754491963448,-0.16436059153153268,-0.016726305260114576,0.018115549056765635,-0.2216794656065216,0.806506192055421
-0.27585424304914175,-0.17310778283785846,-0.021385908480930728,0.02277540158353216,-0.21258950049372347,0.47132579595027235
-0.2434460771554692,-0.19651255532999654,-0.028838308506180296,0.03022820034304888,0.3477127548165301,-0.4833604357147374
-0.317627510403504,-0.27072903783085506,-0.016726305283764165,0.018115549056765635,-0.3948798154104642,0.806506192055421
-0.27648707350218354,-0.19218770994685302,-0.021741065717742113,0.02313057782262278,-0.5305114384000691,-1.445906069771178
0.35463036059786535,0.132999805496383,-0.018782313654719354,0.020171667457615138,-0.606188221966079,0.5852871306260228
0.37690211807277574,-0.16474595080882837,-0.016726305258473,0.018115549056765635,1.0409015903776904,0.806506192055421
-0.3145494575196612,-0.26643669262772435,-0.03475042722250755,0.03614063536628402,0.5683134793450801,-0.9862300979698314
-0.3229423534657571,-0.27242833295724317,-0.0528010758927838,0.05419224959226477,0.5119380342069867,-1.486127717303796
-0.31661763640956253,-0.2613991647257268,-0.016726305280057602,0.018115549056765635,1.01916953189999,0.806506192055421
-0.31249921600087777,-0.26945688792749345,-0.01672630527194551,0.018115549056765635,-0.30735293335209984,0.806506192055421
-0.2319302848977355,-0.23554295008404516,-0.02357434547493517,0.024963955669124623,-0.6678640890817773,0.015942775035001355
-0.3211245802766625,-0.2574527142955904,-0.016881367352475505,0.01827061938539385,-0.8588634528635484,0.5383618751713019
2.0607531006635353,0.3398611298369835,-0.016726305258320247,0.018115549056765635,-0.8616511699354917,0.806506192055421
-0.07836163455581004,-0.03416254895847522,-0.02388881909821819,0.02527844611903028,0.08194894747563355,-0.14611177582237
-0.29713119392184983,-0.22896166363143539,-0.03905650611784851,0.04044694466500877,0.4800221379051265,-0.5098386362847993
-0.27625639890960657,-0.2361627749457195,-0.017677099722187763,0.01906639438877199,0.22686960827190136,0.7662845445228029
-0.19790883184571315,-0.2567307460110184,-0.05895900040863773,0.06035050382276851,0.5119380455916537,-1.6067926599016493
-0.31848671048005456,-0.2664761571320257,-0.05895900040863773,0.06035050379415156,0.5119380442411829,-1.6067926599016493
0.98305575404053,0.898994226778703,-0.02032688683297723,0.021716323276776483,-1.1504871868693962,0.6053979543923317
-0.2943189728779752,-0.22136822871556713,-0.01672630526343679,0.018115549056765635,0.23014003387524415,0.806506192055421
1.1433534297836492,0.5149720997464223,-0.01672630525835999,0.018115549056765635,-1.1779388879105874,0.7662845445228029
-0.21845178549227406,-0.20836583526898259,-0.027649033628241466,0.02903886183463308,1.3099089995929434,-0.2569814376205763
-0.32356729147550706,-0.2730179790803341,-0.05895900040863773,0.018115549056765635,-1.481183328928792,-1.6067926599016493
0.7103115687382658,0.024521168937652462,-0.01995285161403509,0.021342268045434855,-1.3157547935932359,0.5139851190909276
-0.13827604156403764,0.14431915390658587,-0.04880220464487814,0.05019316463050757,0.40013308024822775,-0.26607107548105474
-0.29392722069275884,-0.19685612866156135,-0.016726305263368324,0.018115549056765635,-0.29825526328028207,0.806506192055421
2.210474902395502,3.0511306113764,-0.0215274429104067,0.02291694358877771,0.37465483551705464,0.6837960809389597
-0.30817774455113756,-0.2566448526781272,-0.031018161190409486,0.03240816965009497,0.7112594749695585,-0.24931205567579734
0.38173408710453327,0.2337735779506297,-0.0167951531885982,0.01818440067052986,-1.2907105237937053,0.6456196019249496
-0.31396649295832735,-0.26229756255894016,-0.016726305274037553,0.018115549056765635,0.3218758019465911,0.806506192055421
-0.3121081813105061,-0.2694499236032049,-0.016921986158094746,0.018311240413086155,-0.30872228652118583,0.7662845445228029
-0.08945769232938332,-0.017130133190292576,-0.016726305258903878,0.018115549056765635,-1.1378011124823326,0.806506192055421
-0.3003764231045121,-0.25215286351206023,-0.016726305264789826,0.018115549056765635,-0.3126402300364578,0.806506192055421
0.3319055051285152,-0.19981132360130466,-0.01672630525848785,0.018115549056765635,-1.2454403822534026,0.806506192055421
-0.17644784354533477,-0.18011389307206524,-0.031339967900299734,0.03272999358673712,1.6539153504181938,0.09915997682662436
-0.3235669327280847,-0.2730156576389046,-0.05895900040863773,0.06035008147865007,2.505019558197032,-1.6067926599016493
-0.31995757491172766,-0.26560329515453673,-0.05895900040863773,0.060350503781999576,0.6109800518468304,-1.6067926599016493
-0.2029940765576563,-0.19506861876085257,-0.05895900040863773,0.018115549056765635,-0.8501710467556944,-1.6067926599016493
-0.10592635150020961,-0.12795342559281003,-0.018474871341560964,0.019864208694599875,1.7637919588333038,0.3974724883338836
-0.1514341795213322,0.07090124725747264,-0.016726305259136886,0.018115549056765635,-1.1967312034612427,0.806506192055421
-0.25581640577326276,-0.26305435246495457,-0.016726305260492968,0.018115549056765635,-0.527544817712335,0.7260628969901852
-0.30265303424680423,-0.2574782501513148,-0.016726305265500983,0.018115549056765635,-0.30332100800594447,0.806506192055421
0.02533430787714718,-0.06435985907330681,-0.01742452747266959,0.018813808628404222,-0.18236469032490912,0.6887842968380028
-0.023669513774866858,-0.19467165227640942,-0.023721926764619386,0.02511154485614187,-0.816563166330866,0.3511667860257851
1.7751686276201868,-0.18311319539896886,-0.016726305258328893,0.018115549056765635,-1.071024988140843,0.806506192055421
0.32273986723465725,-0.2004891844987163,-0.016726305258491125,0.018115549056765635,-1.261037502418858,0.806506192055421
-0.18934337838946236,-0.22548646581148593,-0.01705884261087313,0.018448104200321547,-0.6224938852295809,0.7662845445228029
0.2550460223725682,0.21937135532206145,-0.026086531259186183,0.02747627586667848,-1.3144422398583986,0.25406428618573024
-0.32127991791054406,-0.27261869115446147,-0.05895900040863773,0.06035050375773378,0.3518881456933622,-1.6067926599016493
-0.25678897003527884,-0.11125065450761526,-0.016726305260525536,0.018115549056765635,-1.0826725532615111,0.806506192055421
-0.25519433774289174,-0.07581849396927923,-0.037661834109132264,0.03905219803931948,0.3616811148430697,-0.7621380617166749
-0.039124352730105706,-0.16233861604644517,-0.018125525149984938,0.019514843811779408,-0.8783686738329032,0.7662845445228029
-0.3196996355150513,-0.2707731452180154,-0.016726305297429973,0.018115549056765635,-0.37970692240647747,0.806506192055421
7.66147373260406,3.77686659538847,-0.01731420534703292,0.018703480600511215,-0.9161398055556809,0.7656028216832673
-0.2450991852777009,-0.2606934465311612,-0.01672630526018754,0.018115549056765635,-0.476913611827521,0.6053979543923317
0.5634468314779686,0.12882817524758589,-0.016726305258427512,0.018115549056765635,2.3620611026475977,0.806506192055421
-0.3047021995233206,-0.25593681304213217,-0.016726305266287874,0.018115549056765635,-0.37906521157932754,0.806506192055421
3.2213713264906705,1.7042163653365783,-0.01953766741352897,0.020927061631029795,0.41049017255469733,0.6645474360579462
0.09605885096332775,0.4216989045508641,-0.017183330452478877,0.018572598703288718,0.38280496149383425,0.5201825994503447
-0.280783791379781,-0.27002796251914846,-0.05895900040863773,0.06035050382043282,0.5119380454814291,-1.6067926599016493
-0.31633924840981176,-0.27061296575938043,-0.05895900040863773,0.06035050380301194,0.5441872787167766,-1.6067926599016493
-0.32355078909407853,-0.2729669073688853,-0.05895900040863773,0.06035049464246438,0.5119376123613945,-1.6067926599016493
-0.31947972334514513,-0.2697911754933403,-0.01672630529532244,0.018115549056765635,-0.12689636487446898,0.806506192055421
-0.32226073336327443,-0.269870104501943,-0.05895900040863773,0.06035050370800791,0.5119380401759545,-1.6067926599016493
-0.26186381107197354,-0.16845561421315652,-0.017475703131555633,0.018864987023369858,-0.6917776167880917,0.7260628969901852
-0.13117822381265876,-0.06780023527181395,-0.01719723745303722,0.01858650644750032,0.04815489112843316,0.7333759238142976
-0.3175001550685665,-0.270441179093598,-0.016726305283228736,0.018115549056765635,-0.42381075548187624,0.806506192055421
-0.21181424068378218,-0.07160739921618078,-0.018192001811738114,0.019581324029474722,0.47425858279374145,0.44451136426186033
-0.2757972022089867,-0.19091556004349142,-0.021824371782375198,0.02321388834450748,-0.16087775062695772,0.27476237721742247
-0.2358234119251787,0.21445454237439746,-0.01672630525998342,0.018115549056765635,-1.12826531104264,0.806506192055421
0.26876703503554444,0.20469752404624264,-0.0237292952974239,0.025118913783441575,-1.2429215507464058,0.696810789693736
-0.31304702331482037,-0.27072439494799605,-0.05895900040863773,0.060350503809571916,0.5440862601386627,-1.6067926599016493
-0.32176530317299623,-0.26976563963761585,-0.01672630534233533,0.018115549056765635,0.20441881766658002,0.806506192055421
2.0723549923026354,3.5465099623399814,-0.025303278797080123,0.0266929814976553,-1.269082563732292,0.04939282673555573
-0.317609573032386,-0.27045510774217496,-0.01672630528368737,0.018115549056765635,-0.39478996036070513,0.806506192055421
-0.32356729147550706,-0.2730179790803341,-0.05895900040863773,0.018115549056765635,-1.481183328928792,-1.6067926599016493
-0.07949958137953375,-0.18827608113815902,-0.016726305258877472,0.018115549056765635,-0.18819281008466338,0.806506192055421
0.7238768850199382,0.31072471845542976,-0.01672630525840135,0.018115549056765635,-1.3366138574418973,0.806506192055421
-0.30691710610896694,-0.2703761787335723,-0.05895900040863773,0.060350503814874286,0.5119380452191149,-1.6067926599016493
-0.2969902061848626,-0.26886259892154346,-0.016726305263957433,0.018115549056765635,-0.5973365167211794,0.6456196019249496
-0.32360244872289823,-0.27324548034042434,-0.05895900040863773,0.060350508133663994,2.4643838764148565,-1.6067926599016493
-0.09546527666421228,0.2051502051249936,-0.018877630164208622,0.020266989066475175,-0.823909590907946,0.002073241403064052
-0.31827612574312963,-0.2718572583655881,-0.02363002946741383,0.025019642613935553,1.5080257547893479,0.3974724883338836
1.7747589380638527,-0.1918139578767048,-0.016726305258328907,0.018115549056765635,-1.1044798503342461,0.806506192055421
-0.2719725959392141,-0.07478545253315531,-0.016726305261193224,0.018115549056765635,0.21956442563683434,0.806506192055421
-0.23077475945031617,-0.2245021746453813,-0.020799245796915437,0.02218870751227733,-0.030732644953725272,0.48473301179447825
1.790080681725396,0.4638655666761564,-0.016726305258328387,0.018115549056765635,-1.3205507927871667,0.806506192055421
-0.28402184561399607,-0.16014253245414575,-0.01818524733986993,0.019574569193739837,-0.4575732406845734,0.5225886800604714
-0.32295526837296207,-0.2714533275568565,-0.05895900040863773,0.06035050357640715,0.5119380339655467,-1.6067926599016493
-0.3191439357578168,-0.26907385009162726,-0.022264850953723665,0.02365439105215801,0.1437036168135139,0.5225886800604714
-0.32110843664265637,-0.27260011962302555,-0.05895900040863773,0.06035050376235341,0.5666078440061034,-1.6067926599016493
1.8480248478900263,-0.15570161499952762,-0.016726305258326475,0.018115549056765635,-0.9702287900314147,0.806506192055421
-0.31244791511948034,-0.25743182132272496,-0.02587456515728889,0.027264298410388847,0.44551138330929646,0.620867818827954
-0.2846249000309821,-0.2545114480044241,-0.01937151437400244,0.020760899697808075,0.87785743699789,0.7355268140566835
-0.286852362776411,-0.16460202144019984,-0.01680512378042025,0.018194371791906132,-0.4757225179555386,0.634127702629916
-0.315762382554658,-0.2673559834338032,-0.025215162411688162,0.026604860378337168,1.6263123961396337,0.48473301179447825
0.2505487646858719,1.5069124153611961,-0.01674778664451303,0.018137031592097484,-1.2667359807168046,0.7662845445228029
-0.31360164682978786,-0.2683449174827668,-0.025679411636218105,0.027069134446252512,1.9050925039193938,0.27476237721742247
-0.3221437817035853,-0.27213583133712715,-0.01977029497723252,0.021159701534835228,0.9057402467068739,-1.5126807269562483
-0.32356513899097283,-0.27300637187318666,-0.05895900040863773,0.060350433432500336,2.5050527764990616,-1.6067926599016493
-0.13901362626440836,-0.1983859585635966,-0.017908304183660285,0.01929761122298252,-0.07966495207877902,0.7662845445228029
-0.16922697542808668,0.08065826558562744,-0.028286747229088707,0.029676609556149012,-0.8749078842740188,0.34683022025407423
-0.022686187090179985,0.2860245816456351,-0.016726305258760257,0.018115549056765635,-0.8326517065998362,0.806506192055421
-0.3145290089165867,-0.2682195596455742,-0.016726305275019705,0.018115549056765635,-0.16588460857593026,0.806506192055421
-0.30944197046753175,-0.26227899102750424,-0.0458968334606335,0.047287637987463195,0.15587526906635327,-1.3654627747059425
-0.15536354003843367,0.07114267716613983,-0.016726305259157446,0.018115549056765635,1.9421645083319057,0.806506192055421
-0.3109221623321862,-0.2708102882808872,-0.05895900040863773,0.060350503811992064,0.6313624760270712,-1.6067926599016493
2.4022142784764577,1.5943332567130049,-0.01672630525831229,0.018115549056765635,1.0038127960078438,0.806506192055421
-0.3098003591424687,-0.24568997057235456,-0.01703225156890357,0.01842151172574868,-0.7844867787890245,0.634127702629916
-0.12873479511896951,0.36360715421925693,-0.01681806627197054,0.018207314979280256,-1.0452363111381553,0.7246994513111134
1.7603164843345116,1.7072481678434945,-0.0172786230960573,0.01866789644569019,-1.1442989162573876,0.35084836686072923
-0.3213505911527489,-0.27258619097444864,-0.05895900040863773,0.06035050375562189,0.5574195302624703,-1.6067926599016493
-0.2848505521596461,-0.2681452735198305,-0.05895900040863773,0.06035050382006082,0.5256044880525081,-1.6067926599016493
-0.32356729147550706,-0.2730179790803341,-0.05895900040863773,0.018115549056765635,-1.481183328928792,-1.6067926599016493
-0.31487735266369754,-0.2552844880004449,-0.01672630527569166,0.018115549056765635,-0.4205659608201415,0.806506192055421
-0.2510967246847038,-0.20180079890637928,-0.01672630526034733,0.018115549056765635,-0.9920245174644874,0.806506192055421
-0.26660322326876235,-0.250198209828428,-0.05895900040863773,0.060350503821314426,0.5119380455230335,-1.6067926599016493
-0.3082857275252677,-0.26762759208105374,-0.016726305268171184,0.018115549056765635,-0.41708101444662116,0.806506192055421
-0.3208827845139923,-0.2702577852206682,-0.05895900040863773,0.06035050376753309,0.515400635238783,-1.6067926599016493
-0.2964639237162615,-0.26276649372769756,-0.04509795595052737,0.04648871773937552,1.1126445138575294,-1.0034679469123817
-0.18189327066932667,-0.2004915059401458,-0.01672630525932612,0.018115549056765635,-1.2265627584616738,0.806506192055421
0.9672884460804162,-0.062170739805295916,-0.05297475885545099,0.05436594208999342,2.1566975892044518,-0.4711226119218516
-0.29699845737557684,-0.26510650668862545,-0.05895900040863773,0.060350503818271485,0.5421335919899362,-1.6067926599016493
-0.3104324721006658,-0.26741401946954046,-0.0167263052697916,0.018115549056765635,0.14824089109018856,0.806506192055421
-0.31414227919528337,-0.27197333043706273,-0.05895900040863773,0.060350503807898255,0.5119380448899074,-1.6067926599016493
-0.15627188851184745,0.0073541095665593074,-0.01991821861819252,0.021307633195830396,-1.1774786322069712,-1.2850194796407068
-0.0905113335088526,0.04706236521801955,-0.016726305258906806,0.018115549056765635,0.3365744869492959,0.806506192055421
-0.2719873045835308,-0.265094899481478,-0.016726305261194063,0.018115549056765635,-0.682870139767883,0.7260628969901852
-0.3157128754103724,-0.22639879229327625,-0.05895900040863773,0.06035050380468364,0.2776138273353162,-1.6067926599016493
-0.29970771790923434,-0.21452926226428382,-0.016726305264606722,0.018115549056765635,-0.19423131868972135,0.806506192055421
0.7935940653441337,0.24587060923971238,-0.017949944471826497,0.019339253739754803,-1.1037649635990838,0.6400717884721746
0.7278227479184681,1.8102923100157844,-0.02143267366143484,0.02282216926919054,0.35218842131151384,0.5479384579171634
-0.13476605678367418,0.43723166915559497,-0.017331694134937604,0.01872097032335193,-0.7915956532631355,0.41516043227859867
-0.31033596904405114,-0.27089850305520796,-0.01672630526970747,0.018115549056765635,-0.283429895434003,0.6053979543923317
-0.30778886234530006,-0.2659607971346785,-0.05895900040863773,0.06035050381437151,0.5123005792091436,-1.6067926599016493
-0.2140130036354224,-0.10556312300535992,-0.04069887083437531,0.04208939725891545,-1.1917114604293493,-0.8023597092492927
-0.10589693421157614,0.07333179643415076,-0.01913093733922318,0.020520309794397232,-0.18333578297619485,-0.0783700536621716
-0.25293781645625174,-0.049632634644609736,-0.01672630526040183,0.018115549056765635,-1.146516142156114,0.806506192055421
-0.3205835891637447,-0.2710331466581185,-0.01996091235225377,0.0213503291643001,1.9490847150050157,0.435229445600487
-0.28337215403210336,-0.18495874133541498,-0.017908366898895578,0.01929767393862479,-0.6790819680970434,0.6277433141326749
-0.15399348363244347,0.5709350882871854,-0.024453638599663225,0.02584329584028503,-1.4004689191629394,-0.701805590417748
-0.28298793554275653,-0.2667779445178597,-0.016726305261990346,0.018115549056765635,-0.4651167860298802,0.6858412494575673
-0.2629411295813186,-0.19997614594279858,-0.01672630526075577,0.018115549056765635,-1.1360662380295223,0.806506192055421
-0.3101052944514741,-0.26856081153570954,-0.05895900040863773,0.06035050381271914,0.5519332588324484,-1.6067926599016493
-0.2193974436976132,-0.21064084786988474,-0.020943887917512966,0.022333357371980788,-0.9884680147101405,0.002073241403064052
-0.2377398406554221,-0.26022683680383335,-0.016726305260021977,0.018115549056765635,-0.49994332202926434,0.7662845445228029
-0.3235647802435505,-0.27300637187318666,-0.05895900040863773,0.060350443488410815,2.50505372560154,-1.6067926599016493
-0.31744562546036786,-0.26388310705528323,-0.016726305283006296,0.018115549056765635,-0.38907802880120484,0.806506192055421
-0.32354217915594186,-0.2729669073688853,-0.05895900040863773,0.060350497790410185,0.5119377609169716,-1.6067926599016493
-0.27843256077363815,-0.20666886158402395,-0.05895900040863773,0.018115549056765635,-0.8821633196329498,-1.6067926599016493
-0.32298360941932847,-0.2713302911610935,-0.01672630551783074,0.018115549056765635,0.47396215003494047,0.806506192055421
-0.3211823386116624,-0.2725885124158781,-0.05895900040863773,0.06035050376044398,0.439984202521264,-1.6067926599016493
-0.24143924407479125,-0.26066094635114834,-0.016726305260101493,0.018115549056765635,-0.47864144924808033,0.6858412494575673
-0.3179055396558325,-0.27044814341788653,-0.05895900040863773,0.060350503797212816,0.5306290824828809,-1.6067926599016493
0.04160637346052058,0.1687128604476876,-0.017558003652322355,0.01894729194958177,-0.9232848633750105,-1.4617309802758147
0.5883858760381204,-0.19934007099111778,-0.01672630525842284,0.018115549056765635,-1.2247106161426122,0.806506192055421
-0.3136030818194773,-0.2679572367640416,-0.05895900040863773,0.06035050380876819,0.49923660539277226,-1.6067926599016493
-0.029695035480813727,-0.05795035928647948,-0.01721051897089214,0.018599788676241125,-0.6004708963401143,0.6019893401946522
-0.02042643707673875,-0.21639802261502483,-0.019024668946200068,0.02041403571578953,-0.9847180273350892,0.565176306859714
-0.2533647258888593,-0.15491696779635933,-0.019652129266610738,0.021041529606159508,1.6833582426010747,0.5201825994503447
3.9296248376093055,1.033370863924846,-0.05895900040863773,0.018115549056765635,-1.3030737898033926,-1.6067926599016493
-0.3228659402647946,-0.26973546089903244,-0.05895900040863773,0.06035050360793873,1.0329022386246016,-1.6067926599016493
-0.3234578735116874,-0.27263726268589744,-0.042758262144417414,0.04414889737119759,0.8190747066405397,-0.8023597092492927
