total_Mo,pic_intensite,ratio_actif,ratio_passif,ratio_upload,presence
-0.24109033438097432,-0.1993021736544836,-0.022141739826102628,0.023473291171213957,-0.25625522680588825,0.7897643256684215
-0.3136455598334007,-0.2651263951864574,-0.030913621874616826,0.03224568183349237,0.1484685347241628,-0.28608458922525776
0.03598057876583983,0.21054341436396554,-0.022141739824798855,0.023473291171213957,-1.393473196357037,0.7897643256684215
-0.18775234892777812,-0.006751250802225348,-0.022141739825444765,0.023473291171213957,-0.8636645185589348,0.7897643256684215
-0.30811171609711274,-0.2528686041361323,-0.022141739832565,0.023473291171213957,0.007244291808474516,0.7897643256684215
-0.31366810306747306,-0.27160335144514774,-0.06370114733510915,0.06503510842769686,0.6343278959048512,-1.6515851350518502
-0.25931636571899175,-0.1987201322940693,-0.02214173982656952,0.023473291171213957,-0.8661654909576565,0.7897643256684215
-0.11744485732185977,-0.028056292758830308,-0.022141739825092297,0.023473291171213957,-0.9044877756951496,0.7897643256684215
-0.28014041807910317,-0.2655291678078641,-0.022141739827559542,0.023473291171213957,-0.6906403285145377,0.504940221917723
-0.2436158702350511,0.11743309385576943,-0.02214173982615496,0.023473291171213957,0.7529812497943773,0.7897643256684215
-0.17220722834944396,0.12254341700020696,-0.024370070924850617,0.02570175147704302,-0.9372900006118199,0.7483855212494339
-0.16809534245464391,-0.26712861746628264,-0.06370114733510915,0.06503510843869797,0.5212607870376182,-1.6515851350518502
2.0559785128469827,0.29306989477438816,-0.022141739824460924,0.023473291171213957,-1.4028836371600457,0.7897643256684215
-0.31056060495534343,-0.22015322334996543,-0.02245646174465776,0.023788031330652857,0.11309880400287174,0.3014944335243672
-0.2198539142468314,-0.10561446811675643,-0.04573212680556642,0.047065046002964676,-1.2083957902602012,-0.8378019814784264
-0.249011680015019,-0.25916396349037335,-0.022141739826278303,0.023473291171213957,-0.5986448789968607,0.7897643256684215
-0.31331053269318676,-0.2654104313703396,-0.024722422580545085,0.026054123552666383,-0.21790424264790909,0.707006716830446
-0.3257634151947633,-0.27354038509260653,-0.06370114733510915,0.06503503917003219,0.5212574145087827,-1.6515851350518502
-0.32572179691647585,-0.2734239768205237,-0.06370114733510915,0.06503510514105551,0.5212606264831433,-1.6515851350518502
-0.09919281455991273,-0.23855737116626555,-0.022141739825036564,0.023473291171213957,-0.4341015731823346,0.7083860103110791
-0.32574954243533416,-0.27350313444554003,-0.06370114733510915,0.06503509940443647,0.52126034718062,-1.6515851350518502
-0.30818489490310147,-0.19943953541554135,-0.06370114733510915,0.06503510843141312,0.5248136011235961,-1.6515851350518502
-0.31206302480152043,-0.27128904911052404,-0.022141739834919377,0.023473291171213957,-0.2976538671920614,0.6676968526324077
0.19792874460883778,0.6034748804487753,-0.02255265693100048,0.023884232103928926,-0.7362135670301264,0.7418947283993964
-0.05799730861606583,0.3931484144494642,-0.02235796938469094,0.023689533268701348,-0.89897740146355,-1.2446935582651384
7.3937710256062585,3.7880606361504516,-0.022720267414885288,0.024051852306703866,-0.9286173947152933,0.7483855212494339
0.7322717154641688,0.1880300545431405,-0.02383567233406551,0.025167321900788173,-0.1891262660701261,0.6270076949537366
-0.30168932211938776,-0.2695126588785396,-0.022141739830387072,0.023473291171213957,-0.5407080715873162,0.6270076949537366
0.6140955738099967,0.6531788844627148,-0.03477966606579334,0.03611195020297588,-1.2989392521878607,-0.12056937154930701
-0.31432983369224354,-0.2718291834929885,-0.06370114733510915,0.06503510842700738,0.6374338732288954,-1.6515851350518502
-0.2064164126447709,-0.0957826254566381,-0.022141739825608086,0.023473291171213957,-0.6014882694155292,0.7897643256684215
0.5608755068119481,1.1020235717943636,-0.0232169056644854,0.02454851935295754,-1.0228747097215365,0.5743511379578091
-0.3231990356142849,-0.2690935890990413,-0.06370114733510915,0.06503510838344756,0.5250891172240877,-1.6515851350518502
-0.09944009649673731,-0.016925333782267273,-0.02214173982503726,0.023473291171213957,-1.1536624735887222,0.7897643256684215
-0.3255955548056706,0.25253886260057806,33.43114505990746,-33.431753246280294,13.620632499516319,0.09804864513101114
-0.3257630683757776,-0.2735473695889315,-0.06370114733510915,0.06503504906567233,2.5448023858299442,-1.6515851350518502
-0.018368037211770008,0.08038499718267848,-0.0221417398248693,0.023473291171213957,-1.2565844436188442,0.7897643256684215
-0.311706841703177,-0.25569499698230413,-0.04194438330888104,0.04327708287096414,0.26197755462359784,-0.973432507073997
-0.3201987045687455,-0.2680063358377874,-0.06370114733510915,0.023473291171213957,0.13989944873311966,-1.6515851350518502
-0.32029199887590654,-0.270977074941342,-0.06370114733510915,0.06503510841327723,0.5402371520459912,-1.6515851350518502
-0.31929350701599346,-0.26923793535642404,-0.022141739846671137,0.023473291171213957,0.5070555072518313,0.7897643256684215
-0.32457451971168516,-0.27270224553360994,-0.06370114733510915,0.06503510831858184,0.5212607811894459,-1.6515851350518502
1.6806402551027695,3.2800316551264355,-0.03969493544427643,0.041027504585800435,0.4844004083750615,0.2666180126569346
-0.2542628662779381,-0.2508896635107237,-0.02214173982641622,0.023473291171213957,-0.5503604061177315,0.7897643256684215
-0.32340539291079357,-0.27310501815501664,-0.06370114733510915,0.06503510837853677,0.5465365412096183,-1.6515851350518502
-0.2921302972347319,-0.20927836257198468,-0.03532151687254496,0.03665383242397272,0.38951800823497873,0.6976379309242603
0.36758947105647166,-0.16569277733872032,-0.022141739824608285,0.023473291171213957,0.9940855670078242,0.7897643256684215
-0.4480663559601219,2.057667968796834,-0.07052592906359371,0.0718602858936428,-0.6255247077492708,0.05735948745233981
-0.2828584384702594,-0.2704532377169691,-0.06370114733510915,0.06503510843625272,0.5212607869185649,-1.6515851350518502
-0.32360758837947334,-0.2731376124711999,-0.06370114733510915,0.06503510837281401,0.2740900981084188,-1.6515851350518502
-0.32576549610867767,-0.27355435408525647,-0.06370114733510915,0.023473291171213957,-1.5022865932213705,-1.6515851350518502
-0.3234979935799831,-0.2731376124711999,-0.06370114733510915,0.06503510837604255,0.683441699505156,-1.6515851350518502
0.312584673557863,0.3546894495187291,-0.022141739824626198,0.023473291171213957,-1.4239122897950205,0.7897643256684215
-0.2775621657391956,-0.12460764178979583,-0.022141739827390573,0.023473291171213957,-0.7407210053512834,0.7897643256684215
-0.32574121877967666,-0.27350313444554003,-0.06370114733510915,0.06503510250221056,0.521260498003973,-1.6515851350518502
1.5121951292001146,3.380827249757542,-0.022180605597112536,0.023512159197419124,-1.2021872741194266,0.7503877214632558
0.3461255376676907,0.4064981150919267,-0.029889743974830095,0.03122174457741465,-0.18022315954604023,0.45685303557020257
0.34711050358716034,-0.16624455254839307,-0.022141739824614613,0.023473291171213957,0.9147255519263482,0.7897643256684215
0.02167533606148598,0.235757446097113,-0.02214173982481526,0.023473291171213957,-1.4603529366529164,0.7897643256684215
0.630083929052092,-0.19187299773015548,-0.024492279319679813,0.025823966958724062,-0.7332239474534531,0.5442654972161036
-0.2268912182862535,0.2550393122849179,-0.0223357689584968,0.023667331554330446,-1.1956551664527304,0.5456293795963943
-0.32202644062353597,-0.271303018103174,-0.02214173986294916,0.023473291171213957,-0.38399559232485464,0.7897643256684215
-0.30593473332369336,-0.19211512693608784,-0.022141739831668707,0.023473291171213957,0.016002108830044447,-1.2446935582651384
-0.32572387783039025,-0.2734938217837734,-0.06370114733510915,0.0650351049761277,0.5212606184531947,-1.6515851350518502
-0.3081463979956856,-0.26375976207220464,-0.02214173983258107,0.023473291171213957,-0.2933044650594479,0.7897643256684215
-0.10524792723175104,0.2059988354218507,-0.02425876759485247,0.025590441693579213,-0.8349792391991347,-0.024018827905002555
-0.2627675614459785,-0.26311486024486563,-0.02214173982668835,0.023473291171213957,-0.4165035055624585,0.7083860103110791
-0.22098731869219293,-0.2014045070483,-0.02217846912419845,0.023510022599327687,-0.9805656667391952,0.74907516798975
0.2898735790964015,2.666366823518107,-0.02262316911525438,0.023954748376763414,-1.2804729457480215,0.08552890430680465
-0.28277173372382725,-0.2682927001871112,-0.06370114733510915,0.06503510843625951,0.521260786918895,-1.6515851350518502
-0.2886093908916136,-0.205921148005115,-0.02214173982827961,0.023473291171213957,-0.7406845111467567,0.7897643256684215
-0.3169826521140828,-0.2656921393887801,-0.022141739840811483,0.023473291171213957,0.45477873685376224,0.7897643256684215
-0.31136314408831983,-0.2713961447208402,-0.02214173983440821,0.023473291171213957,-0.3541462661274401,0.7083860103110791
-0.31689178553982184,-0.2708723074964674,-0.06370114733510915,0.06503510842336821,0.5212607862912482,-1.6515851350518502
-0.30985170694851394,-0.26272605661610887,-0.022141739833457703,0.023473291171213957,-0.41741647129443604,0.7897643256684215
-0.04735794259086489,-0.11069219694501077,-0.03796571516143788,0.03929818403636391,1.9319759006976756,-0.22044924428479457
-0.32011026572738466,-0.2709305116325088,-0.022141739849887595,0.023473291171213957,-0.38316784770525564,0.7897643256684215
-0.31880657316003025,-0.26444657087749357,-0.025716698097180267,0.027048456711682618,1.5587007008908618,0.3828727488817096
-0.18140660194589914,-0.16477082382382408,-0.035338424526580925,0.03667074106165975,0.7466168673716751,-0.11443917830204951
-0.3186054181483076,-0.24257345655312418,-0.022141739844530904,0.023473291171213957,-1.1053204083698562,0.7897643256684215
-0.22253343773057174,0.028853383297038144,-0.02482823004560448,0.02615993716298421,-0.3516300074232878,0.4410001169940968
-0.31577502840577526,-0.26671886034855097,-0.04443775745486374,0.04577060158719858,0.4227738938502987,-0.9895242643480477
-0.10045870385782266,0.04745309701043746,-0.02214173982504014,0.023473291171213957,0.34322021497605953,0.7897643256684215
-0.3118271878912249,-0.25943170251616393,-0.022141739834741398,0.023473291171213957,-0.4253841731770247,0.74907516798975
0.6575551140926807,0.5986602343154281,-0.039880243902387515,0.04121282378865987,-1.1490649321147641,-0.6343561930850703
-0.32423324982972807,-0.26821587072753655,-0.06370114733510915,0.06503510834553834,0.5359175312622265,-1.6515851350518502
-0.28730708560020213,-0.041270959805676556,-0.023538184492370447,0.024869816806110893,-1.1688517373783995,-1.302820926377526
-0.30122805286836846,-0.24042223168503296,-0.02494017117095343,0.026271884774587285,0.7564785062768754,0.4141721009422258
0.22269890338857098,3.2364390853968463,-0.06268810961019165,0.06402201197501296,0.5546271424250214,-0.6343561930850703
0.2587462283082603,0.012346690315688606,-0.022183315235978305,0.023514868993230915,-1.2479442421285312,0.74907516798975
-0.31500404980050023,-0.2703484702720945,-0.02214173983779414,0.023473291171213957,0.4424161964658037,0.7897643256684215
-0.2758863364001543,-0.07474765069126536,-0.02214173982729011,0.023473291171213957,0.2244239359043984,0.7897643256684215
-0.2663293924294128,-0.23066954664993095,-0.022141739826825463,0.023473291171213957,-0.34404408633793687,0.7897643256684215
-0.32148921801464214,-0.2695988009998809,-0.027591988186598915,0.028923855523889888,0.14740507347075116,0.5025467420542717
1.3932944826847553,1.4498794267632482,-0.022160252971528443,0.023491805391714228,-1.3818563814373033,0.661272248788407
-0.306785480295686,-0.2707093359155514,-0.06370114733510915,0.06503510843201765,0.5397487757845995,-1.6515851350518502
0.1695808011723268,0.08692015757741021,-0.022609373944975086,0.02394095240653574,-1.202960103408811,0.5863185372750653
-0.323739726413036,-0.27319348844179964,-0.026674070410702792,0.028005884486509924,1.6489181559189454,0.5414914991544956
-0.323221925667343,-0.2619461211931537,-0.022459073780361733,0.02379064347062175,0.9632737238956829,0.4845956430783875
2.774158783010596,0.340957929743835,-0.0221417398244469,0.023473291171213957,0.32362686465853424,0.7897643256684215
-0.16731638701269713,0.19349425883470994,-0.024567184777054513,0.025898876758616435,-0.7389208128295824,0.5327801719083929
-0.3078422377452015,-0.2419355392221101,-0.022141739832442244,0.023473291171213957,0.5194204506380928,0.7897643256684215
-0.3123546995685183,-0.23531423670603707,-0.02455353538779925,0.025885226568083883,0.5887681859566756,0.45873389031652023
1.9792756791442259,0.3410999478357761,-0.022141739824462936,0.023473291171213957,-0.8732969625168644,0.7897643256684215
-0.30902662458146524,-0.2697571162499136,-0.022141739833011258,0.023473291171213957,1.2366969811420718,0.7897643256684215
-0.31577502840577526,-0.2683765141430109,-0.06370114733510915,0.065035108425184,0.5212607863796546,-1.6515851350518502
-0.2759005559785692,-0.2656083254328805,-0.022141739827290934,0.023473291171213957,-0.6917867495122292,0.7083860103110791
-0.15709112285645632,-0.12034942719700482,-0.038539242568097876,0.03987174469778289,0.7906790491334273,-0.3127805920762175
-0.3022095505979808,-0.20599099296836473,-0.022141739830519282,0.023473291171213957,-0.5287672441480202,0.7897643256684215
-0.08529196279291862,-0.10380548356858879,-0.02214173982499979,0.023473291171213957,-0.8157497955991948,0.7897643256684215
-0.267155168434433,-0.20030095662895453,-0.02214173982685963,0.023473291171213957,-1.1519011154000445,0.7897643256684215
-0.16771349475135655,-0.14150546656534374,-0.02718027731204491,0.02851212080971622,-0.7590180527796286,0.2932186726405695
-0.08094701453970884,-0.1938030468812893,-0.03048550781343749,0.03181754296008857,-0.6555922435744174,-0.4821992589085268
-0.309785117703254,-0.2713588940737737,-0.022141739833419962,0.023473291171213957,1.8438984679020312,0.7897643256684215
-0.2886378300484433,-0.2687955839225092,-0.06370114733510915,0.06503510843572978,0.5353620306397453,-1.6515851350518502
0.33416791267773477,-0.16749710555600467,-0.022141739824618815,0.023473291171213957,1.0228528987044594,0.7897643256684215
-0.3256392539978724,-0.2732004729381246,-0.06370114733510915,0.06503510729780405,0.5212607314901695,-1.6515851350518502
-0.2848051334371549,-0.26718682160232404,-0.022141739827919317,0.023473291171213957,-0.48238293836292423,0.74907516798975
-0.315015841646015,-0.25792305130997006,-0.03114415512856135,0.03247622845303348,0.45382008814957275,0.6019682133053237
-0.32576549610867767,-0.27355435408525647,-0.06370114733510915,0.023473291171213957,-1.5022865932213705,-1.6515851350518502
-0.32383059298729694,-0.270977074941342,-0.022141739898892978,0.023473291171213957,-0.39457666521101253,0.7897643256684215
-0.0977836890208968,0.04327636820810443,-0.02246860041675167,0.023800170715436678,-0.41285725490245906,0.6735095894436465
-0.3080766873795541,-0.2710096692575252,-0.06370114733510915,0.06503510843146329,0.5410586445089077,-1.6515851350518502
-0.2992945370229307,-0.23704406362918837,-0.043174911046528416,0.04450768196365866,0.3144917594089578,-1.0819369275504536
-0.28839713767234754,-0.25666817013691684,-0.04019597095677466,0.041528569146279046,0.5246413163656788,-0.28608458922525776
-0.24895376124440236,-0.26080764829218334,-0.02214173982627689,0.023473291171213957,-0.48782214928994033,0.6270076949537366
-0.31297411827702987,-0.27142873903702347,-0.022141739835668615,0.023473291171213957,-0.2862488478473022,0.5863185372750653
-0.18050452576401865,-0.15249207928452402,-0.027129011611270185,0.028460852136299158,-0.1952457636644617,0.46425106423905194
-0.3208410133303151,-0.2573037593024893,-0.022141739853669656,0.023473291171213957,0.0017995421883255282,0.7897643256684215
-0.24550221869842978,-0.17886553740761674,-0.023738016722784437,0.025069660625438518,0.7668474094204603,0.4235619065603806
4.025044344778929,1.8316613085479616,-0.02311120637463661,0.024442813934429052,-1.0527403409035516,0.6676968526324077
-0.3231917524155846,-0.27251599229827733,-0.022141739880402838,0.023473291171213957,0.6126080921963623,0.7897643256684215
0.37449012841551665,-0.16027048002510072,-0.022141739824606238,0.023473291171213957,1.0474832670242604,0.7897643256684215
-0.3135768896742264,-0.2691354960769911,-0.02214173983622587,0.023473291171213957,-0.32088592348391337,0.7897643256684215
0.7791342436348234,0.9576191102755761,-0.04339076270273857,0.044723546141006744,-0.7929244662084706,-0.38570022949319094
-0.3238441189277404,-0.2723949276953112,-0.06370114733510915,0.06503510836459085,0.5409848914329727,-1.6515851350518502
-0.07346092673275371,-0.1957936283339062,-0.027981680871116212,0.029313570837268748,-0.8301462667668105,0.04674492457964304
-0.27339374834972174,-0.2667235166794343,-0.06370114733510915,0.06503510843685985,0.5212607869481244,-1.6515851350518502
-0.3204508419713703,-0.2697641007462386,-0.02214173985152088,0.023473291171213957,0.6340322202207349,0.7897643256684215
-0.3253604115333465,-0.27267430754831007,-0.06370114733510915,0.0650351080837747,0.5212607697572372,-1.6515851350518502
-0.3224991549010843,-0.272436834673261,-0.02214173986852804,0.023473291171213957,2.130129203666165,0.7897643256684215
1.7925885682302103,-0.17246308244305944,-0.02214173982446845,0.023473291171213957,-0.9456212552229951,0.7897643256684215
-0.3233700173742492,-0.2731376124711999,-0.06370114733510915,0.06503510837943871,0.5356163396021586,-1.6515851350518502
-0.14778562265036818,-0.19802401082701376,-0.022141739825210244,0.023473291171213957,0.5146362637801187,0.7897643256684215
-0.10499995165695494,-0.211904533190174,-0.022141739825053294,0.023473291171213957,-0.9249240303742651,0.7897643256684215
-0.2831431768575427,-0.25949689114853036,-0.022141739827782104,0.023473291171213957,-1.1708657732739796,0.7897643256684215
-0.3168009189655609,-0.27250667963651076,-0.06370114733510915,0.06503510842353286,0.5212607862992646,-1.6515851350518502
1.3648324358019395,0.3646400286163719,-0.023718958346034644,0.025050601145328984,-1.334397081194601,0.33459747705955734
-0.2459052223598466,-0.229840719752701,-0.022141739826205258,0.023473291171213957,0.3227859098649869,-0.45195652073240644
-0.2974307317936244,-0.1814660982059478,-0.0221417398294873,0.023473291171213957,0.2161397917805577,0.7897643256684215
-0.2985128070290981,-0.20650318936552928,-0.022556387197106134,0.023887962581314336,-0.25203874963424894,0.7342791106520516
-0.3257488487973627,-0.27350313444554003,-0.06370114733510915,0.06503509978090205,0.5212603655098459,-1.6515851350518502
0.4888706830898734,-0.0013475788121389807,-0.02664011644845452,0.027971928626472256,-1.3001989185105238,0.5456293795963943
-0.3190861092625277,-0.27251599229827733,-0.06305161300548519,0.06438553642616857,2.35925415563884,-1.608754442758512
-0.3154347989807753,-0.268267090367253,-0.022141739838352603,0.023473291171213957,0.015356958019229199,0.7897643256684215
0.3514131399241112,-0.16496871788636494,-0.02214173982461325,0.023473291171213957,1.0582992278241905,0.7897643256684215
-0.16801626772589776,-0.2672357130765989,-0.06370114733510915,0.06503510843869842,0.5212607870376404,-1.6515851350518502
-0.2851318369217114,-0.2446175858108992,-0.02214173982794761,0.023473291171213957,-0.8194747178866564,0.7897643256684215
-0.3198903824904326,-0.2709258553016255,-0.022141739848933705,0.023473291171213957,-0.41931843861677526,0.7897643256684215
-0.27644159359630605,-0.2658108758263047,-0.02214173982732264,0.023473291171213957,-0.7170731482173851,0.6676968526324077
-0.2270830091853615,-0.0443907014974972,-0.033637998315631766,0.03497021625367588,-0.37956968631846305,-0.4784691604200314
-0.2119051699129141,-0.22560345864888492,-0.02819616516035853,0.029528067562354758,-0.6434690193675983,0.251839868221582
-0.3057304569410992,-0.2624746147484099,-0.022141739831594596,0.023473291171213957,0.9996149451005055,0.7897643256684215
-0.1707707041105555,-0.20199586107048095,-0.0221517831814226,0.02348333510965462,-0.975236231036076,0.731636957556034
-0.23531961327743364,-0.12814645326111476,-0.02214173982599402,0.023473291171213957,-1.0235323863017833,0.7897643256684215
-0.31812576749104476,-0.2609519945495661,-0.022141739843267037,0.023473291171213957,-0.5757613131925053,0.7897643256684215
-0.22505932040363424,-0.2109965486679277,-0.026292084381431317,0.02762387637809586,-1.0020497305596603,-0.024018827905002555
3.0870415309857897,1.42526838987949,-0.02214173982444264,0.023473291171213957,-1.4145579023836532,0.7897643256684215
-0.18169307442811108,0.4818771275964616,-0.022114727926275356,0.02344627770584545,-1.036590748269941,-1.4481393466584942
-0.2995432062356982,-0.26934735913218194,-0.022141739829897103,0.023473291171213957,-0.5342982633999617,0.6676968526324077
-0.324389318373306,-0.27266965121742676,-0.02513720124922454,0.02646892617847342,0.9210745778896725,-1.5563793065000848
0.295019332387659,-0.18257896128705994,-0.022921411592330708,0.024253008146968447,-1.0278152613384892,0.707006716830446
-0.2966965160008366,-0.26434413159806064,-0.028014480386031857,0.029346372249625927,-0.08182470464004866,0.5456293795963943
-0.2308668043196622,0.16592412367460543,-0.022141739825919243,0.023473291171213957,0.17915403615329073,0.7897643256684215
-0.311703026694334,-0.264660762098126,-0.023816538755797166,0.025148187202974966,0.5417722417609988,0.5863185372750653
0.22331693482113954,1.1327879499404216,-0.04281843730961312,0.04415118756235033,-1.198163218250025,-0.6750453507637415
-0.31188094483401285,-0.2713402687502405,-0.022141739834781436,0.023473291171213957,-0.30091590523016654,0.6676968526324077
-0.3073726448385248,-0.27038339275371936,-0.022646411610787065,0.02397799221237326,1.0934920400086803,0.74907516798975
-0.11149656489762595,0.007089692748426672,-0.02214173982507309,0.023473291171213957,-0.5449360338613445,0.7897643256684215
-0.2863557611223481,-0.2546380098717918,-0.04108361600904287,0.04241626566746662,0.5243237458362306,-0.3902212470130431
0.3088716294966511,-0.1638349013162779,-0.022155957253694757,0.023487509424656737,1.096452592807005,0.5863185372750653
0.17521314150056172,-0.19680870846646872,-0.02382218883518636,0.025153837619937797,-1.0481057645079805,0.6676968526324077
1.3473537993781677,5.144566230732016,-0.022143686769753052,0.02347523822937105,-1.3162700280129453,0.6676968526324077
0.4929354016026143,2.190520073394118,-0.04135600284569829,0.04268866830153118,0.5495386744670876,0.45873389031652023
-0.31943743689507087,-0.27248106981665254,-0.06370114733510915,0.06503510841683359,0.531685725885637,-1.6515851350518502
-0.32054933856331724,-0.2665977957455848,-0.022141739852032993,0.023473291171213957,-0.656271572018694,0.7897643256684215
-0.3071968076127603,-0.27056266149272695,-0.022141739832162718,0.023473291171213957,1.6456637480935152,0.7897643256684215
1.7080701686840565,2.162533196619957,-0.02229713429788637,0.023628694654936208,0.7949284001095444,0.74907516798975
-0.11613630928870519,0.02444616611598105,-0.022141739825087978,0.023473291171213957,-0.6640481086775354,0.7897643256684215
-0.3257630683757776,-0.2735473695889315,-0.06370114733510915,0.06503504906567233,2.5448023858299442,-1.6515851350518502
-0.26285773438226795,-0.21319899317573537,-0.022141739826691632,0.023473291171213957,0.16686527672133394,0.7897643256684215
-0.2876029221950287,-0.16461018040834974,-0.0584818604441072,0.05981551891258995,-0.4814283089762211,-1.2446935582651384
-0.32575058289229136,-0.2734542429712652,-0.06370114733510915,0.06503509877407553,0.5683195469482244,-1.6515851350518502
0.014999764224178995,-0.18934461006051578,-0.022141739824823384,0.023473291171213957,-0.4984677059198318,0.7897643256684215
0.26493243855670406,0.14266109458156678,-0.03638269624840971,0.03771507333471673,-1.303527977998773,-0.3467259405289465
-0.27847776786151957,-0.050003908377332686,-0.022214893309386745,0.023546448894843253,-0.9983105472848521,0.7483855212494339
-0.0037204841685019034,0.4141810610493954,-0.03542115764446326,0.03675347897724434,-0.8602948261819825,0.27579601814836424
-0.3055466428786629,-0.25796961461880324,-0.022141739831529193,0.023473291171213957,-0.30644360831180706,0.7897643256684215
-0.31133609220743297,-0.27086997933102575,-0.022141739834389447,0.023473291171213957,0.09330276724685953,0.7897643256684215
-0.31965558603709426,-0.27094913695604206,-0.02238708118753002,0.023718646736489532,-0.398679667018274,0.74907516798975
-0.2865354133569556,-0.26729624537808194,-0.022141739828074523,0.023473291171213957,-0.4707092807091687,0.6676968526324077
-0.31990009342203307,-0.27097009044501696,-0.022141739848974322,0.023473291171213957,-0.42877269271593904,0.7897643256684215
0.8143925553619799,0.07252743881708544,-0.022743436495457254,0.024075022730591224,-1.373716569191671,0.74907516798975
-0.32485405581418253,-0.2716825090701641,-0.06370114733510915,0.06503510828146218,0.5536005775744712,-1.6515851350518502
-0.2469272979107892,-0.16458224242304983,-0.022141739826228655,0.023473291171213957,-0.2235557664806381,0.7897643256684215
2.265318105813871,1.3049860505017128,-0.04798300151030238,0.049316051222479416,-1.347920012125794,-0.47300263677309834
-0.3233883987804928,-0.2731352843057582,-0.06370114733510915,0.0650351083789734,0.576765147558718,-1.6515851350518502
-0.3146471730641854,-0.27212486050407897,-0.06370114733510915,0.06503510842664761,0.5212607864509146,-1.6515851350518502
-0.32337452602106365,-0.2731073463204583,-0.06370114733510915,0.06503510837932523,0.5341757949685129,-1.6515851350518502
-0.32000587321268026,-0.27098405943766696,-0.02214173984942564,0.023473291171213957,-0.39930888048111046,0.7897643256684215
-0.3192088831834756,-0.2725741964343188,-0.022141739846383696,0.023473291171213957,2.396025787189649,0.7897643256684215
1.8911569517072218,4.996753335006642,-0.029457709383984333,0.030789684935863735,0.554885275287328,0.251839868221582
-0.25753822477916044,-0.2016512925851157,-0.022146387513693383,0.023477939127883277,-1.069769194428772,-0.3902212470130431
-0.27939267634587195,-0.1748145295391332,-0.022141739827508604,0.023473291171213957,-1.190738781422521,0.7897643256684215
-0.050211569205441065,-0.037615740062274756,-0.02523307246237722,0.02656480305478884,-0.024506484452630883,0.3828727488817096
-0.32574954243533416,-0.27350313444554003,-0.06370114733510915,0.06503509940443647,0.52126034718062,-1.6515851350518502
-0.3124563175313368,-0.24614719050606798,-0.022442808637444325,0.023774377430434906,-0.7949546179166717,0.6153822213312592
-0.1935518560071343,-0.20169087139762384,-0.022141739825490576,0.023473291171213957,0.04090860893572258,0.7897643256684215
-0.23427984995821882,0.3086453215790747,-0.02214173982597591,0.023473291171213957,-1.2998743212018697,0.7897643256684215
-0.3179273870312079,-0.2581209453725109,-0.03499941139970541,0.03633170826024299,0.27019765114868394,-0.5665409302872851
-0.30767437735610875,-0.27102131008473346,-0.06370114733510915,0.06503510843164449,0.540851136690508,-1.6515851350518502
-0.14324194711833582,0.4387525191206454,-0.022737477390730093,0.02406906327967133,-0.8021720129546654,0.3938698185245936
-0.21618456937782118,-0.22942164997320272,-0.02685472605963483,0.028186550680319042,-0.7870897865176726,0.454677144785247
-0.25422332891356497,-0.2443079398071588,-0.022141739826415104,0.023473291171213957,-0.18076784514592473,0.7897643256684215
0.2784129457129949,-0.16444022433110875,-0.02215564817240176,0.023487200325430686,1.0211105842040527,0.5863185372750653
2.514789510895377,0.31998581544538696,-0.022145317147201443,0.02347686870138976,0.3288586099563669,0.5863185372750653
1.5095284380188465,0.6213435502134942,-0.022990230624578598,0.024321831169734683,-1.4072487828510083,0.74907516798975
-0.32520122161889703,-0.2718617778091717,-0.022141740079836224,0.023473291171213957,0.4827051702171469,0.7897643256684215
-0.32090240029078915,-0.26454435382604313,-0.025736916096696236,0.027068675874581036,0.1933831900912396,0.3458826055374631
0.2932973761235157,-0.20126481712180058,-0.022141739824633234,0.023473291171213957,-1.1895697145672095,0.7897643256684215
-0.06655263935602271,-0.2042076182400553,-0.02214173982495646,0.023473291171213957,-1.2956435324652065,0.26080527584569585
-0.32186933162300085,-0.2724740853203275,-0.06370114733510915,0.06503510840261573,0.5212607852808583,-1.6515851350518502
-0.32225013886933107,-0.27148228684218156,-0.06370114733510915,0.06503510839860802,0.6214798837351175,-1.6515851350518502
-0.3164582618076609,-0.27250667963651076,-0.06370114733510915,0.06503510842412484,0.5212607863280868,-1.6515851350518502
0.3781518432668408,0.44596983198978274,-0.022141739824605166,0.023473291171213957,-1.336717018360725,0.7897643256684215
-0.2750539708344053,-0.24463853929987414,-0.02367969285677417,0.025011333376562937,0.28224474386567244,0.707006716830446
-0.24562395216242056,-0.2610660746562073,-0.022141739826198922,0.023473291171213957,-0.47163267257563707,0.7083860103110791
1.1281857031747116,-0.19562367225666522,-0.02214173982449954,0.023473291171213957,-1.0918686569898226,0.7897643256684215
-0.03270414680585371,-0.21677039896323752,-0.024403462235791235,0.025735144724573777,-0.9982424977309194,0.5456293795963943
1.7825367135668342,-0.16452869461789174,-0.02214173982446877,0.023473291171213957,-0.9919147341343367,0.7897643256684215
-0.24584903768415856,-0.2613547671709728,-0.02214173982620399,0.023473291171213957,-0.5469750272617272,0.6676968526324077
-0.22446972812789537,-0.2157809286505332,-0.022197660636691745,0.023529215224563728,-0.881000714872876,0.7445541504698979
-0.29317422238177543,-0.0869705192599656,-0.022141739828822934,0.023473291171213957,-1.0890584590548968,0.7897643256684215
-0.32574954243533416,-0.27350313444554003,-0.06370114733510915,0.06503509940443647,0.52126034718062,-1.6515851350518502
-0.23916999765699426,-0.23140990326037794,-0.02214173982606488,0.023473291171213957,1.5209953893284234,0.7897643256684215
-0.3179613752918093,-0.27105390440091665,-0.06370114733510915,0.0650351084211419,0.5320520796469245,-1.6515851350518502
-0.32245233433801096,-0.26845567176802726,-0.024591017205289164,0.025922710526140577,0.13383608542439543,0.7219490628706361
-0.307785359431542,-0.2695382686983978,-0.058450407232440806,0.059784063872918194,0.46868438639199644,-1.2446935582651384
-0.3235999583617874,-0.27315158146384977,-0.06370114733510915,0.06503510837304938,0.5283905151506599,-1.6515851350518502
0.5171707655063539,0.86734682344076,-0.03356427196302512,0.03489648562745088,-1.3320640337625687,-0.32746339364424526
0.19020647307260133,-0.19986558969136461,-0.022786699283371292,0.024118288026877883,-0.7470112748888433,0.6942925590480755
-0.31990217433594736,-0.2711772971693245,-0.022141739848983048,0.023473291171213957,-0.41474657863706943,0.7897643256684215
-0.2427918283249596,-0.2607261625017253,-0.022141739826137534,0.023473291171213957,-0.5060674613927427,0.74907516798975
-0.307483626913958,-0.25879378518514984,-0.0221417398322845,0.023473291171213957,0.5810309244353314,0.7897643256684215
-0.31949743657960195,-0.27240424035707783,-0.06370114733510915,0.06503510841661554,0.5312256903362589,-1.6515851350518502
-0.2691198979885864,-0.21827439383854808,-0.02471145161373692,0.02604315195875233,-0.6241015470759168,0.6066631161144012
-0.1209962837357222,-0.2409367562476392,-0.022141739825104298,0.023473291171213957,-0.3266898801875396,0.5863185372750653
-0.04064699521701358,-0.17944990693347268,-0.022978240082870128,0.024309839932346256,-0.8197317073484625,0.74907516798975
1.3715739032465348,1.8845129922390216,-0.018301247549581474,0.019632576211331063,-1.0501484959541296,0.13873780280968218
-0.2731471600508686,-0.2566542011442669,-0.022141739827139677,0.023473291171213957,-1.149852680254364,0.7897643256684215
-0.3201768549726446,-0.2723018010776449,-0.02425659116815284,0.025588265115544153,1.6208127810443014,0.6242491079924707
-0.16441732711099047,-0.11738101625889188,-0.03162828653750988,0.03296038794610559,0.06391906210792657,0.34218359120303826
-0.32150725260190005,-0.27158239795617284,-0.06141297666770751,0.06274680506233801,1.2259918972706756,-1.4990007937568333
-0.03583939043684161,-0.19498109859476784,-0.02902583481143279,0.030357785321303787,-0.8275206677357186,0.32913235194761553
-0.3181604493896176,-0.2682414805473948,-0.022141739843353075,0.023473291171213957,-0.4231474535607664,0.7897643256684215
0.690665575841219,1.8157902047321843,-0.02677307774083549,0.028104897628442368,0.35907250394245377,0.5281911691626782
-0.2934225447755572,-0.24017777431365894,-0.02214173982885689,0.023473291171213957,0.5988558523964669,0.7897643256684215
-0.28875019939981944,-0.2687792867644176,-0.06370114733510915,0.065035108435718,0.5353669188429533,-1.6515851350518502
-0.26378582198807815,-0.20128809877621714,-0.022141739826725942,0.023473291171213957,0.3960834523746499,0.7897643256684215
-0.31946587605190063,-0.27252297679460236,-0.06370114733510915,0.06503510841673074,0.5317327884809584,-1.6515851350518502
-0.31984737693620224,-0.2643930230723354,-0.022141739848755428,0.023473291171213957,-0.3935097533977683,0.7897643256684215
-0.2532598657712105,-0.25919422964111494,-0.022141739826388333,0.023473291171213957,-0.625186016806048,0.7897643256684215
0.4247053557212112,0.27127128174415177,-0.02549867180232571,0.026830417795433544,-1.0097174878675734,0.7055798615056535
-0.30023684420715574,-0.2022705845925965,-0.029901663978910455,0.031233665267226093,-0.9077142269669096,-1.2446935582651384
-0.27896816990733997,-0.06293919557118005,-0.05393692111315569,0.05527031605108802,-0.5443284988378814,0.6656279124114585
0.3394901968327282,-0.1598374412529525,-0.022141739824617066,0.023473291171213957,1.0793217855473147,0.7897643256684215
-0.27958446724498,-0.23294416428643003,-0.023237560367032613,0.02456917525017688,1.1494364193158118,0.6461555338613466
-0.24526013904639116,-0.14807554944170034,-0.023643697261160383,0.024975335694852392,0.6336030814003297,0.251839868221582
-0.30426271899349505,-0.17170177234363757,-0.06370114733510915,0.06503510843290866,0.5212607867557504,-1.6515851350518502
-0.288863262389167,-0.26878161492985925,-0.06370114733510915,0.06503510843570606,0.5354862097253997,-1.6515851350518502
-0.2948580285574885,-0.2654616510100561,-0.02423003978094814,0.025561712209927142,0.647259916224814,0.6676968526324077
-0.30541450484510024,-0.20651017386185427,-0.022141739831482904,0.023473291171213957,0.4272890658424557,0.7897643256684215
-0.24566002133693637,-0.007966553162770383,-0.025152912975592728,0.026484638918804707,-0.7392203786064236,-0.43091040469171443
-0.32574954243533416,-0.27350313444554003,-0.06370114733510915,0.06503509940443647,0.52126034718062,-1.6515851350518502
-0.3140756153757044,-0.26380166905015445,-0.022702753615041732,0.02403433747903781,-0.2962989422548716,0.7483855212494339
-0.3257648024707062,-0.27354969775437316,-0.06370114733510915,0.06503490063156489,2.5447879320130027,-1.6515851350518502
-0.2847992375143975,-0.11269907555571929,-0.028256377002550213,0.029588282893583943,-0.5220687300618424,-0.1867754586196873
-0.3168838087031501,-0.2537509788385204,-0.022141739840628845,0.023473291171213957,1.100376673068216,0.7897643256684215
-0.22420787979367013,-0.07975786272171163,-0.02214173982581966,0.023473291171213957,0.1318454278203008,0.7897643256684215
-0.05565628046239676,0.24685348259205114,-0.022142913790855794,0.02347446520520631,-0.5361832116868295,0.3014944335243672
0.10852193145883707,-0.07910597639804762,-0.022141739824732297,0.023473291171213957,-0.0720923883038069,0.7897643256684215
-0.28868673152543106,-0.2685720800401101,-0.06370114733510915,0.06503510843572466,0.5353238459178838,-1.6515851350518502
-0.31514381785174894,-0.25060562732684155,-0.04050870191182179,0.04184131822483146,1.2804379362971738,0.2932186726405695
-0.32537046928393265,-0.27309570549325,-0.06370114733510915,0.06503510807471476,0.7611017648758858,-1.6515851350518502
-0.28652917061521255,-0.25674965592737486,-0.06370114733510915,0.06503510843593843,0.5345684209132047,-1.6515851350518502
1.0015371205181718,0.03875274275496454,-0.022141739824508996,0.023473291171213957,0.32211743480705723,0.7897643256684215
-0.28446455719316927,-0.26392273365312063,-0.0221417398278903,0.023473291171213957,-1.2295915572690372,0.7897643256684215
-0.2789227366202095,-0.25456816490854206,-0.022141739827477424,0.023473291171213957,-0.2141224358914139,0.7897643256684215
-0.3136143461246851,-0.26285177754995837,-0.029236351557080993,0.030568314262073057,0.44964305757260625,0.2811498546850314
0.937412024151854,0.9018525634515613,-0.025684919732917557,0.027016676525400303,-1.1665422073167904,0.5863185372750653
-0.11533272969877166,0.07379861714823029,-0.02450803646283097,0.025839725014994503,-0.18462674814414068,-0.10539714326234492
-0.1792819888393248,-0.20186082747486483,-0.02214173982538438,0.023473291171213957,-1.1889063157289812,0.7897643256684215
-0.03967000613421563,0.7180252765091926,-0.0228315476078216,0.02416313895156414,-0.6494860594026727,0.618441556495069
-0.32232851996010575,-0.27238095870266127,-0.06370114733510915,0.0650351083976729,0.5212607850402043,-1.6515851350518502
-0.3206502628881643,-0.27239027136442784,-0.028935402571432497,0.030267347810048285,1.5325542788353792,0.3759762814785449
2.309383192045638,1.5992056300256992,-0.022141739824455102,0.023473291171213957,1.0206442542520802,0.7897643256684215
-0.27958377360700853,-0.1912141269101665,-0.027158531280359176,0.028490373514911387,-0.16182588257382044,0.251839868221582
-0.25278021511394766,-0.2586936740711586,-0.022141739826375267,0.023473291171213957,-0.6003530572889602,0.7897643256684215
-0.32095372950067697,-0.2718967002907966,-0.06370114733510915,0.06503510840965555,0.5212607856236111,-1.6515851350518502
-0.31929905611976506,-0.2706208656287684,-0.027774382524257138,0.029106260448817204,0.18166948808458483,0.08632465054563127
-0.18700738174643275,-0.19537688671984957,-0.022141739825439162,0.023473291171213957,-0.7139746673926005,0.7897643256684215
-0.3232604225747589,-0.2730980336586917,-0.06370114733510915,0.06503510838207124,0.4996889792040833,-1.6515851350518502
-0.28847066329732207,-0.2688584443894339,-0.06370114733510915,0.0650351084357472,0.5352235536100188,-1.6515851350518502
0.09859458481133725,-0.195027661903601,-0.022662158826940067,0.023993740349101424,-1.0967925567377461,0.7409373364540159
-0.3197918858984857,-0.25993691441700356,-0.06370114733510915,0.065035108415482,0.4613438581695019,-1.6515851350518502
-0.26744580274447366,-0.25585098406689516,-0.022141739826871884,0.023473291171213957,1.182419117095853,0.7897643256684215
0.35849518361269234,-0.172737805965175,-0.02214173982461105,0.023473291171213957,0.9253893410264982,0.7897643256684215
-0.31134476268207617,-0.27139381655539857,-0.022141739834395456,0.023473291171213957,-0.3857828898120909,0.6676968526324077
-0.28891459159905486,-0.2653615398960648,-0.02278867321450183,0.024120262068831562,0.6831003942118866,0.74907516798975
0.3140811974812827,-0.16948070251229658,-0.02214173982462567,0.023473291171213957,1.0274127914017201,0.7897643256684215
-0.32455162965862705,-0.27151488115836475,-0.029954908532831476,0.03128691279534819,-1.0894829288188956,0.3828727488817096
-0.10175233867459092,-0.17731032289258974,-0.06370114733510915,0.023473291171213957,-0.7018063527949595,-1.6515851350518502
-0.2448377135217735,-0.2610311521745824,-0.02214173982618145,0.023473291171213957,-0.5530509348192384,0.7083860103110791
11.00229043408036,1.6432708173399446,-0.02397045776940223,0.025302115151572515,-1.4091335135116372,0.707006716830446
-0.311706841703177,-0.25569499698230413,-0.04194438330888104,0.04327708287096414,0.26197755462359784,-0.973432507073997
-0.24636822570579447,-0.26116152943931525,-0.022141739826215784,0.023473291171213957,-0.48444040475096434,0.6676968526324077
-0.3164596490836038,-0.2724601163276776,-0.06370114733510915,0.06503510842412254,0.5212607863279745,-1.6515851350518502
-0.3151497137745063,-0.2588938962991411,-0.02214173983797792,0.023473291171213957,0.32471707837186936,0.7897643256684215
-0.3247704724386219,-0.2725881654269688,-0.02214173996925718,0.023473291171213957,0.7124010164008365,0.7897643256684215
2.7119287055823005,0.35358357093394194,-0.022144363760763904,0.023475915259674875,0.1945992898152495,0.5863185372750653
-0.2928839348907204,-0.20290617375816894,-0.022642772460493222,0.023974352854522173,-1.1853796381899147,0.6836186969414532
-0.29291931042726477,-0.2589358032770909,-0.032611127986852916,0.03394328638048829,0.883528051478506,0.003567041707655898
-0.30367659490761345,-0.2535507566105379,-0.06121175905392749,0.06254557580859221,0.6914306684915872,-1.2791758952809613
-0.2727441563894518,-0.16005861696990992,-0.022141739827118857,0.023473291171213957,-0.36216743271913665,0.7897643256684215
0.006860616267096636,0.229522619044355,-0.023735083648273175,0.025066727382220023,-1.017834652463077,0.05735948745233981
1.6198838115448353,0.6703607454221449,-0.06370114733510915,0.023473291171213957,-1.200847925482983,-1.6515851350518502
-0.18060718418379437,-0.037343344705600884,-0.02214173982539336,0.023473291171213957,-0.26028677835513003,0.7897643256684215
-0.32423324982972807,-0.26821587072753655,-0.06370114733510915,0.06503510834553834,0.5359175312622265,-1.6515851350518502
-0.32007523700982604,-0.2721458139930539,-0.02236464640539068,0.02369621065176432,2.3558598754854376,0.45873389031652023
-0.30084065606130944,-0.26179944677032935,-0.02214173983018323,0.023473291171213957,-0.22689452001011373,0.7897643256684215
0.35870223454717237,-0.16798834846419433,-0.022141739824610984,0.023473291171213957,1.02867665409531,0.7897643256684215
-0.31910379703079983,-0.272362333379128,-0.022141739846036918,0.023473291171213957,2.3096687571941996,0.7897643256684215
-0.24004086013015913,-0.17185543126278693,-0.02227356022582884,0.023605119214362126,0.0850389408201234,0.7483855212494339
-0.29896783353837425,-0.2650961290357159,-0.053612366787430636,0.054945742904285715,0.49834539011095264,-1.0519554429451168
-0.20237389054711657,0.14330366824346416,-0.021968741597665317,0.023300282912277228,-0.6163600425153603,0.22011611816702484
-0.3214857498247849,-0.27025301548898656,-0.06370114733510915,0.06503510840593162,0.521260785442301,-1.6515851350518502
-0.2747942034140945,-0.25475674630931633,-0.024891479080716258,0.026223189864061414,0.9298860601233728,0.5080701571237746
-0.31962263823345005,-0.27223195611439516,-0.026900235691593635,0.028232062928933235,2.3745797552683703,0.4235619065603806
-0.29926679150407237,-0.23731878715130392,-0.029397298192679742,0.030729270236335402,0.13477263922348673,0.044945846126643714
-0.16552333285647947,-0.18474881147868447,-0.025197840522550054,0.026529569071715945,2.0618028056048248,0.16198875005463734
-0.2481644012328837,-0.2591756043175817,-0.022141739826257802,0.023473291171213957,-0.5416417253951179,0.7897643256684215
0.27837271471065034,0.06997576949302915,-0.02245974447732645,0.023791314262907245,0.5374926959266784,0.74907516798975
-0.18366335308603612,0.05227472764010953,-0.02247139124075288,0.02380296170087739,-0.6258786565060366,0.707006716830446
2.8997689896238636,1.429866516626763,-0.025450614630855555,0.026782357837590327,-1.352090907364612,0.41735508589753245
-0.3150654367609742,-0.2699829482977544,-0.02214173983787098,0.023473291171213957,-0.31053708303736016,0.7897643256684215
0.34564137836361336,-0.16876595572170783,-0.02214173982461508,0.023473291171213957,1.0337882626046735,0.7897643256684215
-0.3228744130436428,-0.27211089151142903,-0.06370114733510915,0.06503510838975396,0.521260784654649,-1.6515851350518502
-0.23311037633834147,-0.19972124343398187,-0.05694385651591821,0.05827742580785362,0.10607140530504695,-1.6210682667928469
-0.32295001958253167,-0.26789225573114617,-0.02214173987559455,0.023473291171213957,0.49234584299965445,0.7897643256684215
1.7176031821447826,0.46546356123277843,-0.022141739824470947,0.023473291171213957,-1.339201920181917,0.7897643256684215
-0.3210550006445098,-0.2697641007462386,-0.022141739854999294,0.023473291171213957,-0.9033570936755914,0.7897643256684215
-0.3064754241224445,-0.2648539998297836,-0.030819750596751818,0.03215180511706782,0.6712987118328618,0.1277034549646188
-0.31412243593877776,-0.26452107217162657,-0.022141739836779962,0.023473291171213957,-0.06649681679315991,0.7897643256684215
-0.3193819458573543,-0.27259282175785204,-0.02214173984697968,0.023473291171213957,2.3530735879113855,0.7897643256684215
-0.10515463292458999,-0.1269800423748445,-0.02214173982505375,0.023473291171213957,-0.1346111233870278,0.7897643256684215
-0.10258158286946839,-0.024212491614654306,-0.022141739825046226,0.023473291171213957,0.001953947899909172,0.7897643256684215
-0.2952221884925037,-0.21601840152558224,-0.022141739829119475,0.023473291171213957,-0.6167390438777867,-1.4481393466584942
-0.3181722412351324,-0.2268001356858967,-0.06370114733510915,0.06503510842062897,0.2833594910760235,-1.6515851350518502
0.26929715549210037,-0.16337392455882976,-0.06370114733510915,0.023473291171213957,-1.2341570388953853,-1.6515851350518502
-0.2409391213031966,0.21533012251201275,-0.022141739826099592,0.023473291171213957,-1.1439811033176936,0.7897643256684215
-2.018695438879335,-0.18730979346450738,-0.06480198092597388,0.06613600586068788,-1.0542414361473038,-0.6750453507637415
-0.32576549610867767,-0.27355435408525647,-0.06370114733510915,0.023473291171213957,-1.5022865932213705,-1.6515851350518502
-0.2818922007760191,-0.24201236868168483,-0.02931415595313879,0.030646123178075045,-0.8280160744326525,0.1674595611710973
-0.3099696254036617,-0.26761054771270565,-0.06370114733510915,0.06503510843048674,0.5959469902945089,-1.6515851350518502
-0.2796389178257394,-0.17335476980721415,-0.02672705810635652,0.028058875322603212,-0.21432703845349857,0.4506880116794949
-0.30334572959522826,-0.2526288030956416,-0.02214173983082937,0.023473291171213957,-0.31590509297944847,0.7897643256684215
-0.32576410883273477,-0.2735520259198148,-0.06370114733510915,0.06503500453532877,2.544798049674021,-1.6515851350518502
0.5480931462739294,0.34487157585126066,-0.02217758170212019,0.023509135127004397,-1.1169993697689358,0.707006716830446
-0.26287542215054016,-0.20253366728750377,-0.026310881752561726,0.027642674838301972,0.25022546667703965,0.504940221917723
-0.3003818145431903,-0.26946376740426475,-0.022141739830078697,0.023473291171213957,-0.5210637961567584,0.6676968526324077
-0.11768867106882706,0.012241922870814069,-0.02214173982509311,0.023473291171213957,-0.8858911489839042,0.7897643256684215
-0.3131738860128096,-0.2646491212709177,-0.022141739835847385,0.023473291171213957,-0.4234626224626447,0.7897643256684215
-0.32170806079463704,-0.2581046482144193,-0.02569412959196848,0.027025886883058754,-0.772363528208845,0.5080701571237746
-0.2660547117927156,-0.18825735679926184,-0.03239768055183666,0.03372982657102849,1.384677202978356,-1.204004400586467
-0.3146659012894147,-0.27214814215849553,-0.06370114733510915,0.06503510842662574,0.5212607864498494,-1.6515851350518502
-0.29385017258496077,-0.16051260923103305,-0.022141739828916606,0.023473291171213957,-0.8940987115140548,0.7897643256684215
-0.19240908744915808,-0.1903596901930783,-0.022141739825481236,0.023473291171213957,-0.9756242238710848,0.7897643256684215
-0.30837980717308106,-0.24272944363771523,-0.03092219994276913,0.03225426040263281,-0.8238821314009359,0.4845956430783875
-0.3029312809072824,-0.25551572824329655,-0.022141739830712687,0.023473291171213957,0.8299916823239444,0.7897643256684215
-0.32198551598322,-0.26777351929362164,-0.022141739862531803,0.023473291171213957,0.47540188051163124,0.7897643256684215
-0.318631776391223,-0.25944567150881387,-0.022141739844605282,0.023473291171213957,0.12351650807852768,0.7897643256684215
-0.32576514928969197,-0.2735520259198148,-0.06370114733510915,0.06503469282559564,2.5447676968427277,-1.6515851350518502
-0.3128676448484111,-0.260565519086251,-0.023710736262727312,0.025042378574186345,1.0412812847595299,-0.1867754586196873
-0.3235541782556711,-0.2731539096292914,-0.06370114733510915,0.06503510837442739,0.35876764446513837,-1.6515851350518502
-0.3194495755595714,-0.27264869772845185,-0.022141739847221457,0.023473291171213957,2.399245205043478,0.7897643256684215
-0.09435642380392531,0.016765548323954,-0.02282975318071222,0.02416134442028864,-0.48683873281562684,0.6716345130529245
-0.19600455987420803,-0.22588516666732544,-0.02246897575619941,0.02380054607616932,-0.6304888209154693,0.74907516798975
-0.26045982791493943,-0.15638710006841652,-0.022141739826607505,0.023473291171213957,-1.1971086660799253,0.7897643256684215
-0.3013442372285876,-0.259736692189021,-0.022141739830302473,0.023473291171213957,0.5857188819928821,0.7897643256684215
-0.32002252052399527,-0.2710795142207749,-0.022141739849498184,0.023473291171213957,-0.3924455824829218,0.7897643256684215
-0.2883360975308593,-0.26866753482321803,-0.06370114733510915,0.06503510843576107,0.5351358546406466,-1.6515851350518502
-0.1815227863061183,-0.19939064394126657,-0.02284481889508029,0.02417641100784234,1.225465512253756,0.6787938956356819
-0.3097483548907667,-0.2585539841446592,-0.028545324351125858,0.029877246990842002,-0.336259204940478,0.6676968526324077
-0.31942009594578447,-0.2675174210950394,-0.025839745716729208,0.027171511463953905,-0.020018229862996208,0.5080701571237746
-0.18880216999757904,-0.2008178093570024,-0.022141739825452773,0.023473291171213957,-1.243779110981671,0.7897643256684215
-0.28868673152543106,-0.2685720800401101,-0.06370114733510915,0.06503510843572466,0.5353238459178838,-1.6515851350518502
-0.2887314711745901,-0.2688910387056171,-0.06370114733510915,0.06503510843571997,0.5354355863937152,-1.6515851350518502
0.06549556808932808,-0.20070838558124454,-0.022141739824768795,0.023473291171213957,-1.2241878849610326,0.7897643256684215
-0.3105117034783557,-0.2664767311426186,-0.06370114733510915,0.06503510843016244,0.5216288549008563,-1.6515851350518502
-0.29107319296623063,-0.25448667911808404,-0.0221417398285551,0.023473291171213957,0.24832565489617547,0.7897643256684215
-0.3232846999037599,-0.27252297679460236,-0.024825990720346025,0.02615769765117424,0.9266492075610269,0.3759762814785449
-0.20459595978868067,0.3322552473229204,-0.02214173982558994,0.023473291171213957,-1.314466107304835,0.7897643256684215
2.7014842518270785,0.3057933189130447,-0.022141739824448017,0.023473291171213957,0.2628237098469631,0.7897643256684215
0.3116888401177257,0.3508107258929282,-0.024190787115630635,0.025522457273042417,-0.3259116845208251,0.7378207201211815
-0.20782102953697235,-0.2510107281136899,-0.022141739825622467,0.023473291171213957,0.019002135786823773,0.7897643256684215
-0.14734828390936422,-0.19870616330141935,-0.023304894930726218,0.024636513720473957,-0.07937332958560536,0.74907516798975
-0.04520142213760354,0.29521646331159607,-0.022141739824914144,0.023473291171213957,-0.7680138787415325,0.7897643256684215
-0.3050697667732859,-0.20673600590969501,-0.02771057368251937,0.029042447922549074,-0.062238949604191435,0.22637598857912808
-0.30285394027346485,-0.20729243745025108,-0.06370114733510915,0.023473291171213957,-0.7414117041909115,-1.6515851350518502
-0.31676970525684534,-0.2724880543129775,-0.06370114733510915,0.06503510842358864,0.5212607863019812,-1.6515851350518502
-0.324095215873408,-0.27245080366591096,-0.06370114733510915,0.06503510835331272,0.5212607828804108,-1.6515851350518502
-0.14663522407470592,0.1449915881886656,-0.05370627457962703,0.05503965614615387,0.40774906234397373,-0.2952798790961437
-0.30752767292514555,-0.2564237127655429,-0.022141739832303536,0.023473291171213957,-0.3833440854574081,0.7897643256684215
-0.28960198682876925,-0.2153246082239684,-0.02584921267466829,0.027180978989550263,0.11419148884855697,0.26080527584569585
-0.2699387376138919,-0.2538021984782369,-0.032616017964234384,0.033948176643213965,0.7816337389608056,-0.26815377397702966
-0.3196233318714215,-0.26339424009786444,-0.02997724869032336,0.031309254343479455,0.45453285429469575,0.7483855212494339
0.8658736719655843,-0.20058964914372002,-0.02214173982452136,0.023473291171213957,-1.252574613970177,0.7897643256684215
-0.1804483410883306,-0.1995070522133494,-0.022141739825392272,0.023473291171213957,-1.0560340275164983,0.7897643256684215
-0.15178791374567796,-0.19275770059798522,-0.02433736180328247,0.02566904045899744,-0.22230427103576464,0.1794269604883535
1.0275596426553715,0.7251820570768468,-0.020536528174348728,0.021867986445351643,-1.2505045261253398,0.34218359120303826
2.353178106287522,0.6848279654766026,-0.027546191822599906,0.02887805653811392,-1.3792787891346567,0.26080527584569585
-0.2915500690716077,-0.2539837953826861,-0.022659889656122926,0.023991471042836762,1.765171697282637,0.7083860103110791
-0.25920226227268695,-0.22968938899899327,-0.022141739826565802,0.023473291171213957,0.09365098575906841,-0.8784911391570975
-0.32576410883273477,-0.27354504142348984,-0.06370114733510915,0.06503500453532877,0.5212557282263254,-1.6515851350518502
-0.313959777834471,-0.2717989173422469,-0.06370114733510915,0.06503510842740248,0.6402720042954667,-1.6515851350518502
-0.31508034997736056,-0.263499007542739,-0.02214173983788978,0.023473291171213957,0.8589237121536396,0.7897643256684215
-0.3127018653732328,-0.2714915995039482,-0.022141739835433782,0.023473291171213957,-0.29697932127414256,0.6676968526324077
-0.32574954243533416,-0.27350313444554003,-0.06370114733510915,0.06503509940443647,0.52126034718062,-1.6515851350518502
-0.3189407921075073,-0.26252816255356803,-0.06370114733510915,0.06503510841849122,0.5212607860537992,-1.6515851350518502
-0.30324966073618137,-0.26975478808447195,-0.02214173983080194,0.023473291171213957,1.164939672557943,0.7897643256684215
-0.31500300934354303,-0.27021110851103675,-0.055267930365187755,0.05660140246931105,0.48030990493929043,-0.95986945451444
-0.2559820479901955,-0.0963320725008692,-0.025798661997036572,0.027130425382736342,-0.671848735396825,0.3014944335243672
-0.3247056172882906,-0.27252297679460236,-0.06370114733510915,0.06503510830361146,0.5305309582195875,-1.6515851350518502
-0.29300150652688245,-0.24362811549819488,-0.022141739828799627,0.023473291171213957,0.07281167128044516,0.7897643256684215
-0.3146440516933138,-0.24932746449937174,-0.031114072082563237,0.03244614366316494,-0.13886735583704335,-1.2853827159438094
-0.3200232141619668,-0.2712587829597825,-0.022141739849501216,0.023473291171213957,-0.3994001072136448,0.7897643256684215
-0.3213161553407635,-0.2707163204118764,-0.022141739856795302,0.023473291171213957,-0.36030490938182586,0.7897643256684215
-0.32576549610867767,-0.27355435408525647,-0.06370114733510915,0.023473291171213957,-1.5022865932213705,-1.6515851350518502
1.9828191287214165,0.25394973085822226,-0.024429611476098415,0.02576129548153346,-1.1567827561449928,0.47475149202709604
-0.016077991449003036,-0.19293929750243446,-0.025101602077873517,0.02643332504723677,-0.1491426625185663,0.5414914991544956
-0.3159158369139811,-0.2695080025476563,-0.06370114733510915,0.06503510842497774,0.5212607863696123,-1.6515851350518502
-0.31412451685269216,-0.267282276385432,-0.02241909146137998,0.023750658877614895,-0.3362072421661199,0.74907516798975
-0.3177851912470591,-0.2602535449170689,-0.02333018356824031,0.024661803807055804,-0.28305752462791434,0.6656279124114585
-0.3233197286213185,-0.2640857052340366,-0.0221417398833332,0.023473291171213957,0.35196229404163637,0.7897643256684215
-0.3029500091325117,-0.15495062199091406,-0.030000659483444596,0.031332666511189336,-0.7484817426600038,-1.3990317425635463
0.07516210685955985,-0.1231688355468517,-0.027223034875615938,0.028554880853070626,-0.9236325702677882,0.23700595720345438
-0.2898738929135806,-0.26091707206794124,-0.024486604744460457,0.025818292050607965,0.7178902748887367,0.5414914991544956
-0.32576549610867767,-0.27355435408525647,-0.06370114733510915,0.023473291171213957,-1.5022865932213705,-1.6515851350518502
2.187234238909943,0.8841887722457081,-0.034024442467310415,0.035356682814121715,-1.3011426009933207,-0.3467259405289465
-0.30766813461436565,-0.270392705415486,-0.02214173983236488,0.023473291171213957,1.2749382426392528,0.7897643256684215
-0.31978009405297086,-0.2706488036140683,-0.02214173984848165,0.023473291171213957,-0.39143435832237705,0.7897643256684215
-0.2885604894146258,-0.26886775705120053,-0.06370114733510915,0.06503510843573786,0.5352761278715941,-1.6515851350518502
-0.3077468625241261,-0.23982389316652705,-0.022541703333792344,0.02387327786386898,-0.6313908120519268,0.723781907811117
-0.31373989459751894,-0.2552573018792726,-0.0234745558120042,0.024806184428096054,-0.08112301846970686,0.7083860103110791
-0.30809680288072644,-0.22620878166371577,-0.022141739832558106,0.023473291171213957,-0.326726513611855,0.7897643256684215
-0.3250753263270775,-0.2711307338604913,-0.06370114733510915,0.06503510823075882,0.5985419830091541,-1.6515851350518502
-0.27004174285265337,-0.2615177387518888,-0.02472757919351052,0.026059280473616487,-0.17605078637248453,0.6656279124114585
1.9904918051426939,3.5570367793748083,-0.03058197640507035,0.031914017145829414,-1.2869480025824747,0.02385076936402248
-0.3257571724530202,-0.27350313444554003,-0.06370114733510915,0.06503509112219553,0.5212599439377387,-1.6515851350518502
-0.30016505267710986,-0.2694241885917566,-0.022141739830030618,0.023473291171213957,-0.5557987947672116,0.7083860103110791
-0.32522411167195514,-0.2723018010776449,-0.024058637798260833,0.025390300027174614,0.7092264168251637,0.24724222328613887
-0.24528233546147774,0.08072956566804373,-0.022141739826191286,0.023473291171213957,-0.6399588107661092,0.7897643256684215
-0.194356476054025,-0.1889069149574842,-0.02214173982549725,0.023473291171213957,0.9318791167055982,0.7897643256684215
-0.30725368592641983,-0.27093283979795046,-0.06370114733510915,0.06503510843182556,0.5212607867030171,-1.6515851350518502
-0.3105117034783557,-0.2664767311426186,-0.06370114733510915,0.06503510843016244,0.5216288549008563,-1.6515851350518502
0.9773662649457776,0.3731331761475374,-0.02979902949196028,0.031131024834710377,-0.9599191555818897,0.08632465054563127
-0.3194429859988426,-0.2709211989707422,-0.02472011010878998,0.026051810935600855,-0.42890737452685346,0.74907516798975
4.107721829148835,0.4266809813056528,-0.022141739824432915,0.023473291171213957,-1.1506858115256828,0.7897643256684215
-0.2829874551329505,-0.22045588485738085,-0.022141739827769794,0.023473291171213957,0.07994686385938203,0.7897643256684215
-0.257781691707142,-0.22408316661548275,-0.023105136338726018,0.024436743544469713,0.5375403397746481,0.7077021589215216
-0.29898378721171776,-0.26937762528292347,-0.022141739829782285,0.023473291171213957,-0.5881644398516129,0.7083860103110791
-0.29467594858998086,-0.21345974770520096,-0.047711053797655244,0.0490440877367858,0.760180327593358,-0.8378019814784264
-0.24155819319272243,-0.19555615545885718,-0.029372901114359116,0.030704871747115982,-0.7487371143108903,-1.0819369275504536
-0.3136112247538136,-0.2604491108141681,-0.02823957043574811,0.029571475343938218,0.7074768030439252,0.4235619065603806
-0.2603245685105052,-0.20671039608983677,-0.030879635595182236,0.03221169359310665,0.15752651261805345,0.05120482494632234
-0.15732661294776615,-0.10701835187807572,-0.023190848138076394,0.024522460314950152,0.025836083750533926,0.6270076949537366
-0.2499064729981992,-0.26119412375549844,-0.022141739826300456,0.023473291171213957,-0.482686191018394,0.5863185372750653
-0.274418945271536,-0.2657596561865882,-0.022141739827207525,0.023473291171213957,-0.7185361449030607,0.74907516798975
-0.2612075696481706,-0.11131847344881655,-0.022141739826633065,0.023473291171213957,-1.097692349032281,0.7897643256684215
0.23865014899919346,-0.1895541449502649,-0.022316822823494828,0.023648384321968738,-0.760393701194394,0.7632279184866793
1.7640887180779503,1.4296802633914303,-0.026627638288313018,0.027959449742911993,-1.296605875050042,0.504940221917723
-0.3221280585863545,-0.24913655493315584,-0.022141739864026084,0.023473291171213957,1.13519363774488,0.7897643256684215
-0.29749697421989857,-0.2621905785645277,-0.022662328668180427,0.02399391019543033,-0.3850008508156455,0.7483855212494339
-0.30007210518893457,-0.2693869379446901,-0.02214173983001025,0.023473291171213957,-0.6049474124544311,0.6270076949537366
-0.31327585079461384,-0.2706488036140683,-0.06370114733510915,0.06503510842807109,0.5493562460856648,-1.6515851350518502
-0.3122260297248129,-0.188636847766252,-0.02214173983504602,0.023473291171213957,0.6712165377284824,0.7897643256684215
0.6868509138171884,0.31187914337753664,-0.022141739824542744,0.023473291171213957,-1.3555101956418691,0.7897643256684215
0.3119780871518235,1.8170124915890544,-0.02675008996702345,0.02808190852163576,0.3785511858838134,0.21046106380259416
0.2929335630074863,-0.19478320453222697,-0.02214173982463337,0.023473291171213957,-1.230398414807487,0.7897643256684215
0.09971481013524114,-0.01247155329237706,-0.022789246618918214,0.02412083551006868,-0.7338417341864845,0.7389028785700823
-0.32576549610867767,-0.27355435408525647,-0.06370114733510915,0.023473291171213957,-1.5022865932213705,-1.6515851350518502
0.3596327498858827,-0.1572904282597795,-0.0221417398246107,0.023473291171213957,0.9483592608335255,0.7897643256684215
-0.29274382002048605,-0.23186622368694276,-0.022141739828765293,0.023473291171213957,-0.7476404800617159,0.7897643256684215
-0.32379833882162423,-0.27227851942322834,-0.06370114733510915,0.06503510836633676,0.5212607835145209,-1.6515851350518502
-0.2882473118705127,-0.26322428402062353,-0.022857075818718847,0.024188668639336896,-1.1243188145359369,0.74907516798975
-0.3127032526491757,-0.26645810581908536,-0.022141739835434954,0.023473291171213957,0.5004681562188146,0.7897643256684215
-0.31743629134741597,-0.2670843823228911,-0.03143273163184875,0.032764821685084496,0.5593455387177411,0.10618647666674529
-0.30459080975399444,-0.2039235820561731,-0.0221417398312074,0.023473291171213957,-0.5802325408935491,0.7897643256684215
1.7760792908715501,-0.16324820362498027,-0.02214173982446898,0.023473291171213957,-1.0089656335584742,0.7897643256684215
-0.3096287023406903,-0.27126809562154913,-0.02214173983333254,0.023473291171213957,1.8429510564676808,0.7897643256684215
-0.24144304928946045,-0.26134545450920615,-0.022141739826109747,0.023473291171213957,-0.5069214386747966,0.7083860103110791
-0.32009431205404115,-0.2711027958751915,-0.02271612989945363,0.024047714525966508,-0.3373113592116229,0.7083860103110791
-0.3257873457047786,-0.27370102850808087,-0.06370114733510915,0.06503511503672708,2.480569200210247,-1.6515851350518502
-0.32209892579155336,-0.2709142144744172,-0.058543566687883075,0.05987722869877053,0.46766702183576897,-1.5702068196945078
-0.3197440248784551,-0.27113539019137467,-0.022141739848337404,0.023473291171213957,-0.39832156757944576,0.7897643256684215
-0.2706358437752067,-0.2479422060615857,-0.06370114733510915,0.06503510843699753,0.5453715504146963,-1.6515851350518502
-0.2802507065165649,-0.19248996157219464,-0.027076553308650955,0.028408390789792067,-0.5371022155185778,-1.4888285043371654
-0.2789137193265806,-0.07348345685644549,-0.022141739827476827,0.023473291171213957,-0.6037710402482418,0.7897643256684215
-0.13025600383569413,-0.22728206593231973,-0.023791223406811054,0.02512287039563068,-1.1766363288394999,0.26080527584569585
-0.32532850418665943,-0.2727720904968597,-0.06370114733510915,0.06503510810975649,0.5212607710222292,-1.6515851350518502
-0.3141411641640071,-0.27180357367313024,-0.06370114733510915,0.06503510842721195,0.6360313079692539,-1.6515851350518502
-0.2596659592566063,-0.0757836843128028,-0.04274350752754183,0.04407625343367381,0.3687101082413275,-0.7971128237997552
0.2781771088026993,0.2605151574036956,-0.022141739824639062,0.023473291171213957,0.5908936291657185,0.7897643256684215
1.729987047668199,0.24075136096946761,-0.029012206461061417,0.030344156181140752,-1.2913470615561775,0.34218359120303826
-0.2440330934748828,-0.21714756176478597,-0.03657095562070701,0.03790334362142172,-0.13297914689629617,0.251839868221582
-0.30600236302591044,-0.2605981134024342,-0.0237177941559755,0.025049436880557756,0.6093985902689256,0.74907516798975
0.057454223086221216,-0.19604507020160516,-0.02214173982477653,0.023473291171213957,1.0159233644776053,0.7897643256684215
-0.3029753269184699,-0.2509269141577902,-0.03781759012296479,0.039150050403283454,0.8872804507416086,0.22637598857912808
-0.05734528892289576,-0.20135095924314192,-0.022141739824937386,0.023473291171213957,-0.9941963154261952,0.7897643256684215
-0.30906963013569555,-0.22910501947313733,-0.06370114733510915,0.06503510843097865,0.5212607866617825,-1.6515851350518502
-0.27150705306735734,-0.22008105022127405,-0.06370114733510915,0.06503510843695555,0.5212607869527841,-1.6515851350518502
-0.25282668885803533,-0.21547826714311777,-0.046094896445982095,0.04742783667739921,0.2632418502472301,-0.5992793330172504
-0.17666523959200137,-0.11353488694927422,-0.022477379689881897,0.02380895049728493,2.2367771754077816,0.707006716830446
-0.3121667236782533,-0.2661461316499033,-0.02214173983499959,0.023473291171213957,-0.3712469508999959,0.7897643256684215
-0.32576549610867767,-0.27355435408525647,-0.06370114733510915,0.023473291171213957,-1.5022865932213705,-1.6515851350518502
0.45802703023205826,0.9123525895934351,-0.022141739824584297,0.023473291171213957,-1.2018221574554346,0.7897643256684215
-0.31814969800106,-0.26766875184874706,-0.02214173984332632,0.023473291171213957,0.5982070069258596,0.7897643256684215
-0.11609711874331782,-0.15937646449550436,-0.06370114733510915,0.023473291171213957,-0.5359931552907661,-1.6515851350518502
-0.2973502697889353,-0.2670471316758246,-0.02522175499313772,0.02655348492477381,1.260354113514808,0.5828703035734831
-0.2863557611223481,-0.2546380098717918,-0.04108361600904287,0.04241626566746662,0.5243237458362306,-0.3902212470130431
-0.28171046762749724,-0.26426497397304427,-0.02214173982767213,0.023473291171213957,-1.098838787657691,0.7897643256684215
1.2693330535296419,0.39391438087976954,-0.022141739824490768,0.023473291171213957,-1.3294993242377782,0.7897643256684215
-0.16814597802656028,-0.26713327379716595,-0.06370114733510915,0.06503510843869768,0.5212607870376038,-1.6515851350518502
-0.32533058510057383,-0.2724694289894442,-0.06370114733510915,0.06503510810817822,0.5212607709453876,-1.6515851350518502
-0.3146388494085278,-0.2575063096959134,-0.02910846552537038,0.030440420813997268,0.9198899068158222,0.4261590868377427
0.8955332848061214,0.28278405985314664,-0.02286498112451985,0.024196574407238738,-1.1820845260387103,0.7083860103110791
3.0495646182069263,2.8550716170607475,-0.022141739824443108,0.023473291171213957,-1.1405367928458459,0.7897643256684215
2.0503201610948176,0.3670217418631872,-0.022141739824461066,0.023473291171213957,-1.446965350677631,0.7897643256684215
-0.2946957172721674,-0.21962938612559255,-0.022141739829039508,0.023473291171213957,-0.07251037996967466,0.7897643256684215
0.8975670313384349,0.49750377404086465,-0.06370114733510915,0.023473291171213957,-1.1863056299719998,-1.6515851350518502
1.7027908900832933,-0.19211512693608784,-0.022141739824471457,0.023473291171213957,-1.1198325455230191,0.7897643256684215
-0.12819936725032263,-0.194035863425455,-0.02214173982512996,0.023473291171213957,-0.9884462562252336,0.7897643256684215
1.7026230296942007,0.42438541018017883,-0.022261759021167307,0.02359331732703649,-0.0336202332500459,0.7655925488296068
-0.3126706516645172,-0.25893114694620767,-0.02214173983540748,0.023473291171213957,-0.0749720868260093,0.7897643256684215
-0.08981309509087865,-0.1885670028030023,-0.022141739825011275,0.023473291171213957,-0.18955792022767162,0.7897643256684215
-0.14037271364940185,-0.17090088343170748,-0.022808413823961256,0.024140003826053615,-0.14510103621737586,0.6762131879605019
2.3511263251679506,0.4873320192262645,-0.022141739824454252,0.023473291171213957,-0.9765415705416269,0.7897643256684215
-0.32576549610867767,-0.27355435408525647,-0.06370114733510915,0.023473291171213957,-1.5022865932213705,-1.6515851350518502
-0.32576549610867767,-0.27355435408525647,-0.06370114733510915,0.023473291171213957,-1.5022865932213705,-1.6515851350518502
-0.29345722667413005,-0.21383691050674947,-0.02223542650042671,0.02356698327505511,-0.42838759179682007,0.5515838904761998
-0.32576549610867767,-0.27355435408525647,-0.06370114733510915,0.023473291171213957,-1.5022865932213705,-1.6515851350518502
-0.3194905001998874,-0.27017152969852853,-0.06084599100353012,0.06217978653325702,1.3056048842461998,-1.568827526213875
0.6213565760952138,0.5425724006604646,-0.022141739824552586,0.023473291171213957,-1.3504658734216333,0.7897643256684215
-0.31723513633569334,-0.230255133201316,-0.022141739841297223,0.023473291171213957,1.1238165273277705,0.7897643256684215
-0.04851805209812759,-0.1943664629181703,-0.025675272819815867,0.027007029052531533,-0.39476409687273745,-0.297559383728002
-0.32349140401925425,-0.2731282998094332,-0.06370114733510915,0.06503510837622677,0.5894633111220213,-1.6515851350518502
-0.31870738293011186,-0.27019015502206184,-0.02427780884560009,0.02560948402863534,1.8505716265371386,0.6242491079924707
-0.28652917061521255,-0.25674965592737486,-0.06370114733510915,0.06503510843593843,0.5345684209132047,-1.6515851350518502
-0.2695152716323171,-0.038696008827203705,-0.02214173982696281,0.023473291171213957,-0.7609093578664402,0.7897643256684215
-0.26570997372090127,-0.18840868755296958,-0.03546990596789981,0.03680223012532411,1.0613026848554716,0.33459747705955734
-0.21161835061171647,-0.09192951165069545,-0.02290808476399928,0.024239680544870988,-0.5461237817738457,0.5828703035734831
3.6013383644659984,0.48909444046559897,-0.02261910447077129,0.023950683496795654,-1.1829619491574064,0.739940867286375
-0.2831899974206161,-0.03535741958386729,-0.06370114733510915,0.023473291171213957,-0.2460586212405348,-1.6515851350518502
-0.2887311243556044,-0.2688165374114841,-0.06370114733510915,0.06503510843572001,0.5353028030250132,-1.6515851350518502
0.046099716312447615,0.7913555034250691,-0.02223988079794562,0.02357143783492345,0.4415563275074384,0.6880414314717436
-0.30728073780730664,-0.22728672226320307,-0.04820506670721779,0.04953812928775796,0.2780463224487926,-1.610895977373179
-0.3127816337399504,-0.23869240476188164,-0.022141739835501564,0.023473291171213957,-0.8188522082620228,0.7897643256684215
0.29905179673472715,-0.20081548119156076,-0.02214173982463109,0.023473291171213957,-1.2787801293396157,0.7897643256684215
-0.3187895790297296,-0.26996432297422107,-0.02214173984506234,0.023473291171213957,0.19188353044220846,0.7897643256684215
0.26116147572487536,0.18723615012753544,-0.022149622854584772,0.02348117465823799,-0.7794143888352305,0.7483855212494339
1.177663246497761,3.2561470058604742,-0.04775363863360037,0.04908667504648704,0.5486457695684963,-0.26815377397702966
-0.3234040056348506,-0.25770187559301266,-0.06370114733510915,0.06503510837857265,0.21486082140958063,-1.6515851350518502
-0.3052872222773378,-0.268423077451844,-0.022141739831438887,0.023473291171213957,0.944709478044431,0.7897643256684215
0.6361168453088437,1.2902394505942558,-0.02214173982455025,0.023473291171213957,2.405795909219225,0.7897643256684215
-0.318190622641376,-0.2614641909467307,-0.02214173984342857,0.023473291171213957,0.5059736968466692,0.7897643256684215
-0.3257696579365064,-0.2735822920705564,-0.06370114733510915,0.06503514307448877,2.544811539967406,-1.6515851350518502
-0.18887361470863917,-0.2097882308037076,-0.02214173982545332,0.023473291171213957,-1.0536791705975221,0.7897643256684215
-0.2928003515151598,-0.2585749376336341,-0.029860290283368843,0.031192289173968758,1.013809889297182,0.07419638028489345
-0.31275111366920627,-0.26908427643727467,-0.06370114733510915,0.06503510842853641,0.5618665474212894,-1.6515851350518502
-0.15410570502730322,-0.022752731882735213,-0.024597914201655476,0.025929607965085363,-0.6062274090093136,0.7055798615056535
-0.2300958257143872,-0.07287580567617297,-0.009472138648890424,0.010802955367053068,-0.6992761145744558,0.2425653086104295
-0.31285689345985357,-0.2713588940737737,-0.022141739835566287,0.023473291171213957,-0.34904943525615123,0.504940221917723
-0.27243722158708183,-0.2611405759503403,-0.022141739827103213,0.023473291171213957,1.0819857080917852,0.7897643256684215
-0.32347198215605344,-0.2731329561403165,-0.06370114733510915,0.06503510837676352,0.6005135846733289,-1.6515851350518502
0.2766268279364918,-0.14615946928321646,-0.022141739824639677,0.023473291171213957,-0.9088649876200247,0.7897643256684215
-0.31126811568623014,-0.2630333744544076,-0.02214173983434261,0.023473291171213957,-0.3875226147882867,0.7897643256684215
-0.32393498550200134,-0.27257652459976045,-0.06370114733510915,0.06503510836086679,0.5212607832482008,-1.6515851350518502
-0.10864501919696413,-0.0997963826780551,-0.05701031334826114,0.05834388649448456,-0.513808292744514,-1.204004400586467
-0.2769153483308115,-0.2669749585471332,-0.06370114733510915,0.06503510843666142,0.5212607869384641,-1.6515851350518502
-0.25838515674231,-0.2631008912522157,-0.022141739826539546,0.023473291171213957,-0.48156072059596866,0.6676968526324077
0.4765870482533324,0.3550316898386527,-0.022141739824580044,0.023473291171213957,-1.3739425122702205,0.7897643256684215
-0.3166538677156119,-0.27250667963651076,-0.06370114733510915,0.06503510842379236,0.5212607863118992,-1.6515851350518502
-0.1096081355203329,-0.23965626525472775,-0.022141739825067216,0.023473291171213957,-0.4383655445351711,0.6270076949537366
-0.3096224595989472,-0.2705184263493355,-0.06370114733510915,0.06503510843068298,0.5212607866473875,-1.6515851350518502
-0.29027377520412584,-0.19643387383036193,-0.029318133926765817,0.030650101381582813,0.12786189962974606,-0.7021714558828557
-0.14037271364940185,-0.17090088343170748,-0.022808413823961256,0.024140003826053615,-0.14510103621737586,0.6762131879605019
0.06643059207485279,0.5761259210056282,-0.022183525691832216,0.02351507946116685,-1.3082272617369197,0.7483855212494339
-0.2882903174247431,-0.26887939787840887,-0.06370114733510915,0.06503510843576579,0.5351938134446051,-1.6515851350518502
-0.2524247256535757,-0.14081400142917155,-0.05062096023191135,0.0519541629001175,-1.0385109339972285,-0.45159980690120816
-0.26611367102028954,-0.16868912626213314,-0.022879190548139205,0.02421078465247105,-0.7008302036737597,0.7083860103110791
1.0482432333262626,1.6425188199022895,-0.022880122238687434,0.024211716399353427,0.5382030813595162,0.6706741080723105
-0.3140489103138033,-0.2650355967342328,-0.06370114733510915,0.0650351084273096,0.4204517926092232,-1.6515851350518502
-0.31888842244066223,-0.27156610079808124,-0.05924528469336181,0.06057898741063081,0.5872870684962509,-1.5295176620158366
0.5044196186770505,0.23137816690135576,-0.022143632271754886,0.023475183728125428,-1.2704688035306146,0.7483855212494339
-0.2960001034774933,-0.2617412426342879,-0.06370114733510915,0.06503510843476949,0.5890235941067276,-1.6515851350518502
-0.3235739469378577,-0.27312597164399155,-0.06370114733510915,0.0650351083738394,0.37683605416424565,-1.6515851350518502
-0.3233283990959618,-0.26203691964537834,-0.03444337180317541,0.03577563638186499,0.19960112565934737,-1.380324083860709
-0.27653488790346703,-0.26557805928213896,-0.02214173982732818,0.023473291171213957,-0.6531177343958263,0.6676968526324077
-0.2552176589456493,-0.18767764360428923,-0.022593263765769953,0.023924841291454668,-1.0275118861332788,0.74907516798975
-0.2436071997604079,-0.23149138905083597,-0.02305980078876778,0.02439140536616584,1.575518627603295,0.7428152975776469
-0.24798925764509067,-0.26077505397600015,-0.022141739826253618,0.023473291171213957,-0.5015936152602406,0.6676968526324077
0.24011511239491176,-0.20135095924314192,-0.022239243127761037,0.023570800127897456,-1.281838713804086,0.6656279124114585
2.8480558511188065,0.33315857551428335,-0.02214173982444582,0.023473291171213957,0.18948242693013667,0.7897643256684215
-0.3217670200222109,-0.27062319379421007,-0.02818333643669341,0.029515238060052185,0.7257392913559878,0.41735508589753245
-0.2809828413954383,-0.2424314384611831,-0.026232858665539947,0.027564647226305933,0.2949038094553854,0.5300462979322222
-0.19999367184806013,-0.15539995792115388,-0.024883571552160633,0.02621528187868191,-0.8178012300546703,0.6735095894436465
-0.31354082049971066,-0.2713402687502405,-0.06370114733510915,0.06503510842782093,0.6425082917846099,-1.6515851350518502
-0.31246498800598005,-0.27147763051129825,-0.02214173983523728,0.023473291171213957,-0.443604595103441,0.6270076949537366
-0.3213019357623486,-0.2701226382242538,-0.0221417398566921,0.023473291171213957,-0.8513552685945505,0.7897643256684215
1.3737994406779563,0.422313342937104,-0.022141739824485213,0.023473291171213957,-1.3905364734686265,0.7897643256684215
-0.08328630859844925,0.011797243271457548,-0.022141739824994833,0.023473291171213957,-0.674004986085566,0.7897643256684215
-0.2620506866024772,-0.09609459962582016,-0.02214173982666261,0.023473291171213957,-0.43396301933967985,0.7897643256684215
-0.22420787979367013,-0.07975786272171163,-0.02214173982581966,0.023473291171213957,0.1318454278203008,0.7897643256684215
-0.1999666199671733,-0.07206793226791794,-0.05554708346737279,0.05688057177000248,-0.5547302758899876,-0.9067666555100724
-0.22843560322970366,0.10940092308205204,-0.02214173982588131,0.023473291171213957,-1.2927616578076537,0.7897643256684215
-0.31164614838067445,-0.1862271965341368,-0.06370114733510915,0.06503510842940319,0.8188456693661725,-1.6515851350518502
-0.2042852099774677,-0.2572199453465896,-0.06370114733510915,0.06503510843842562,0.5212607870243582,-1.6515851350518502
-0.27120289281687326,-0.20878944782923664,-0.022141739827042067,0.023473291171213957,-0.8616117077531901,0.7897643256684215
-0.3192248368568191,-0.27064647544862663,-0.022141739846437317,0.023473291171213957,-0.4014012805905284,0.7897643256684215
-0.32288100260437164,-0.2715637726326396,-0.025324779738802847,0.026656515599269435,1.9803462271270682,0.4141721009422258
-0.31937917130546845,-0.2700015736212876,-0.022141739846969873,0.023473291171213957,-0.505128511386768,0.7897643256684215
-0.17186179663965814,-0.26584114197704617,-0.06139755675980039,0.06273138429324553,0.5099063258733676,-1.4888285043371654
-0.32484781307243943,-0.27283727912922606,-0.06370114733510915,0.06503510828253804,0.5212607794345575,-1.6515851350518502
-0.3218516438547287,-0.2720503592099459,-0.024719638419642878,0.02605133920507291,1.9681375063523718,0.5863185372750653
-0.32574954243533416,-0.27350313444554003,-0.06370114733510915,0.06503509940443647,0.52126034718062,-1.6515851350518502
-0.3118514652202259,-0.23835249260739969,-0.022141739834759443,0.023473291171213957,-0.24818050754313448,0.7897643256684215
-0.31514381785174894,-0.25364853955908745,-0.02214173983797038,0.023473291171213957,1.3224602746192793,0.7897643256684215
-0.2931343381984166,-0.21541075034530968,-0.022141739828817533,0.023473291171213957,-0.24407271851037754,0.7897643256684215
-0.29842471500672296,-0.2694544547424982,-0.022141739829672234,0.023473291171213957,-0.5727171892786659,0.74907516798975
0.3342279123622659,-0.16009353945153476,-0.022141739824618794,0.023473291171213957,0.9188913228617827,0.7897643256684215
-0.2769971976114435,-0.06826603810169171,-0.02214173982735593,0.023473291171213957,-1.2049481966743383,0.7897643256684215
-0.32576410883273477,-0.27354504142348984,-0.06370114733510915,0.06503500453532877,0.5212557282263254,-1.6515851350518502
-0.32576549610867767,-0.27355435408525647,-0.06370114733510915,0.023473291171213957,-1.5022865932213705,-1.6515851350518502
-0.307483626913958,-0.25879378518514984,-0.0221417398322845,0.023473291171213957,0.5810309244353314,0.7897643256684215
-0.10712699249642942,0.8570540040231934,-0.02214173982505965,0.023473291171213957,-1.2105978416925698,0.7897643256684215
-0.3050399403405132,-0.25520608223955615,-0.02214173983135491,0.023473291171213957,-0.46862124874090794,0.7897643256684215
-0.25570459280161245,-0.20213089466609707,-0.0221417398264577,0.023473291171213957,-1.0056605251271147,0.7897643256684215
-0.31412486367167786,-0.2717616666951804,-0.06370114733510915,0.06503510842722933,0.5212607864792366,-1.6515851350518502
-0.16815360804424634,-0.2671053358118661,-0.06370114733510915,0.06503510843869763,0.5212607870376018,-1.6515851350518502
-0.31218961373131143,-0.2713239715921489,-0.06370114733510915,0.06503510842899451,0.5212607865651794,-1.6515851350518502
2.499061616711564,0.25828943124147136,-0.0221446533340052,0.02347620484970305,0.20818980094906148,0.5863185372750653
-0.2747199841511485,-0.2584445603689013,-0.02214173982722408,0.023473291171213957,-1.170917682914667,0.7897643256684215
-0.25257073644656747,-0.265401118708573,-0.047909060846081326,0.049242106269010114,0.3711482153927061,-0.7796746133660389
-0.03687533874721338,-0.1627569607167906,-0.02214173982489934,0.023473291171213957,0.28543035714447185,0.7897643256684215
-0.322275803474275,-0.26611819366460343,-0.06370114733510915,0.06503510839830645,0.6218147195916434,-1.6515851350518502
-0.023694483194592164,-0.19010592015993766,-0.026055350584050816,0.027387128855027996,-0.6371648863024179,0.2932186726405695
-0.3162019625772074,-0.25708025542009016,-0.03996217263107348,0.04129475725293022,0.32628108054533567,-0.12574172210168044
-0.321190260048944,-0.27241355301884446,-0.06370114733510915,0.06503510840810686,0.5212607855482089,-1.6515851350518502
0.48886929581393046,0.11775205252127646,-0.023279137010468385,0.02461075430731409,1.254943554430997,0.7083860103110791
-0.007006247239296057,-0.21884246620631242,-0.022141739824852586,0.023473291171213957,-1.2086050056408326,0.7897643256684215
0.03190233431265544,0.2968042721428063,-0.022141739824803396,0.023473291171213957,0.6003342266760169,0.7897643256684215
-0.3193354721132666,-0.2725299612909273,-0.06370114733510915,0.0650351084171948,0.5315204113221752,-1.6515851350518502
-0.3211070234923691,-0.2622557671968941,-0.022141739855341003,0.023473291171213957,1.5125459071125562,0.7897643256684215
0.6647873304020825,0.12284142217673906,-0.02300134357170211,0.024332944761158187,-1.1812378307590425,0.5001126947355078
-0.31988726111956106,-0.2590266017293156,-0.02214173984892068,0.023473291171213957,-0.08225753385919402,0.7897643256684215
-0.3042523144239232,-0.2327835208709557,-0.023720233528979465,0.025051876395598294,-0.11193371018684496,0.5001126947355078
-0.20407538449110182,-0.2022286776146467,-0.022141739825584855,0.023473291171213957,-1.0244670063367896,0.7897643256684215
-0.27970932207984234,-0.260986917031191,-0.06370114733510915,0.06503510843648243,0.5212607869297489,-1.6515851350518502
-0.3251100082256504,-0.271710447055464,-0.06370114733510915,0.06503510821970838,0.521260776375529,-1.6515851350518502
-0.1364110003754223,-0.20308777066261818,-0.0221417398251616,0.023473291171213957,0.12758126108779583,0.7897643256684215
-0.3257811029630355,-0.27365912153013106,-0.06370114733510915,0.06503511767557363,2.4548736076299624,-1.6515851350518502
-0.2869068564906711,-0.18524005438687413,-0.023304956646134422,0.02463657543655908,-0.6879407494851145,0.6089236248743273
-0.28441392162125284,-0.17762462522721345,-0.022141739827886028,0.023473291171213957,-0.6136168016523562,0.7897643256684215
-0.3187895790297296,-0.2713612222392154,-0.024404221261071155,0.025735903773693322,-0.8336728971484403,0.5819899034794621
-0.3114612938612811,-0.27133561241935716,-0.06370114733510915,0.023473291171213957,2.0083551780697313,-1.6515851350518502
-0.29905002963799193,-0.2695010180513313,-0.022141739829795632,0.023473291171213957,-0.557946969468199,0.6676968526324077
-0.3194849510961157,-0.2725043514710691,-0.06370114733510915,0.06503510841666126,0.5312058804893897,-1.6515851350518502
-0.286174374792812,-0.26386918584796254,-0.02452743294173571,0.0258591226156181,-1.1581833849255405,0.6242491079924707
0.23551802673907712,-0.20112047086441784,-0.022340320932062604,0.02367188379303641,-1.1876543189586872,0.6242491079924707
-0.32576549610867767,-0.27355435408525647,-0.06370114733510915,0.023473291171213957,-1.5022865932213705,-1.6515851350518502
1.262846151220571,0.44782072351590013,-0.022141739824491136,0.023473291171213957,-1.297351065486324,0.7897643256684215
-0.2398029423059492,-0.015228101175299163,-0.035346987537613186,0.03667930456852659,-1.1201262895491961,-0.9895242643480477
-0.11119760693192775,-0.19435016576007874,-0.022141739825072154,0.023473291171213957,-0.9768094032642286,0.7897643256684215
2.2976055661092754,1.1104980940019957,-0.06370114733510915,0.023473291171213957,-1.2970119528855169,-1.6515851350518502
-0.03488875959695909,0.2871074630783041,-0.02214173982489593,0.023473291171213957,-0.843854807708045,0.7897643256684215
-0.30922882005014507,-0.27279770031671785,-0.03250958346551105,0.033841735966916905,0.8702389982041778,-0.43091040469171443
-0.3257648024707062,-0.2735520259198148,-0.06370114733510915,0.06503490063156489,2.5447879320130027,-1.6515851350518502
0.3616873055573398,-0.1682444466627766,-0.022141739824610072,0.023473291171213957,1.0185707352982918,0.7897643256684215
2.379456927655175,0.3243348284904026,-0.02214465427411751,0.023476205789867612,0.3650238985657098,0.5863185372750653
-0.2889589844292281,-0.26899813431593333,-0.06370114733510915,0.0650351084356959,0.5354850707197739,-1.6515851350518502
-0.29027134747122574,-0.1648243716289822,-0.022219301795530184,0.02355085763559308,-0.4814769144961066,0.6153822213312592
0.34257619216774265,0.7682414769202965,-0.022141739824616067,0.023473291171213957,0.5840737931889026,0.7897643256684215
-0.32576549610867767,-0.27355435408525647,-0.06370114733510915,0.023473291171213957,-1.5022865932213705,-1.6515851350518502
-0.3078276713478009,-0.2709933720994336,-0.06370114733510915,0.06503510843157641,0.540705558598165,-1.6515851350518502
-0.17961424142765292,0.7076300178121931,-0.022138189467250498,0.023469740607215836,-1.4349446574097335,-1.5498622408551723
-0.3170277385822275,-0.2687420361173511,-0.022141739840896162,0.023473291171213957,-0.16690917274140676,0.7897643256684215
-0.3000897929572067,-0.20227291275803816,-0.03932923144963124,0.04066177938083498,0.4393698754384365,0.4845956430783875
-0.30488907408172117,-0.2151336986577525,-0.02214173983130465,0.023473291171213957,-0.8607379638015529,0.7897643256684215
-0.29731662834731964,-0.2517021932498621,-0.022141739829466895,0.023473291171213957,-0.08352401310449303,0.7897643256684215
-0.29262867611722404,-0.2663882608558356,-0.022141739828750128,0.023473291171213957,0.13141896756688937,0.7897643256684215
-0.29145816204038955,-0.26816930741870343,-0.032084571794321545,0.03341669965660092,1.8748609702696653,0.1683299174850796
-0.28877933219462065,-0.25418168944522695,-0.023323706774099912,0.024655326651533818,-0.972738186520435,0.5456293795963943
-0.3114488083777948,-0.2719246382760964,-0.06370114733510915,0.06503510842954391,0.5212607865919284,-1.6515851350518502
-0.32574121877967666,-0.27350313444554003,-0.06370114733510915,0.06503510250221056,0.521260498003973,-1.6515851350518502
3.0894848707402485,0.3264115520643608,-0.022141739824442612,0.023473291171213957,0.34886149925847093,0.7897643256684215
-0.2982176640722429,-0.2648563279952252,-0.022141739829632613,0.023473291171213957,0.39816144224225747,0.7897643256684215
-0.15226305575612636,-0.19859673952566145,-0.022141739825231148,0.023473291171213957,0.045723026854649684,0.7897643256684215
10.02819416844243,7.3903867888832355,-0.06370114733510915,0.06503510843959825,0.5219654412792544,-1.6515851350518502
1.686254907662732,0.2659979870187983,-0.02367087600059759,0.025002516011925446,-1.3702412247806313,0.5001126947355078
0.3079126750011111,-0.20013565688259688,-0.022141739824627863,0.023473291171213957,-1.2629449112472009,0.7897643256684215
0.23378289135347616,-0.1793963591283146,-0.022141739824658,0.023473291171213957,-0.9968603656099447,0.7897643256684215
-0.3255147459819958,-0.27228317575411165,-0.022141740399219314,0.023473291171213957,1.1509954123040753,0.7897643256684215
2.8081716677600004,0.25828943124147136,-0.022760741027431378,0.024092328266022187,2.393712911699758,0.74907516798975
-0.23605833771703585,-0.22489802452006277,-0.026149748193515267,0.027481531936861554,-0.02969404604668599,0.46425106423905194
-0.24707851098856698,-0.22909803497681236,-0.027292291303804662,0.02862414129551343,0.8235415664740067,0.5456293795963943
-0.2886378300484433,-0.2687955839225092,-0.06370114733510915,0.06503510843572978,0.5353620306397453,-1.6515851350518502
-0.3226507147978478,-0.2548033096181494,-0.026431414819960402,0.02776321485063784,0.13484682721219943,-0.43091040469171443
0.11255959809069119,0.19050023807673883,-0.022141739824729244,0.023473291171213957,-0.551694340419217,0.7897643256684215
-0.3145715665252965,-0.2721295168349623,-0.06370114733510915,0.06503510842673517,0.5212607864551779,-1.6515851350518502
-0.2422927558044959,-0.23046233992562348,-0.026788403484939882,0.028120224259601187,-0.668488990622409,0.5001126947355078
2.753120396517304,0.31064288752801666,-0.02214173982444722,0.023473291171213957,0.16159137908832183,0.7897643256684215
-0.31822010225516295,-0.2678759585730546,-0.030495264800332943,0.031827300494212916,1.6526466255847223,0.46425106423905194
-0.3241465450832958,-0.2710562325663583,-0.054148181576013005,0.0554815886775997,0.649574840863453,-1.302820926377526
-0.23197142278920826,-0.16589998406302783,-0.06370114733510915,0.023473291171213957,-1.116928096630479,-1.6515851350518502
-0.3119530831830444,-0.27137286306642366,-0.022141739834835653,0.023473291171213957,-0.3756321564317545,0.6270076949537366
-0.3190469187171403,-0.2619018860497622,-0.022141739845853745,0.023473291171213957,1.036235418483689,0.7897643256684215
-0.2235426809790424,0.022809465810496053,-0.022141739825810424,0.023473291171213957,-1.1628042938094993,0.7897643256684215
-0.01294933737874395,0.02691169331869602,-0.022461329041311477,0.02379289891854855,-0.7174277402282084,0.6634876294242694
-0.176557032068454,0.08114630728210039,-0.033517881393366165,0.03485009236711175,-0.8867560473038342,0.3247453807693221
-0.09691560109961775,-0.23929539961127086,-0.022141739825030232,0.023473291171213957,-0.42668039055888174,0.6676968526324077
-0.3043730074309568,-0.2688421472313423,-0.06370114733510915,0.06503510843287409,0.5212607867540677,-1.6515851350518502
-0.2667844189386889,-0.2638133098773628,-0.02214173982684417,0.023473291171213957,-0.46582882111131685,0.5456293795963943
-0.322144012259698,-0.2654313848593145,-0.06370114733510915,0.06503510839980964,1.2851780199189178,-1.6515851350518502
-0.22042165692646934,0.22804889031978606,-0.022158158735508533,0.023489711032978814,-1.4393170109165965,0.4410001169940968
0.3489417078318081,-0.15842424482986656,-0.02214173982461403,0.023473291171213957,1.0777348604258297,0.7897643256684215
10.309298239574284,24.146440258026875,-0.022767634258661636,0.02409922189697819,-0.2043712427558938,0.41735508589753245
-0.3109920477735901,-0.26814835392972847,-0.022141739834156824,0.023473291171213957,-0.42194021878047727,0.7897643256684215
-0.2898437196618222,-0.26658848308381816,-0.02512703542918355,0.026458759869712897,0.6974652167317524,0.6676968526324077
-0.30374353097185913,-0.2630659687705908,-0.022750433926396817,0.024082020560846903,0.6808258328535589,0.707006716830446
-0.32171673126928024,-0.271710447055464,-0.02680533621021389,0.028137157932817774,1.1376505813223097,0.5258346542392028
-0.033985296139135715,0.007390026090400453,-0.025910769419683392,0.027242539307329505,0.16164688302298244,-0.756423666121084
-0.32158875506354634,-0.2713239715921489,-0.022141739858909593,0.023473291171213957,0.569484491925556,0.7897643256684215
-0.32576549610867767,-0.27355435408525647,-0.06370114733510915,0.023473291171213957,-1.5022865932213705,-1.6515851350518502
-0.2745802160998998,-0.2599043201008204,-0.023627724130628983,0.02495936163711819,-0.12846540273512977,0.7083860103110791
0.6090340975322712,0.8136965790032116,-0.030661705695621242,0.031993751059267404,-1.3117271784596491,0.003567041707655898
-0.3232638907646162,-0.27310501815501664,-0.06370114733510915,0.06503510838199146,0.6202920090454384,-1.6515851350518502
-0.18203052930122515,-0.11166304193418183,-0.025977710502485853,0.027309484271097837,0.7763000784598193,0.5918170720965076
-0.32574121877967666,-0.27350313444554003,-0.06370114733510915,0.06503510250221056,0.521260498003973,-1.6515851350518502
-0.2556099112185085,-0.24048509215195768,-0.030872619739684266,0.03220467733095322,-0.8183241174855389,0.08632465054563127
-0.32574191241764816,-0.27350313444554003,-0.06370114733510915,0.06503510232758113,0.5212604895016756,-1.6515851350518502
0.3505284046915172,-0.16008422678976814,-0.022141739824613527,0.023473291171213957,0.997156705545368,0.7897643256684215
-0.3252671172261855,-0.2702087803455951,-0.02214174011360992,0.023473291171213957,1.6013309399398947,0.7897643256684215
-0.32559971663349935,-0.2730398295226502,-0.02214174069384406,0.023473291171213957,1.5034008753112866,0.7897643256684215
-0.21924524692687744,-0.0967232042950676,-0.024246265408943365,0.025577938782050724,0.048136718049036464,0.015677911293701264
0.15400932235107728,-0.0735649426469035,-0.03335251556288395,0.03468471694881434,-0.9952639000600866,0.21046106380259416
-0.32574676788344836,-0.27350779077642334,-0.02214174752058556,0.023473291171213957,1.4206146370501227,0.7897643256684215
-0.32517382291902447,-0.27198517057757954,-0.06370114733510915,0.06503510819599075,0.5212607752207727,-1.6515851350518502
-0.301273486155499,-0.2694241885917566,-0.022141739830285424,0.023473291171213957,-0.5854593658318223,0.5863185372750653
-0.08903379282994614,0.7737708698442324,-0.022216933748468743,0.02354848945467629,-0.9153457926838522,0.3651818107605481
1.1841272587537734,2.672480585967899,-0.02248683144324,0.023818402799559567,-1.303658051849898,0.3202740447606769
-0.3224693284683116,-0.27131465893038226,-0.06370114733510915,0.06503510839588131,0.5212607849529756,-1.6515851350518502
-0.305499128677618,-0.23460647441177326,-0.02214173983151248,0.023473291171213957,-0.7329680582144508,0.7897643256684215
-0.3051405178463745,-0.2255708643327017,-0.02214173983138882,0.023473291171213957,-0.14311498204157497,0.7897643256684215
-0.3114488083777948,-0.2719246382760964,-0.06370114733510915,0.06503510842954391,0.5212607865919284,-1.6515851350518502
-0.3110908911845227,-0.24657790111277458,-0.02214173983422254,0.023473291171213957,-0.41150694113556935,0.7897643256684215
-0.30340607609874504,-0.2546799168497416,-0.02654521916482558,0.02787702583410198,0.43086499873707534,0.5456293795963943
-0.3103122825615617,-0.2635781651677554,-0.03778632860812162,0.03911878707278696,1.7706674335529422,-0.12056937154930701
-0.27598517981108694,-0.26571774920863833,-0.022141739827295847,0.023473291171213957,-0.7042532143600586,0.6676968526324077
2.041133272981849,0.5656561610144958,-0.022141739824461302,0.023473291171213957,2.0241002168178484,0.7897643256684215
-0.1279132415870964,-0.026303184181262474,-0.02236706573209513,0.023698630143352887,0.24966885211329143,0.74907516798975
-0.25829671790094916,-0.19674119166866066,-0.025866226350904735,0.027197993654147747,0.41455791950840604,0.45873389031652023
0.993668144550972,1.5362357393251969,-0.02647783276752051,0.027809635535838782,-0.874860297551405,0.7692487839816965
-0.29397329332489447,-0.17282394808651633,-0.022972311397543778,0.024303910899225904,-0.9772609475447094,0.2811498546850314
-0.045732748823739976,0.12515794679118794,-0.0222833368015776,0.023614896358157188,-0.9269141757870295,0.6656279124114585
0.8706247452510826,1.7580284201246694,-0.022554164184755802,0.023885739445234772,0.6440248084435158,0.7083860103110791
-0.3159529465454541,-0.2544610692982258,-0.023525437639296133,0.024857069202988368,0.07346698070465954,0.74907516798975
-0.20243319659367617,-0.08599268977446958,-0.03658252661141965,0.03791491528365514,0.5518293776910804,0.05735948745233981
-0.3022095505979808,-0.20599099296836473,-0.022141739830519282,0.023473291171213957,-0.5287672441480202,0.7897643256684215
-0.22414510555725328,-0.2087149465351036,-0.03289033443434873,0.034222509020306276,1.3314131711810966,-0.28608458922525776
-0.29081342554591977,-0.26428127113113586,-0.022141739828524225,0.023473291171213957,-0.3473793386470284,0.7897643256684215
-0.25514448013966057,-0.19290437502080962,-0.022141739826441385,0.023473291171213957,-1.070656111149985,0.7897643256684215
-0.3217545345387247,-0.26610888100283675,-0.02214173986033591,0.023473291171213957,0.6246690430691428,0.7897643256684215
-0.3113052253177031,-0.2703135477904697,-0.022141739834368127,0.023473291171213957,0.22045139771319172,0.7897643256684215
0.3282744176532461,-0.0463696421229058,-0.022244876662423384,0.02357643398924589,1.0164138417176354,0.74907516798975
-0.34372274273275527,-0.12624434209528082,-0.27705581356041253,0.2784021457118558,2.501505340699295,-1.4074501889798232
-0.2603426030977631,-0.2632196276897402,-0.02214173982660355,0.023473291171213957,-0.5641712420817718,0.6270076949537366
-0.2945583769538188,-0.25738524509294725,-0.023070557784973654,0.024402162983234943,0.781386508346994,0.7453761536553256
-0.29748969102119827,-0.22175500117382557,-0.02214173982949791,0.023473291171213957,0.23516098615076803,0.7897643256684215
-0.31033829398549134,-0.17262838218941712,-0.06370114733510915,0.06503510843026866,0.5212607866272152,-1.6515851350518502
-0.3198948911372471,-0.270963105948692,-0.022141739848952548,0.023473291171213957,-0.40007670160583514,0.7897643256684215
-0.2887314711745901,-0.2688910387056171,-0.06370114733510915,0.06503510843571997,0.5354355863937152,-1.6515851350518502
-0.32002390779993817,-0.27117962533476614,-0.02214173984950425,0.023473291171213957,-0.38508797982348486,0.7897643256684215
-0.07358508792964459,1.2516524365642296,-0.023332525297692162,0.024664145689780113,-1.2383240929887456,0.5456293795963943
-0.1360419849746069,0.4344686947079962,-0.022141739825160118,0.023473291171213957,0.608037777339563,-1.4481393466584942
-0.2793250466436549,-0.26546397917549774,-0.02214173982750408,0.023473291171213957,-0.7152876950288173,0.5456293795963943
1.7031869573649956,-0.18338916286075665,-0.022141739824471443,0.023473291171213957,-1.0858669779397447,0.7897643256684215
-0.3103948254801651,-0.26890733586370874,-0.02214173983377774,0.023473291171213957,0.4202181107618897,0.7897643256684215
-0.32305857392506476,-0.2724577881622359,-0.022141739877647563,0.023473291171213957,1.80124200213954,0.7897643256684215
-0.3072772696174494,-0.21771330596710867,-0.049281495478467136,0.050614620474059034,1.0133683171545014,0.09223590831977241
-0.32236528277259296,-0.2714683178495316,-0.024303642948067944,0.025635319607083276,0.6496416978358514,0.7483855212494339
-0.2645786501894541,-0.16232625011008403,-0.022141739826756077,0.023473291171213957,-1.2329283651198542,0.7897643256684215
-9.693222486264364,0.16229218558562025,-0.07113909018593766,0.07247348256801876,-0.5949974672314049,0.6371799843734044
2.6200410962273817,0.30783744817081976,-0.02214377527854354,0.0234753267433308,0.2685971459228669,0.5863185372750653
-0.15942139962156782,-0.05835503781655706,-0.02291456450518609,0.02424616066217177,-0.2638179481752382,0.5025467420542717
-0.32576549610867767,-0.27355435408525647,-0.06370114733510915,0.023473291171213957,-1.5022865932213705,-1.6515851350518502
0.12340185322254336,0.6968901906298285,-0.0221417398247213,0.023473291171213957,-1.3567499774661393,0.7897643256684215
-0.3226084028815888,-0.2648912504768501,-0.022141739870055032,0.023473291171213957,0.8940487616845256,0.7897643256684215
-0.30964812420389115,-0.2587798161924999,-0.024087713123148828,0.025419377295257978,0.49792154160431973,0.74907516798975
-0.3018252751617934,-0.2714962558348315,-0.027539863022271235,0.02887172736485239,0.42340772492314954,0.5200272129671178
0.9221689829100895,-0.06209639968130017,-0.057812308546444716,0.05914592819566232,2.191128416843255,-0.5027148005952519
-0.3231702496384694,-0.27078616537512606,-0.06370114733510915,0.06503510838407053,0.5247762348535202,-1.6515851350518502
-0.004766837048445537,-0.013291067527840384,-0.022141739824849432,0.023473291171213957,-1.3577229766524486,0.7897643256684215
0.31460316005480443,-0.16546228895999626,-0.02215283640246518,0.023484388392471474,1.0247612261097774,0.5863185372750653
1.0923797642690896,0.5167181234308617,-0.022141739824502044,0.023473291171213957,-1.194412972457,0.74907516798975
-0.18276682600792732,-0.21478913017238727,-0.022532220755504474,0.023863794742740262,-0.6955178371719825,0.707006716830446
-0.11849155702078915,-0.23865049778393183,-0.022141739825095794,0.023473291171213957,-0.4021397465386985,0.5863185372750653
-0.2622598184508716,-0.2637690747339713,-0.022141739826670063,0.023473291171213957,-0.5325124324676362,0.6270076949537366
-0.18388705133183117,-0.11276193602264403,-0.022517423825002814,0.023848996954253614,0.03842596460217518,0.41735508589753245
-0.08062516652095252,-0.12794390286769058,-0.06370114733510915,0.023473291171213957,0.34412076773541217,-1.6515851350518502
-0.3062295294615628,-0.2684742970915605,-0.027526925355519465,0.028858788946572716,1.1696480590091738,0.504940221917723
-0.18607478549380813,-0.06941149549898706,-0.027510721198148468,0.02884258385597535,-1.1243117743861994,0.5456293795963943
-0.12069767258900974,-0.026102961953279925,-0.02345034223312734,0.02478196945651598,0.1406799305864794,0.28306915457553494
-0.3108876552588857,-0.2571338032252483,-0.03620575024698218,0.03753811706390566,0.7236249588207385,-0.2783260633966974
-0.31646242363548965,-0.2724601163276776,-0.06370114733510915,0.06503510842411792,0.5212607863277496,-1.6515851350518502
-0.05078035234203623,-0.16255441032336643,-0.023518652888327815,0.0248502840727824,-0.890269667565494,0.74907516798975
-0.1347282346566664,-0.13273526734662108,-0.028978485576737503,0.030310433340879323,-0.9280652062618765,-0.22746461629835835
0.11705229123182144,-0.0639938545162508,-0.022160781406396286,0.02349233385698087,-0.7244906900054748,0.7692487839816965
-0.3257630683757776,-0.2735380569271649,-0.06370114733510915,0.06503504906567233,2.5448023858299442,-1.6515851350518502
-0.06778419357434548,-0.06899475388493041,-0.02267564007120096,0.024007222374832257,-1.0624952229454445,0.7025732734998403
-0.3143204695796289,-0.27203173388641266,-0.06370114733510915,0.06503510842701768,0.5212607864689326,-1.6515851350518502
-0.24859445677518738,-0.2586424544314422,-0.02214173982626815,0.023473291171213957,-0.6133156951060507,0.7897643256684215
-0.288863262389167,-0.26878161492985925,-0.06370114733510915,0.06503510843570606,0.5354862097253997,-1.6515851350518502
-0.14358287018130717,0.14039811777227598,-0.02214173982519156,0.023473291171213957,-0.3241593232608175,0.7897643256684215
-0.31981408231357233,-0.23360303510641905,-0.022141739848619175,0.023473291171213957,-0.854421249345568,0.7897643256684215
0.6291100613401657,0.1533054669808234,-0.03953704595301837,0.04086960593948637,-0.6067524114139909,-0.41022100248222065
0.3673186054286176,-0.16493612357018175,-0.022141739824608368,0.023473291171213957,1.1535586517658485,0.7897643256684215
-0.31818888854644733,-0.2714636615186483,-0.06370114733510915,0.06503510842058727,0.5212607861558507,-1.6515851350518502
1.0064366323295617,2.4664006937341707,-0.022181609213519426,0.023513162871989374,-1.349076171458476,-0.09799911459349557
-0.16811025567103025,0.24262786231544334,-0.02214173982531465,0.023473291171213957,0.2622671993329494,0.7897643256684215
-0.2747529319547927,-0.2631590953882571,-0.022141739827225903,0.023473291171213957,-1.1483615019342508,0.7897643256684215
-0.32088575297947414,-0.2575086378613551,-0.024735141401092828,0.0260668430927291,0.1297827497326749,-0.9917609564788038
-0.2926522598082536,-0.26084955527013315,-0.05695123131134362,0.058284801028097716,0.593172307557376,-1.3464164524618163
-0.3244253875478218,-0.2721341731658456,-0.06370114733510915,0.06503510833205053,0.41023799625666624,-1.6515851350518502
-0.3210983530177259,-0.27142408270614016,-0.02214173985528352,0.023473291171213957,-0.844562268715889,0.7897643256684215
-0.29448589178580153,-0.21037492849500522,-0.028268054529015152,0.02959996109606247,0.37757748026028337,-0.1867754586196873
-0.32491336186074216,-0.27234370805559477,-0.06370114733510915,0.06503510827045542,0.5286730402824283,-1.6515851350518502
-0.3035850346953811,-0.19918343721695908,-0.023548627863650643,0.024880260780183093,-0.37062640632737864,0.4845956430783875
-0.30658605937889194,-0.2703507984375362,-0.02357712921603336,0.0249087637841556,1.4731890536386252,0.707006716830446
-0.27079052504284173,-0.20381881461129853,-0.02335041089679792,0.024682032323904153,-0.3629816226754621,0.5828703035734831
2.7860862347487934,0.34319064040238423,-0.022141739824446727,0.023473291171213957,0.2236433235501292,0.7897643256684215
-0.31215562547071,-0.26053525293550944,-0.022141739834990952,0.023473291171213957,-0.3359700284172988,0.7897643256684215
-0.26131300261983215,-0.16811174123260217,-0.029718813773451234,0.031050804462891664,-0.474217945367828,0.3014944335243672
-0.30738408986505383,-0.2689213048563587,-0.025316721737508027,0.026648457172874198,2.2370762443169525,0.6270076949537366
-0.2889589844292281,-0.26899813431593333,-0.06370114733510915,0.0650351084356959,0.5354850707197739,-1.6515851350518502
-0.2532491143826529,-0.26685389394416703,-0.028029107229938278,0.029360999944618132,1.838961858769875,0.23780705628818602
0.24687357396980786,0.20554484316072755,-0.029033085872642316,0.0303650368032003,-1.260387628503449,0.6787938956356819
-0.30917887811620015,-0.267948131701746,-0.04901783717177173,0.0503509468786524,0.4032540194350438,-0.4715995623703856
-0.3233502486920627,-0.2712797364487574,-0.0221417398840779,0.023473291171213957,-0.4161263266055062,0.7897643256684215
-0.3129626732505008,-0.2553038651881057,-0.054434575937899944,0.05576799972339566,0.4006098916987627,-1.2661089044118072
-0.31817501578701823,-0.26007427617806134,-0.06370114733510915,0.06503510842062203,0.5212607861575436,-1.6515851350518502
-0.3121098453645938,-0.2627842607521503,-0.050847221786857216,0.05218043756589792,0.1597625321505675,-1.4074501889798232
-0.06881944824674581,-0.17775500249194626,-0.06370114733510915,0.023473291171213957,-0.8707701403069832,-1.6515851350518502
-0.2842568126207177,-0.2704020180772526,-0.06370114733510915,0.06503510843613955,0.5212607869130548,-1.6515851350518502
-0.32576549610867767,-0.27355435408525647,-0.06370114733510915,0.023473291171213957,-1.5022865932213705,-1.6515851350518502
-0.2993514153365902,-0.2674289508082564,-0.028550731848727536,0.029882654805531306,2.1971218048687797,0.22011611816702484
-0.21772826068329987,-0.07156039220163665,-0.02358406975708114,0.02491570473382123,0.48300612817192023,0.4235619065603806
0.09649598312869259,0.28033250164308166,-0.030262523973733087,0.03159454619126,-0.18920880941007973,0.74907516798975
-0.323622154776874,-0.27314226880208314,-0.06370114733510915,0.06503510837236004,0.2927112580527083,-1.6515851350518502
-0.23486146539728597,-0.21102448665322754,-0.028872065380870806,0.030204006973571736,0.7960410239950768,0.14487956245929293
-0.2855258232894992,-0.21863991581288822,-0.037239240082392065,0.03857166683072469,0.2739703037976137,-0.1783570122034105
-0.3257211032785044,-0.27344260214405697,-0.06370114733510915,0.06503510519259546,0.5212606289925025,-1.6515851350518502
-0.30467924859535533,-0.2557438884565789,-0.02214173983123595,0.023473291171213957,1.277407646492946,0.7897643256684215
-0.2842516103359318,-0.25873558104910843,-0.022141739827872396,0.023473291171213957,-0.47015047055761794,0.7897643256684215
0.3430211609264326,-0.1623378909372923,-0.02214173982461592,0.023473291171213957,0.9980661791699761,0.7897643256684215
-0.32223349155801606,-0.2720969225187791,-0.06370114733510915,0.06503510839880128,0.521260785095142,-1.6515851350518502
-0.13585262180839902,-0.16329709509925508,-0.02214173982515936,0.023473291171213957,-0.9537926727095919,0.7897643256684215
-0.31392509593589807,-0.26297284215292455,-0.029299599124546362,0.030631565496539052,0.7179254088057635,-0.8784911391570975
-0.3138966567790683,-0.2715940387833811,-0.06370114733510915,0.06503510842746742,0.6369190961956109,-1.6515851350518502
-0.09845825194813924,-0.14622465791558287,-0.026102529429191005,0.02743431043560328,2.2090024113985876,0.6656279124114585
-0.3195237948225173,-0.25004221128996046,-0.022141739847492816,0.023473291171213957,0.16247100505201015,0.7897643256684215
0.009381643474358936,-0.19223153520817068,-0.022141739824830475,0.023473291171213957,-0.9195670311905141,0.7897643256684215
-0.3234036588158649,-0.273102689989575,-0.06370114733510915,0.06503510837858162,0.36555757915885806,-1.6515851350518502
-0.28391554273876063,-0.270644147283185,-0.06370114733510915,0.06503510843616786,0.5212607869144334,-1.6515851350518502
0.10106046779986867,0.14500555718131558,-0.03403739621191815,0.03536963730955186,0.0024008823472329915,-0.052080315959258515
-0.3090040813473928,-0.2686232996798265,-0.06370114733510915,0.06503510843101241,0.5220563214400165,-1.6515851350518502
-0.27631153647665774,-0.24834963501387572,-0.024136456152683967,0.025468123157110664,1.6727384750012835,0.6656279124114585
-0.28728384872815826,-0.2672357130765989,-0.02214173982814598,0.023473291171213957,-0.5258204820922264,0.5863185372750653
0.5788521752992266,-0.1948996128043098,-0.022141739824559737,0.023473291171213957,-0.7446626984962241,0.7897643256684215
-0.25748446783637247,-0.04952197813090965,-0.02214173982651133,0.023473291171213957,-1.1625105425977593,0.7897643256684215
-0.2259964253030733,-0.1998725741876896,-0.024815148625399214,0.02614685498422465,-0.7275860864589527,-0.16194817596829456
-0.3051384369324601,-0.25883802032854136,-0.022141739831388115,0.023473291171213957,1.145285713112743,0.7897643256684215
0.06556458506748812,-0.1873912792549654,-0.02214173982476873,0.023473291171213957,-1.0377466377332956,0.7897643256684215
-0.32254077317937174,-0.27228783208499496,-0.06370114733510915,0.06503510839491244,0.5212607849058037,-1.6515851350518502
4.70699243550346,7.485846228322065,-0.03192752419410209,0.03325964295439323,0.4622228320435455,0.6122116376160379
-0.2885604894146258,-0.26886775705120053,-0.06370114733510915,0.06503510843573786,0.5352761278715941,-1.6515851350518502
-0.311825800615282,-0.271303018103174,-0.022141739834740368,0.023473291171213957,-0.28563080787945033,0.6676968526324077
-0.32385521713528376,-0.2732214264270995,-0.023288622603222654,0.024620240374795477,1.6961526698392464,0.7083860103110791
-0.30147984345200757,-0.26640688617936886,-0.06370114733510915,0.06503510843367681,0.5220121325014839,-1.6515851350518502
-0.08871298526814704,-0.034007083627706124,-0.029190066492071412,0.030522026524550414,0.0847076878754179,-0.17392625093168582
-0.32224528340353087,-0.27033682944488624,-0.06370114733510915,0.06503510839866457,0.521260785088486,-1.6515851350518502
-0.2598518542329569,-0.263519961031714,-0.022141739826587143,0.023473291171213957,-0.5209429875871258,0.7083860103110791
-0.3117415236017499,-0.2631381418992822,-0.02214173983467823,0.023473291171213957,-0.40443857615440815,0.7897643256684215
-0.32085384563278707,-0.2669935838706665,-0.06370114733510915,0.06503510841026475,0.5212607856532717,-1.6515851350518502
0.06618157604309956,-0.01682289450283435,-0.029083336186629713,0.030415290030758043,-0.8377633168826885,0.08632465054563127
0.05955421204480883,-0.15067843840547307,-0.06370114733510915,0.023473291171213957,-1.0883249891634448,-1.6515851350518502
-0.28140873510991327,-0.26323825301327347,-0.022141739827649876,0.023473291171213957,-1.0900965611050817,0.7897643256684215
-0.32576410883273477,-0.27354504142348984,-0.06370114733510915,0.06503500453532877,0.5212557282263254,-1.6515851350518502
-0.32537324383581845,-0.27268129204463504,0.01636777235113768,-0.015038454286048542,0.530206601915538,0.12394174547198375
-0.32357186602394333,-0.2731282998094332,-0.06370114733510915,0.06503510837390179,0.520300998565641,-1.6515851350518502
-0.31350613860113774,-0.26636497920141905,-0.022371005550265798,0.023702570178938433,0.5504564740637784,0.7483855212494339
-0.17883840735657774,-0.08340842613423013,-0.022141739825381406,0.023473291171213957,-0.3308375985331225,0.7897643256684215
-0.30497196381931035,-0.21344577871255105,-0.022141739831332174,0.023473291171213957,-0.47949316811104925,0.7897643256684215
2.1240191955621777,3.0602225712832545,-0.026866336146994057,0.028198161442127733,0.38188187932235296,0.6656279124114585
-0.23801231588263166,-0.26218825039908605,-0.026265438007325323,0.02759722845872998,0.8170317357412278,0.5456293795963943
0.3795907952386294,0.7975833459815023,-0.031074367808497042,0.032406437099664676,-1.1716617948762205,0.4727059541463081
-0.32338076876280675,-0.27313062797487486,-0.06370114733510915,0.06503510837916741,0.6130796878239891,-1.6515851350518502
-0.3234040056348506,-0.25794400479894497,-0.022294329867260716,0.023625890000731353,-0.8704666895340388,0.51850327447728
-0.17494848561264403,-0.18271166671723443,-0.0225565139092923,0.023888089305181135,1.5016476173619517,0.7483855212494339
-0.29988239520374094,-0.2695568940219311,-0.022141739829969132,0.023473291171213957,-0.5548553651215371,0.7083860103110791
-0.11397562700761506,-0.2385527148353822,-0.022141739825080966,0.023473291171213957,-0.42032908102671573,0.5863185372750653
-0.27361675295754534,-0.23991934794963501,-0.06370114733510915,0.023473291171213957,0.33203139066950965,-1.6515851350518502
-0.2995633217368705,-0.2632731754948983,-0.050061080247099446,0.051394250447998516,1.1311373433121283,-1.0412477698717824
-0.3071128774182139,-0.27074425839717625,-0.022141739832127787,0.023473291171213957,1.548498348841422,0.7897643256684215
2.1611399252426975,0.5163875239381462,-0.022141739824458363,0.023473291171213957,1.9075232989689577,0.7897643256684215
-0.31168950075389057,-0.2503774671135591,-0.022141739834640243,0.023473291171213957,0.6568752564270729,0.7897643256684215
-0.29994204806928626,-0.2681530102606118,-0.024325258084032034,0.02565693603317825,1.8178225854962449,0.661272248788407
0.04383880334448189,-0.037387579848992346,-0.022141739824790382,0.023473291171213957,-0.24425942770267806,0.7897643256684215
-0.31046280200136794,-0.25819777483208567,-0.022141739833819396,0.023473291171213957,0.0010536853479767578,0.7897643256684215
-0.2869616538904162,-0.2570197231186071,-0.06370114733510915,0.06503510843589749,0.5346986534913499,-1.6515851350518502
0.29905179673472715,-0.20081548119156076,-0.02214173982463109,0.023473291171213957,-1.2787801293396157,0.7897643256684215
-0.16137919279600663,0.3446410874725367,-0.02214173982527721,0.023473291171213957,-1.3972205865751015,0.7897643256684215
-0.300795222774179,-0.20239863369188765,-0.02214173983017271,0.023473291171213957,-1.0432096340657468,0.7897643256684215
-0.21798976219853933,-0.21064033935535414,-0.02218105847164132,0.023512612096948105,-0.6089707305469719,0.7083860103110791
-0.3254987923086523,-0.27345657113670685,-0.024141347722312263,0.02547301447281799,1.1185887833371881,0.6656279124114585
-0.3001119893722934,-0.2569778161406573,-0.022141739830018974,0.023473291171213957,1.0064656907157998,-0.10539714326234492
-0.25081721965472287,-0.1850398321588916,-0.022141739826323545,0.023473291171213957,-0.4865519932598502,0.7897643256684215
-0.2785505998485226,-0.2659971290616372,-0.022141739827453173,0.023473291171213957,-0.6776884717593804,0.6270076949537366
-0.16803707686504146,-0.26711930480451596,-0.06370114733510915,0.06503510843869831,0.5212607870376346,-1.6515851350518502
-0.3231868969497844,-0.27311433081678327,-0.06370114733510915,0.06503510838371195,0.49486077149895297,-1.6515851350518502
-0.32576549610867767,-0.27355435408525647,-0.06370114733510915,0.023473291171213957,-1.5022865932213705,-1.6515851350518502
0.9026198371415172,0.3932555100597805,-0.02214173982451774,0.023473291171213957,-1.3159062143967164,0.7897643256684215
-0.2706531847244932,-0.22567330361213464,-0.02214173982701572,0.023473291171213957,-0.10135938072923734,0.7897643256684215
-0.07314670873168344,-0.23282309968346387,-0.03952126431877867,0.04085382338975347,0.14880969905723,-0.396813345184448
-0.3168682018487923,-0.24201702501256814,-0.022141739840600378,0.023473291171213957,-1.0212858946838819,0.7897643256684215
-0.3257328951240192,-0.2733727571808072,-0.06370114733510915,0.06503510401814272,0.5212605718111541,-1.6515851350518502
-0.14525072268367675,-0.10883199275712668,-0.022141739825198875,0.023473291171213957,1.4827011236843204,0.7897643256684215
1.0777963727381812,0.15489327581203363,-0.022141739824503095,0.023473291171213957,0.23472810448182269,0.7897643256684215
-0.32576549610867767,-0.27355435408525647,-0.06370114733510915,0.023473291171213957,-1.5022865932213705,-1.6515851350518502
-0.31470023636900185,-0.2667374856720842,-0.022141739837426393,0.023473291171213957,0.06099175857577297,0.7897643256684215
-0.31452717369512323,-0.27215745482026216,-0.06370114733510915,0.06503510842678605,0.5212607864576543,-1.6515851350518502
-0.30164839747907174,-0.24833100969034244,-0.0376029534423218,0.03893540127761392,0.4462412989474729,-0.3088429316557007
-0.30397902106316893,-0.2699689793051044,-0.06370114733510915,0.06503510843299595,0.5212607867600002,-1.6515851350518502
2.6429529988815803,4.854867948495728,-0.03664885870766742,0.037981251227186666,0.5556347457799836,-0.8806326737717645
-0.31319885697978206,-0.26944281391528985,-0.06370114733510915,0.0650351084281418,0.5212607865236625,-1.6515851350518502
3.320883191656443,4.870822866267405,-0.05381143538712584,0.05514482305200391,0.527920586801271,-0.8097404934241703
-0.1786365587068836,-0.15872923450272367,-0.03422228401348524,0.035554535830908944,0.10920933097344024,0.4968023903819888
0.9601494768562311,4.651351366413264,-0.04876367756653061,0.050096772544939674,0.4637794040094262,-0.3979191957630622
-0.26026734337785995,-0.2635618680096638,-0.022141739826601017,0.023473291171213957,-0.534090307865793,0.7083860103110791
0.21443386013966906,0.40777394975395487,-0.028067248552299348,0.029399143480265448,0.40048450599216984,0.4227640799392302
1.2272111940749135,0.5825050943157689,-0.03417519042128461,0.035507439508946415,-1.016465087126404,0.22011611816702484
-0.31238556645824817,-0.2713286279230322,-0.022141739835172956,0.023473291171213957,-0.3029181703481458,0.6676968526324077
-0.3115760909455572,-0.27131931526126557,-0.022141739834558406,0.023473291171213957,1.8879824825340368,0.7897643256684215
-0.3233481677781483,-0.27016920153308693,-0.06370114733510915,0.0650351083799826,0.5212607841789051,-1.6515851350518502
-0.31613121150411866,-0.26886775705120053,-0.030952112809679005,0.03228417499732319,1.9356824526918832,0.251839868221582
10.84734176900734,1.5806291979667164,-0.03377280442358236,0.035105030179597034,-1.3583567795122158,0.21046106380259416
0.3663690150456922,0.4216288622972567,-0.02214173982460865,0.023473291171213957,-1.3394001878050878,0.7897643256684215
0.343965549024572,-0.16060573584869936,-0.02214173982461562,0.023473291171213957,0.9118618876047354,0.7897643256684215
-0.137411226330264,0.3649147521384875,-0.02223203795358562,0.023563594535430644,-1.059684623740996,0.707006716830446
1.0523204373224897,-0.19032476771145346,-0.022141739824504996,0.023473291171213957,-1.0997752889286392,0.7897643256684215
-0.27069549664075204,-0.25066848779376627,-0.06370114733510915,0.06503510843699471,0.5212607869546904,-1.6515851350518502
-0.32546723178095094,-0.2715521318054313,-0.06370114733510915,0.06503510795633524,0.5212607635525085,-1.6515851350518502
-0.20089019892616897,-0.047461551715043036,-0.02214173982555464,0.023473291171213957,-0.7433333871687061,0.7897643256684215
-0.2914744625327188,-0.17306607729244866,-0.02214173982860372,0.023473291171213957,-0.5831937595308926,0.7897643256684215
-0.31178730370786606,-0.27063483462141835,-0.02214173983471189,0.023473291171213957,-0.2866720348710286,0.7897643256684215
-0.28327011260631946,-0.2681995735694449,-0.03242873531693694,0.033760883135813144,1.8634056835248334,0.3191427428789716
-0.29195168545708156,-0.19203131298018816,-0.022414974699598893,0.023746541885249366,-0.4080845369667323,0.7453761536553256
-0.32211418582692536,-0.2674918112751811,-0.02214173986387553,0.023473291171213957,-0.6754153145552476,0.7897643256684215
-0.2875748298571847,-0.22367108133230945,-0.035185454085257147,0.03651776174780673,1.7920397944759432,-1.1208569914170086
-0.2578971824293897,-0.1551112654063884,-0.025020919375571046,0.026352637665014708,1.7105633057411043,0.5001126947355078
-0.2474839423828839,-0.25970875420372114,-0.022141739826241656,0.023473291171213957,-0.5324383541233386,0.7897643256684215
-0.273251552565573,-0.2666676407088345,-0.06370114733510915,0.0650351084368673,0.5212607869484875,-1.6515851350518502
4.651751107456584,7.3815467447012635,-0.062328624715520614,0.06366250623640256,0.5322684029652593,-0.6413715650986344
0.1329861958931574,1.584181978430685,-0.024221028233881916,0.02555270014468989,0.10446455846868509,0.46425106423905194
1.2374357645931826,-0.023218364971066684,-0.05877328340106052,0.060106958770935665,2.319182105157154,-1.2964797589470833
-0.31939963362562646,-0.27258118093064376,-0.02214173984704242,0.023473291171213957,2.3973003257162224,0.7897643256684215
0.9571148107311045,1.2181105570462747,-0.04756199134627292,0.04889501664677283,-1.3333935546024145,-0.5150948688544824
-0.08470167687920827,0.08895963050430192,-0.022509876708913423,0.023841449400974435,-0.7117339100872029,0.5300462979322222
1.316893381499583,1.5070079503706326,-0.02679066284252642,0.028122483749832165,-0.9092517313777454,-0.349532089334372
-0.2937405777854704,-0.26642085517201886,-0.022679128500669443,0.024010711002629647,0.22653495363158285,0.7483855212494339
-0.2881179483888359,-0.2549942191843653,-0.02474477813869389,0.02607648041481197,0.8927661229898398,0.717959929764884
-0.2746419498793595,-0.20639376558977138,-0.023378595069759887,0.02471021813088408,1.753108827805979,0.6676968526324077
1.0476754906466246,0.10290068516894517,-0.022141739824505353,0.023473291171213957,-1.401792638083135,0.7897643256684215
-0.30448294904943285,-0.221894691100325,-0.0221417398311729,0.023473291171213957,-0.022803553216449425,0.7897643256684215
0.14458208868099834,1.0018775353214793,-0.022141739824706845,0.023473291171213957,-1.262942151071288,0.7897643256684215
-0.3065753079903344,-0.2683718578121276,-0.06370114733510915,0.06503510843210084,0.5212607867164188,-1.6515851350518502
-0.32568330000905993,-0.27348916545289004,-0.022141741577961827,0.023473291171213957,0.27365364873527703,0.7897643256684215
0.5317551974942193,0.12945574019648712,-0.02214173982456849,0.023473291171213957,2.3996269081736803,0.7897643256684215
-0.23022414873910682,-0.19327920965691642,-0.02404471742609289,0.025376379112598033,0.23248480713730849,0.6676968526324077
-0.2237396741629363,-0.1587804541424401,-0.02261938707368153,0.02395096611471607,-1.20204525452452,0.5456293795963943
-0.3121098453645938,-0.2699084470036213,-0.022215625102518066,0.023547180722899054,-0.40545751363918453,0.7694197468290859
-0.32576549610867767,-0.27355435408525647,-0.06370114733510915,0.023473291171213957,-1.5022865932213705,-1.6515851350518502
0.01153504255674873,-0.06429185969278288,-0.022828830748588148,0.024160421934874318,-0.18364083127244094,0.6706741080723105
-0.3251613374355382,-0.27296300006307556,-0.05764139449519957,0.058975003995760125,0.5212607754658984,-1.5295176620158366
-0.32576549610867767,-0.27355435408525647,-0.06370114733510915,0.023473291171213957,-1.5022865932213705,-1.6515851350518502
-0.07386219629924184,-0.19422211666078756,-0.02325584607717357,0.024587462023135397,-0.7365021009877226,0.7483855212494339
0.9007348759540814,2.424938395383698,-0.023323747988355212,0.024655367871958586,0.5459512570816919,0.6656279124114585
-0.2787593848779313,-0.2025639334382453,-0.0435514196223434,0.04488421237311747,0.1936800655843702,-1.1284388220403634
-0.014992101204686295,0.8990820465759892,-0.022029037038636047,0.0233605818500898,-1.2550802599692163,0.12394174547198375
-0.32576549610867767,-0.27355435408525647,-0.06370114733510915,0.023473291171213957,-1.5022865932213705,-1.6515851350518502
3.1013030744979413,1.7094070130411008,-0.024908282311331655,0.02623999407177193,0.4182642609021962,0.6461555338613466
-0.3073983094434687,-0.2708350568494009,-0.06370114733510915,0.06503510843176426,0.5404802646376907,-1.6515851350518502
-0.32129638665857696,-0.27240889668796114,-0.06370114733510915,0.0650351084073587,0.5212607855117831,-1.6515851350518502
0.41064774177266766,2.1204096992840533,-0.022677209609252267,0.024008792004253796,-0.9035276170746952,0.4410001169940968
0.8820767081598458,0.21212656686429246,-0.022141739824519738,0.023473291171213957,-0.17505988860219784,0.7897643256684215
-0.162792826981837,-0.1666077463572916,-0.0221481960746027,0.023479747794887422,-1.1383635422648843,0.45873389031652023
-0.32352782001275576,-0.2731376124711999,-0.06370114733510915,0.06503510837519523,0.6065684229088498,-1.6515851350518502
-0.2882903174247431,-0.26887939787840887,-0.06370114733510915,0.06503510843576579,0.5351938134446051,-1.6515851350518502
-0.18216578870565936,0.23445600161522662,-0.022444666761083792,0.023776235671641433,-1.0960307979245785,0.707006716830446
-0.30504271489239904,-0.1985501762168283,-0.03383034492751447,0.03516257401298295,0.09017620908664954,-1.4888285043371654
-6.334857369454668,-0.26374812124499636,-0.06383593118498708,0.06516990010474627,-0.703591154973942,-0.41022100248222065
-0.3080361095582239,-0.2710026847612002,-0.06370114733510915,0.06503510843148193,0.541052916771455,-1.6515851350518502
-0.11536116885560144,-0.12806962380154008,-0.023862429686998244,0.025194080804655617,1.7922248833278263,0.3759762814785449
0.27801861252622134,0.3903522877540341,-0.028242205940535087,0.029574111013161673,-0.9732342383666672,0.251839868221582
-0.2885421080083822,-0.268749020613676,-0.06370114733510915,0.06503510843573977,0.5351749375954097,-1.6515851350518502
-0.18650449421712606,-0.06669918275945642,-0.022371925068927958,0.023703489761640308,-0.8257953190943482,0.5863185372750653
-0.322667015290177,1.341950333218904,6.050444077445303,-6.049464635600962,0.5212607848171169,-0.5072025753392229
-0.009028201926094725,0.4647325172840979,-0.022141739824855473,0.023473291171213957,-0.7093296363440977,0.7897643256684215
0.30247247239096986,0.3079678254355525,-0.02798978947868259,0.02932167991534202,-0.8440778535816698,-0.11073342623659672
-0.2732505121086158,-0.2527242578787496,-0.022141739827145072,0.023473291171213957,-1.0723968691754842,0.7897643256684215
-0.3185124706601323,-0.2705603333272853,-0.02214173984427293,0.023473291171213957,0.36673464616332724,0.7897643256684215
0.2950127428269301,1.091528201983373,-0.02214173982463259,0.023473291171213957,-0.5432541051320084,0.7897643256684215
-0.16370877592314664,-0.03134599052789195,-0.02339492762798326,0.024726551638055535,2.2715552608182166,-0.41022100248222065
-0.31196660912348784,-0.26304734344705755,-0.02214173983484588,0.023473291171213957,-0.22489910507376393,0.7897643256684215
-0.2785991545065246,-0.16368124239712853,-0.022967445681891907,0.024299044902920938,1.6770145370419176,-1.077149967823551
-0.3158062421144908,-0.25770886008933763,-0.06370114733510915,0.06503510842513878,0.5212607863774529,-1.6515851350518502
-0.3241697819553397,-0.268837490900459,-0.06370114733510915,0.06503510834928003,0.545450112324321,-1.6515851350518502
-0.2805763695441642,-0.2538208238017701,-0.0273446398035114,0.028676492829208675,0.005341311512974572,0.45873389031652023
-0.15634719613206816,-0.19772833381592334,-0.02284600678431417,0.02417759896610263,-0.9152618328221446,0.51850327447728
-0.31242024835682103,-0.2713286279230322,-0.022141739835200947,0.023473291171213957,-0.2599392531172514,0.7083860103110791
0.5934900174108944,0.17783967440500698,-0.0221417398245572,0.023473291171213957,-1.4250851092221921,0.7897643256684215
-0.32537775248263295,-0.2716894935664891,-0.022141740196130345,0.023473291171213957,0.1447868411305525,0.7897643256684215
-0.32576410883273477,-0.27354504142348984,-0.06370114733510915,0.06503500453532877,0.5212557282263254,-1.6515851350518502
-0.259059026031581,-0.04158759030574194,-0.02392003597082464,0.025251690427217102,-0.6097870800883366,-0.8378019814784264
-0.3095981822699462,-0.27113539019137467,-0.022141739833315674,0.023473291171213957,1.820661577556976,0.7897643256684215
2.614420200925676,0.4567538943155389,-0.029289135511044142,0.030621101288445366,-1.2831425974507698,0.35893795024719694
-0.3079820057964502,-0.22692818478518786,-0.022141739832505447,0.023473291171213957,-0.49651140552425627,0.7897643256684215
0.5615840579997922,0.19492142425044579,-0.025006802987561666,0.02633852046044993,-0.8744228197220294,0.6242491079924707
-0.323205278356028,-0.2707675400515928,-0.03011920945031393,0.03145122330201062,-0.21721613724574027,0.2084906445445471
-0.31939893998765495,-0.2704229715662276,-0.02214173984703995,0.023473291171213957,-0.4014997474021801,0.7897643256684215
-0.29999199000323123,-0.25440053699674275,-0.024012399707063273,0.02534405951559166,0.6275110475531878,0.7083860103110791
0.05271528846522355,-0.05202475598069113,-0.02556461797932491,0.026896367796030593,-1.034736730449453,0.3828727488817096
0.6695130859016225,0.2662750387063555,-0.025555342189204352,0.026887091468303786,-0.02513123985492485,0.707006716830446
-0.1665069115000062,-0.20690363382149432,-0.022141739825305446,0.023473291171213957,-0.09170223435864833,0.7897643256684215
-0.3101739017862559,-0.26394135897665394,-0.025726742553875276,0.027058501762258446,1.0141392413298171,0.4235619065603806
-0.32480896934603776,-0.2712727519524324,-0.045272157051821665,0.04660504942925373,0.6489247546893429,0.008532498237934609
-0.2885421080083822,-0.268749020613676,-0.06370114733510915,0.06503510843573977,0.5351749375954097,-1.6515851350518502
-0.28955343217076723,-0.265142692344549,-0.06370114733510915,0.06503510843563162,0.4492819437503005,-1.6515851350518502
-0.3225678250602586,-0.2707908217060094,-0.022141739869475683,0.023473291171213957,-0.3197623770337335,0.7897643256684215
-0.3229385745560026,-0.2595155164720636,-0.022162134628158588,0.02349368710654332,-0.9938551087682663,-0.024018827905002555
-0.32345984349155293,-0.2731236434785499,-0.06370114733510915,0.0650351083770944,0.44820853215165535,-1.6515851350518502
-0.3123113471953022,-0.271296033606849,-0.022141739835113528,0.023473291171213957,-0.3397887996550362,0.6270076949537366
-0.30436121558544205,-0.1979634785255307,-0.02214173983113438,0.023473291171213957,0.183281552960926,0.7897643256684215
0.8049701771577011,0.5409473411821879,-0.022141739824527877,0.023473291171213957,1.1292172027717629,0.7897643256684215
-0.18353780461320232,-0.18038117311013557,-0.036522426607521974,0.03785481179510737,1.6806709529194601,0.07419638028489345
-0.3054849090992032,-0.20885929279248636,-0.024630642032027587,0.025962337686862087,-0.837875386996884,0.46425106423905194
-0.2946228852851644,-0.2668189714625422,-0.025144088250343255,0.026475813679038153,0.42158764178093056,0.6242491079924707
-0.2583359084463365,-0.16930376193873062,-0.03171338078166572,0.03304548712307466,-0.4138842759185096,0.7483855212494339
-0.30449786226581915,-0.2440262317887183,-0.022303038206735133,0.02363459889940719,-0.2958534662550026,0.7271656215473887
-0.31013228350796845,-0.2431671387407468,-0.025691383077935018,0.027023140236078512,-0.1445759055755738,0.5828703035734831
-0.28847066329732207,-0.2688584443894339,-0.06370114733510915,0.0650351084357472,0.5352235536100188,-1.6515851350518502
-0.29711096468878245,-0.19717190227536724,-0.022141739829430535,0.023473291171213957,-0.301300532431105,0.7897643256684215
-0.3086395745933919,-0.2553248186770807,-0.02214173983281665,0.023473291171213957,-0.03605481410843221,0.7897643256684215
-0.3096224595989472,-0.2712192041472743,-0.02214173983332908,0.023473291171213957,1.8394836984417515,0.7897643256684215
0.06549556808932808,-0.20070838558124454,-0.022141739824768795,0.023473291171213957,-1.2241878849610326,0.7897643256684215
0.0443094367081158,-0.15013597585756697,-0.02599464748930421,0.027326422240594412,-0.9908997567817783,0.6242491079924707
-0.3036280402496115,-0.26742662264281475,-0.022141739830911358,0.023473291171213957,0.4518965118565941,0.7897643256684215
0.21567581892756374,-0.19772134931959837,-0.024632539973223753,0.02596423574494871,-1.0319111534705472,0.6242491079924707
-0.3096637310582489,-0.252035120908019,-0.0383870308782588,0.039719524174087896,0.13435165852933512,-0.43091040469171443
-0.24004086013015913,-0.17185543126278693,-0.02227356022582884,0.023605119214362126,0.0850389408201234,0.7483855212494339
-0.16242277112406442,-0.1910604679910171,-0.02214173982528282,0.023473291171213957,-0.9801223968584646,0.7897643256684215
-0.2496699424499322,-0.18944472117450703,-0.02214173982629455,0.023473291171213957,-0.3146456910777744,0.7897643256684215
-0.2809894309561672,-0.016834535330042647,-0.02415492703610743,0.0254865951112351,-1.0907277294446485,-1.411452401210512
-0.32351845590014106,-0.273102689989575,-0.06370114733510915,0.06503510837546367,0.3747808148436639,-1.6515851350518502
-0.28989331477678143,-0.269088932768158,-0.06370114733510915,0.0650351084355939,0.5212607868864886,-1.6515851350518502
-0.31645305952287495,-0.2701063410661622,-0.022141739839878195,0.023473291171213957,-0.31352504374389184,0.7897643256684215
-0.16242277112406442,-0.1910604679910171,-0.02214173982528282,0.023473291171213957,-0.9801223968584646,0.7897643256684215
0.5771215485604401,0.1859929097816905,-0.02426683720661216,0.02559851177373681,-0.8049941436775728,0.5846089088011717
-0.269978274978265,-0.2664255115029021,-0.06370114733510915,0.06503510843702835,0.5212607869563287,-1.6515851350518502
0.3560844448428918,0.23470511531748392,-0.022209490158191385,0.0235410454331914,-1.308906124391721,0.6270076949537366
-0.32513601964958,-0.27188040313270495,-0.022141740053377858,0.023473291171213957,0.43318350752362916,0.7897643256684215
0.15516076138369672,0.09368813451630766,-0.025583130347078216,0.026914881237275923,-0.7334227014407125,-1.315899584202813
-0.32539994889771956,-0.2720876098570124,-0.06370114733510915,0.06503510804528755,0.5212607678833874,-1.6515851350518502
-0.008227050069061277,0.31890554668045806,-0.022141739824854324,0.023473291171213957,-1.187681902182158,0.7897643256684215
-0.161830057477454,0.5728432077328915,-0.029745881453606914,0.031077873713881897,-1.4203400371722845,-0.7360790872817483
-0.2656680086236281,-0.2503797952790008,-0.04223287201000973,0.04356558830751661,-0.24814078210115514,-0.43091040469171443
0.5228235681547466,0.26775575192724943,-0.022141739824570256,0.023473291171213957,-1.3082780294064529,0.7897643256684215
-0.27657165071595435,-0.25846784202331785,-0.022141739827330364,0.023473291171213957,-1.2276069737997792,0.7897643256684215
-0.2800277019087413,-0.23659239953350686,-0.023077376407496384,0.024408982002592332,0.23184063584670028,0.74907516798975
-0.3136143461246851,-0.26285177754995837,-0.029236351557080993,0.030568314262073057,0.44964305757260625,0.2811498546850314
-0.13684174955569742,-0.029597538281207376,-0.02561597821202059,0.026947731006387466,0.40026763678117283,-0.27555180264587903
-0.16827950333606587,-0.20093421762908525,-0.022141739825315636,0.023473291171213957,-1.1893741998980163,0.7897643256684215
-0.3255199482667817,-0.2731352843057582,-0.06370114733510915,0.06503510785258086,0.5212607585009517,-1.6515851350518502
0.8068062368681492,0.11632488710554062,-0.02214173982452767,0.023473291171213957,-1.2439297801063383,0.7897643256684215
-0.3080884792250689,-0.27098638760310856,-0.02314140303171713,0.02447301233429463,1.503754596854938,0.7083860103110791
-0.32576410883273477,-0.27354504142348984,-0.06370114733510915,0.06503500453532877,0.5212557282263254,-1.6515851350518502
-0.3156335262595979,-0.2696150981579725,-0.02214173983862626,0.023473291171213957,-0.03259301135710291,0.7897643256684215
0.7534165753860793,1.6051866870453164,-0.02336966680356163,0.024701289349680137,-1.1522992799248069,0.5001126947355078
-0.2840521894191378,-0.27059758397435185,-0.06370114733510915,0.06503510843615659,0.5212607869138842,-1.6515851350518502
-0.325763762013749,-0.2735520259198148,-0.06370114733510915,0.06503502531614389,2.5448000732122957,-1.6515851350518502
-0.2842512635169461,-0.2706581162758349,-0.06370114733510915,0.06503510843614001,0.5212607869130774,-1.6515851350518502
-0.31704750726441405,-0.2669540050581583,-0.03987851525556203,0.04121109502521396,0.5784968202837026,-1.023809559438066
0.14864819446968217,-0.001873744201953521,-0.028844686796827963,0.03017662680330606,0.6755616373110629,0.5863185372750653
-0.13777607990325066,0.4528495608698797,-0.022141739825167126,0.023473291171213957,-0.8516397233152028,0.7897643256684215
-0.2155609888414809,0.09802085040323173,-0.0221417398257083,0.023473291171213957,-0.9851503179434716,0.7897643256684215
-0.22098731869219293,-0.2014045070483,-0.02217846912419845,0.023510022599327687,-0.9805656667391952,0.74907516798975
0.5134927501627005,-0.19808919945938017,-0.022141739824572144,0.023473291171213957,-1.1912127003369513,0.7897643256684215
-0.20596728205825215,-0.21546662631590952,-0.022531201356806935,0.02386277528473926,-0.7813268080555392,0.74907516798975
-0.3245023813626536,-0.2703973617463693,-0.06370114733510915,0.06503510832549406,0.5212607815259855,-1.6515851350518502
0.8408870981387564,2.3205900202886225,-0.029342317541811675,0.03067428640281582,0.35482881454602333,-0.22044924428479457
0.25184869232008683,0.1975382822068685,-0.022141739824649943,0.023473291171213957,-1.3762005703902693,0.7897643256684215
-0.2841475646402132,-0.2640507827524118,-0.02214173982786372,0.023473291171213957,-1.2240127837147445,0.7897643256684215
-0.3200585896985111,-0.27135190957744876,-0.02383391870199671,0.025165568141916114,2.1667841817433517,0.6656279124114585
0.06188865063774903,0.2581637103076218,-0.024565532307101637,0.025897224193385533,-0.7442008479282105,0.05735948745233981
-0.3123741214317191,-0.2634058809250728,-0.0538860578035645,0.05521944978458304,1.1217426543067535,-1.5253084388076983
0.3658532952139136,-0.16584410809242803,-0.02214173982460881,0.023473291171213957,0.9690478834870929,0.7897643256684215
-0.28169277985922503,-0.2646141987892928,-0.02214173982767082,0.023473291171213957,-1.1106250701918037,0.7897643256684215
-0.3248044606992233,-0.273007235206467,-0.03018065817912606,0.03151267550014488,0.5424382874724402,-1.1550394820239984
-0.3059770452399523,-0.26346874139199755,-0.022141739831684246,0.023473291171213957,-0.5654334886289681,0.7897643256684215
-0.11808300425560067,0.3426458496890364,-0.022359176460965375,0.023690740414810486,1.9351294513941528,0.6242491079924707
-0.16403270485581728,0.007629827130891164,-0.025282766642416573,0.026614500115899897,-1.193945690717312,-1.3260718736224808
-0.2677478820810434,-0.2553620693241472,-0.028035605886155553,0.02936749897715315,0.2910298799042608,0.4235619065603806
-0.25010381300107887,-0.2601068704942445,-0.02214173982630541,0.023473291171213957,-0.602928079544494,0.7897643256684215
-0.32574121877967666,-0.2733913825043405,-0.06370114733510915,0.06503510250221056,0.521260498003973,-1.6515851350518502
-0.18285318393537375,0.005706762476082296,-0.028111316958906132,0.02944321444136855,-0.6985562378135575,0.7469336333750832
-0.3081463979956856,-0.21488691312093686,-0.02214173983258107,0.023473291171213957,-0.06936872690293987,0.7897643256684215
-0.325763762013749,-0.2735473695889315,-0.06370114733510915,0.06503502531614389,2.5448000732122957,-1.6515851350518502
-0.32526885132111416,-0.2723297390629448,-0.06370114733510915,0.06503510814937602,0.5212607729512115,-1.6515851350518502
5.669211538156124,3.015805830987319,-0.02380325702822696,0.02513490471551066,-1.3440955900936786,0.504940221917723
-0.31843582366428624,-0.2707139922464347,-0.022141739844065124,0.023473291171213957,-0.22768345544082005,0.7897643256684215
-0.11318453290116778,-0.2384712290449242,-0.022141739825078433,0.023473291171213957,-0.40877307102646954,0.6270076949537366
-0.24348546629641712,-0.2614525501195224,-0.02214173982615218,0.023473291171213957,-0.5419711665936773,0.74907516798975
-0.2533850674250586,-0.25908946219624035,-0.02214173982639177,0.023473291171213957,-0.5200955682946248,0.7897643256684215
-0.32576549610867767,-0.27355435408525647,-0.06370114733510915,0.023473291171213957,-1.5022865932213705,-1.6515851350518502
-0.019815312839216084,-0.20154419697479947,-0.022141739824871515,0.023473291171213957,-1.2239780344042386,0.7897643256684215
-0.31244938115162224,-0.26438603857601045,-0.028594028625609058,0.02992595408754148,0.4315068814174643,0.45873389031652023
0.555865012925125,-0.19966303929794046,-0.02214173982456389,0.023473291171213957,-1.2418986947734603,0.7897643256684215
